Symbol,CompanyName,MarketCap,Sector,Industry
AAALF,AAREAL BANK AG,1914825430,Financials,Financial Services
AAALY,AAREAL BANK AG,2074045050,Financials,Financial Services
AABVF,ABERDEEN INTERNATIONAL INC,3143830,Financials,Capital Markets
AAGIY,AIA GROUP LTD,101656341600,Financials,Insurance
AAIC,Arlington Asset Investment Corp,133224000,Financials,Mortgage Real Estate Investment Trusts (REITs)
AAIC-B,Arlington Asset Investment Corp,--,Financials,Mortgage Real Estate Investment Trusts (REITs)
AAIC-C,Arlington Asset Investment Corp,--,Financials,Mortgage Real Estate Investment Trusts (REITs)
AAM-A,Apollo Asset Management Inc,--,Financials,Financial Services
AAM-B,Apollo Asset Management Inc,--,Financials,Financial Services
AAME,Atlantic American Corporation,40395960,Financials,Insurance
AAMTF,ARMADA MERCANTILE LTD,6503570,Financials,Capital Markets
AAVMY,ABN AMRO BANK NV,12455624250,Financials,Banks
AB,Alliancebernstein Holding LP,3684695100,Financials,Capital Markets
ABBB,Auburn Bancorp Inc,4602450,Financials,Banks
ABCB,Ameris Bancorp,2810500350,Financials,Banks
ABL,Abacus Life Inc,579250400,Financials,Insurance
ABR,Arbor Realty Trust Inc,2985897020,Financials,Mortgage Real Estate Investment Trusts (REITs)
ABR-D,Arbor Realty Trust Inc,--,Financials,Mortgage Real Estate Investment Trusts (REITs)
ABR-E,Arbor Realty Trust Inc,--,Financials,Mortgage Real Estate Investment Trusts (REITs)
ABR-F,Arbor Realty Trust Inc,--,Financials,Mortgage Real Estate Investment Trusts (REITs)
AC,Associated Capital Group Inc,788395150,Financials,Capital Markets
ACBCQ,ALBINA COMMUNITY BANCORP,120,Financials,Banks
ACCFF,ACCORD FINANCIAL CORP,41511150,Financials,Financial Services
ACGBY,AGRICULTURAL BANK OF CHINA,10672520040,Financials,Banks
ACGL,Arch Capital Group Ltd.,28404176640,Financials,Insurance
ACGX,Alliance Creative Group Inc,936030,Financials,Financial Services
ACIC,American Coastal Insurance Corp,332924020,Financials,Insurance
ACMT,ACMAT CORP  -CL A,11256000,Financials,Insurance
ACMTA,ACMAT Corporation,14572500,Financials,Insurance
ACNB,ACNB Corporation,284581720,Financials,Banks
ACR,Acres Commercial Realty Corp,69634400,Financials,Mortgage Real Estate Investment Trusts (REITs)
ACR-C,Acres Commercial Realty Corp,--,Financials,Mortgage Real Estate Investment Trusts (REITs)
ACR-D,Acres Commercial Realty Corp,--,Financials,Mortgage Real Estate Investment Trusts (REITs)
ACRE,Ares Commercial Real Estate Corp,560036920,Financials,Mortgage Real Estate Investment Trusts (REITs)
ACT,Enact Holdings Inc,4474232210,Financials,Financial Services
ACTG,Acacia Research Corp,369578200,Financials,Financial Services
ADKT,ADIRONDACK TRUST CO,108000000,Financials,Banks
ADLRF,ALARIS EQUITY PARTNERS INCOM,484553700,Financials,Capital Markets
ADYEY,ADYEN N.V,25785438620,Financials,Financial Services
ADYYF,ADYEN N.V,25894185000,Financials,Financial Services
AEG,AEGON N.V. (ADR),9706159740,Financials,Insurance
AEL,American Equity Investment Life Holding,4199121740,Financials,Insurance
AFBI,Affinity Bancshares Inc,93183860,Financials,Banks
AFCG,AFC Gamma Inc,267386060,Financials,Mortgage Real Estate Investment Trusts (REITs)
AFG,American Financial Group Inc,9677041920,Financials,Insurance
AFHIF,Atlas Financial Holdings Inc,5300,Financials,Insurance
AFL,AFLAC Incorporated,44311084580,Financials,Insurance
AFRM,Affirm Holdings Inc,6566576180,Financials,Financial Services
AGBA,AGBA Group Holding Ltd,44602500,Financials,Financial Services
AGESY,Ageas SA - ADR,7146054960,Financials,Insurance
AGFMF,AGF MANAGEMENT LTD  -CL B,368630400,Financials,Capital Markets
AGM,Federal Agricultural Mortgage Corp,1556707680,Financials,Financial Services
AGM-C,Federal Agricultural Mortgage Corp,--,Financials,Financial Services
AGM-D,Federal Agricultural Mortgage Corp,--,Financials,Financial Services
AGM-E,Federal Agricultural Mortgage Corp,--,Financials,Financial Services
AGM-F,Federal Agricultural Mortgage Corp,--,Financials,Financial Services
AGM-G,Federal Agricultural Mortgage Corp,--,Financials,Financial Services
AGM.A,FEDERAL AGRICULTURE MTG CP,217539790,Financials,Financial Services
AGMH,AGM Group Holdings Inc,38808000,Financials,Capital Markets
AGNC,AGNC Investment Corp,5936524220,Financials,Mortgage Real Estate Investment Trusts (REITs)
AGO,Assured Guaranty Ltd.,3519530500,Financials,Insurance
AGRPY,Absa Group Ltd (ADR),7880877000,Financials,Banks
AHFCF,FLOW CAPITAL CORP,11984670,Financials,Capital Markets
AIG,American International Group Inc,41930910000,Financials,Insurance
AIHS,Senmiao Technology Ltd,4017060,Financials,Consumer Finance
AINC,Ashford Inc,26901500,Financials,Capital Markets
AIVAF,AVIVA PLC,12884059080,Financials,Insurance
AIZ,"Assurant, Inc.",7371257460,Financials,Insurance
AJG,Arthur J. Gallagher & Co.,48978048620,Financials,Insurance
AJX,Great Ajax Corp,157598760,Financials,Mortgage Real Estate Investment Trusts (REITs)
AKBTY,Akbank T.A.S. (ADR),6136000000,Financials,Banks
ALBY,"Community Capital Bancshares, Inc.",24166400,Financials,Banks
ALIZF,ALLIANZ SE,96690498360,Financials,Insurance
ALIZY,ALLIANZ SE,94499382140,Financials,Insurance
ALL,Allstate Corp,28187214240,Financials,Insurance
ALLY,Ally Financial Inc,8573520080,Financials,Consumer Finance
ALMC,Alimco Financial Corp,19003750,Financials,Capital Markets
ALPIB,Alpine Banks of Colorado,239307900,Financials,Banks
ALRS,Alerus Financial Corp,398499150,Financials,Financial Services
ALTI,"AlTi Global, Inc",870773580,Financials,Capital Markets
AMAL,Amalgamated Bank,550799830,Financials,Banks
AMBC,"Ambac Financial Group, Inc.",588725480,Financials,Insurance
AMBK,American Bank Inc. (PA),105474460,Financials,Banks
AMBZ,American Business Bank,252616000,Financials,Banks
AMFC,AMB Financial Corp.,19236000,Financials,Banks
AMG,"Affiliated Managers Group, Inc.",4732221170,Financials,Capital Markets
AMIGF,ADMIRAL GROUP PLC,9092710250,Financials,Insurance
AMIGY,ADMIRAL GROUP PLC,9045584550,Financials,Insurance
AMIVF,ATRIUM MORTGAGE INVESTMENT,379697920,Financials,Financial Services
AMK,AssetMark Financial Holdings Inc,2123150580,Financials,Capital Markets
AMNB,American National BankShares Inc,415026560,Financials,Banks
AMP,"Ameriprise Financial, Inc.",35020096240,Financials,Capital Markets
AMRK,A-Mark Precious Metals Inc,860191780,Financials,Financial Services
AMSF,"Amerisafe, Inc.",991797800,Financials,Insurance
AMTB,Amerant Bancorp Inc,658102410,Financials,Banks
AMTD,AMTD IDEA Group - ADR,285238440,Financials,Capital Markets
ANDC,ANDOVER BANCORP INC/OH,64325750,Financials,Banks
ANZGY,ANZ Group Holdings Ltd (ADR),48407388140,Financials,Banks
AOMR,Angel Oak Mortgage REIT Inc,226852540,Financials,Mortgage Real Estate Investment Trusts (REITs)
AON,Aon PLC,67012041770,Financials,Insurance
AOREF,American Overseas Group Ltd,544200000,Financials,Insurance
APAM,Artisan Partners Asset Management Inc,3055386230,Financials,Capital Markets
APCX,AppTech Payments Corp,62609270,Financials,Financial Services
APEOF,COLOURED TIES CAPITAL INC,13374900,Financials,Capital Markets
APO,Apollo Global Management Inc,50254887150,Financials,Financial Services
APO-A,Apollo Global Management Inc,--,Financials,Financial Services
ARBV,AMERICAN RIVIERA BANCORP,94372200,Financials,Banks
ARCC,Ares Capital Corporation,10824300180,Financials,Capital Markets
ARES,Ares Management Corp,31488994010,Financials,Capital Markets
ARGO,"Argo Group International Holdings, Ltd.",1047316490,Financials,Insurance
ARI,Apollo Commercial Real Estate Financ Inc,1513183870,Financials,Mortgage Real Estate Investment Trusts (REITs)
AROW,Arrow Financial Corporation,289511970,Financials,Banks
ARR,"ARMOUR Residential REIT, Inc.",1108440200,Financials,Mortgage Real Estate Investment Trusts (REITs)
ARR-C,ARMOUR Residential REIT Inc,--,Financials,Mortgage Real Estate Investment Trusts (REITs)
ARZGY,Assicurazioni Generali SpA - ADR,31792510370,Financials,Insurance
ASB,Associated Banc-Corp,2625270790,Financials,Banks
ASRV,"AmeriServ Financial, Inc.",54355990,Financials,Banks
ASXFY,ASX LTD,7023263800,Financials,Capital Markets
ASXSF,ELYSEE DEVELOPMENT CORP,9101140,Financials,Capital Markets
ATLC,Atlanticus Holdings Corp,478387650,Financials,Consumer Finance
ATLO,Ames National Corporation,160237440,Financials,Banks
ATNPQ,Atlantis Technology Group,0,Financials,Capital Markets
AUB,Atlantic Union Bankshares Corp,2209647300,Financials,Banks
AUBN,Auburn National Bancorporation Inc,76024780,Financials,Banks
AVBH,Avidbank Holdings Inc,166661000,Financials,Banks
AVDX,AvidXchange Holdings Inc,2150844080,Financials,Financial Services
AVTA,Avantax Inc,743838600,Financials,Capital Markets
AVVIY,AVIVA PLC,12897750960,Financials,Insurance
AX,Axos Financial Inc,2599749900,Financials,Banks
AXAHF,AXA SA,68544460800,Financials,Insurance
AXAHY,Axa SA (ADR),66228903420,Financials,Insurance
AXP,American Express Company,118098565240,Financials,Consumer Finance
AXS,AXIS Capital Holdings Ltd,4705903620,Financials,Insurance
AYAG,Amaya Global Holdings Corp,564016000,Financials,Capital Markets
AZIL,Aziel Corp,138570,Financials,Financial Services
BAC,Bank of America Corp,227703289660,Financials,Banks
BAC-L,Bank of America Corp,--,Financials,Banks
BACHY,BANK OF CHINA LTD,28431573500,Financials,Banks
BAFN,Bayfirst Financial Corp,57456000,Financials,Banks
BAM,BROOKFIELD ASSET MANAGEMENT LTD,14221839420,Financials,Capital Markets
BANC,Banc of California Inc,725104250,Financials,Banks
BANF,BancFirst Corp,2990310050,Financials,Banks
BANR,Banner Corp,1511180000,Financials,Banks
BANX,Arrowmark Financial Corp,118632520,Financials,Capital Markets
BAOB,BARABOO BANCORPORATION INC,19202220,Financials,Banks
BAP,Credicorp Ltd. (USA),13111547440,Financials,Banks
BBAR,Banco Bbva Argentina SA (ADR),1088583210,Financials,Banks
BBBK,Baker Boyer Bancorp,88672000,Financials,Banks
BBD,Banco Bradesco SA (ADR),15482495830,Financials,Banks
BBDC,Barings BDC Inc,946927240,Financials,Capital Markets
BBDO,BRADESCO BANCO,13752186900,Financials,Banks
BBSEY,BB Seguridade Participacoes SA - ADR,12459726240,Financials,Insurance
BBVA,Banco Bilbao Vizcaya Argentaria SA (ADR),45791792640,Financials,Banks
BCAL,Southern California Bancorp,258515750,Financials,Banks
BCAP,BARON CAPITAL ENTERPRISE INC,0,Financials,Financial Services
BCBP,BCB Bancorp Inc,199441440,Financials,Banks
BCH,Banco de Chile (ADR),10384547600,Financials,Banks
BCML,BayCom Corp,227235090,Financials,Banks
BCMXY,BANK OF COMMUNICATIONS CO,19410583500,Financials,Banks
BCOW,1895 Bancorp of Wisconsin Inc,44746850,Financials,Banks
BCRD,Blueone Card Inc,63178500,Financials,Financial Services
BCS,Barclays PLC (ADR),28906240800,Financials,Banks
BCSF,Bain Capital Specialty Finance Inc,1013946210,Financials,Capital Markets
BCSO,BANCORP SOUTHERN INDIANA,67600000,Financials,Banks
BCTF,Bancorp 34 Inc,38600000,Financials,Banks
BDORY,BANCO DO BRASIL,27053796480,Financials,Banks
BDOUY,BDO Unibank Inc - ADR,13300816250,Financials,Banks
BEGI,Blackstar Enterprise Group Inc,340370,Financials,Capital Markets
BEN,Franklin Resources Inc,13090687830,Financials,Capital Markets
BENF,Beneficient,774726940,Financials,Capital Markets
BEOB,BEO BANCORP,65003960,Financials,Banks
BETR,Better Home & Finance Holding Co,602311910,Financials,Financial Services
BFC,Bank First Corp,834940400,Financials,Banks
BFH,Bread Financial Holdings Inc,1871848480,Financials,Consumer Finance
BFIN,BankFinancial Corp,111006000,Financials,Banks
BFST,Business First Bancshares Inc,517017600,Financials,Banks
BGC,Bgc Group Inc,2523988720,Financials,Capital Markets
BHB,Bar Harbor Bankshares,370488420,Financials,Banks
BHF,Brighthouse Financial Inc,3200427720,Financials,Insurance
BHG,Bright Health Group Inc,66805360,Financials,Insurance
BHKLY,BOC Hong Kong Holdings Ltd (ADR),29899821840,Financials,Banks
BHLB,Berkshire Hills Bancorp Inc,923748910,Financials,Banks
BHRB,Burke & Herbert Bank & Trust Co,381627730,Financials,Banks
BK,Bank of New York Mellon Corp,35282718510,Financials,Capital Markets
BKBLF,MAGNETIC NORTH ACQ CORP,1282400,Financials,Capital Markets
BKCC,Blackrock Capital Investment Corp,257267740,Financials,Capital Markets
BKEAY,Bank of East Asia Ltd (ADR),3826346560,Financials,Banks
BKESY,BANCO ESPIRITO SANTO SA,0,Financials,Banks
BKFCF,BANK OF COMMUNICATIONS CO,19784503540,Financials,Banks
BKFG,BKF Capital Group Inc,14137750,Financials,Capital Markets
BKGM,Bankguam Holding Co,270750,Financials,Banks
BKHYY,Bank Hapoalim BM (ADR),11267794890,Financials,Banks
BKKLY,BANGKOK BANK PCL,9296075150,Financials,Banks
BKKT,Bakkt Holdings Inc,367964000,Financials,Capital Markets
BKNIY,Bankinter SA - ADR,5791715470,Financials,Banks
BKOR,"Oak Ridge Financial Services, Inc.",40530000,Financials,Banks
BKQNY,BANK OF QUEENSLAND LTD,2422291950,Financials,Banks
BKRIF,BANK OF IRELAND GROUP PLC,10386731880,Financials,Banks
BKRIY,BANK OF IRELAND GROUP PLC,10075024260,Financials,Banks
BKSC,Bank of South Carolina,70335960,Financials,Banks
BKU,BankUnited Inc,1969765050,Financials,Banks
BKUT,BANK UTICA/NY,23650000,Financials,Banks
BKUTK,BANK UTICA/NY,70000000,Financials,Banks
BLFY,Blue Foundry Bancorp,237190800,Financials,Banks
BLHEY,BALOISE HOLDING,6951075840,Financials,Insurance
BLHK,BLUEHARBOR BANK,56498750,Financials,Banks
BLK,BlackRock Inc,104144814620,Financials,Capital Markets
BLKCF,Global Gaming Technologies Corp,0,Financials,Capital Markets
BLRZF,BLACKHAWK GROWTH CORP,31200,Financials,Capital Markets
BLX,Foreign Trade Bank of Latin America Inc,826221300,Financials,Financial Services
BMA,Banco Macro SA (ADR),1550976420,Financials,Banks
BMBN,Benchmark Bankshares Inc,102649400,Financials,Banks
BMNM,Bimini Capital Management Inc,9118200,Financials,Mortgage Real Estate Investment Trusts (REITs)
BMO,Bank of Montreal,61042622770,Financials,Banks
BMRC,Bank of Marin Bancorp,308859200,Financials,Banks
BMTX,Bm Technologies Inc,19612800,Financials,Financial Services
BN,Brookfield Corp,55533318900,Financials,Capital Markets
BNCC,"BNCCORP, Inc.",84929850,Financials,Banks
BNPQF,BNP PARIBAS,78569950130,Financials,Banks
BNPQY,BNP PARIBAS,76006481640,Financials,Banks
BNRE,BROOKFIELD REINSURANCE LTD,357319690,Financials,Insurance
BNS,Bank of Nova Scotia,57054437560,Financials,Banks
BNXAF,BANXA HOLDINGS INC,20497430,Financials,Financial Services
BOH,Bank of Hawaii Corp,2105190690,Financials,Banks
BOID,Bank Of Idaho Holding Co,119376770,Financials,Banks
BOKF,BOK Financial Corp,5574996000,Financials,Banks
BORT,Botetourt Bankshares Inc,57997080,Financials,Banks
BOTJ,Bank of the James,48382950,Financials,Banks
BPOP,Popular Inc,4884508160,Financials,Banks
BPRN,Princeton Bancorp Inc,183391790,Financials,Banks
BRBS,Blue Ridge Bankshares Inc,155639010,Financials,Banks
BRDG,Bridge Investment Group Holdings Inc,1184140000,Financials,Capital Markets
BRK.A,Berkshire Hathaway Inc,315013750000,Financials,Financial Services
BRK.B,BERKSHIRE HATHAWAY INC DEL CL B NEW,472278673500,Financials,Financial Services
BRKL,"Brookline Bancorp, Inc.",837884250,Financials,Banks
BRLGF,DOMINION LENDING CENTRES INC,81133610,Financials,Financial Services
BRO,"Brown & Brown, Inc.",20618665100,Financials,Insurance
BRP,BRP Group Inc,3077258400,Financials,Insurance
BRPHF,GALAXY DIGITAL HOLDINGS LTD,1206342000,Financials,Capital Markets
BRSP,Brightspire Capital Inc,891047180,Financials,Mortgage Real Estate Investment Trusts (REITs)
BSAC,Banco Santander-Chile (ADR),8593137600,Financials,Banks
BSBK,Bogota Financial Corp,99827520,Financials,Banks
BSBR,Banco Santander Brasil SA (ADR),20357989870,Financials,Banks
BSIG,BrightSphere Investment Group Inc,841367160,Financials,Capital Markets
BSPA,Ballston Spa Bancorp Inc,39168000,Financials,Banks
BSRR,Sierra Bancorp,293030750,Financials,Banks
BSVN,Bank7 Corp,226906670,Financials,Banks
BUR,BURFORD CAPITAL LTD,2954865200,Financials,Financial Services
BUSE,First Busey Corp,1128561610,Financials,Banks
BVFL,BV Financial Inc,111475000,Financials,Banks
BWB,Bridgewater Bancshares Inc,299063440,Financials,Banks
BWFG,Bankwell Financial Group Inc,205276720,Financials,Banks
BX,Blackstone Inc,132747537900,Financials,Capital Markets
BXLC,Bexil Corp,20206500,Financials,Financial Services
BXMT,Blackstone Mortgage Trust Inc,3945083240,Financials,Mortgage Real Estate Investment Trusts (REITs)
BXSL,Blackstone Secured Lending Fund,4707087460,Financials,Capital Markets
BY,Byline Bancorp Inc,942894940,Financials,Banks
BYFC,Broadway Financial Corp,44054600,Financials,Banks
BYLB,BOYLE BANCORP INC,70308000,Financials,Banks
C,Citigroup Inc,79984032570,Financials,Banks
CAC,Camden National Corporation,476094050,Financials,Banks
CACC,Credit Acceptance Corp.,6430745880,Financials,Consumer Finance
CADE,Cadence Bank,4229502360,Financials,Banks
CADE-A,Cadence Bank,--,Financials,Banks
CAFI,Nowfinance Inc,7925790,Financials,Consumer Finance
CAIXY,CAIXABANK SA,28893366350,Financials,Banks
CALB,California BanCorp,157638000,Financials,Banks
CARE,Carter Bankshares Inc,324287000,Financials,Banks
CARV,Carver Bancorp Inc,12779250,Financials,Banks
CASH,Pathward Financial Inc,1284287220,Financials,Banks
CASS,Cass Information Systems,513578530,Financials,Financial Services
CATC,Cambridge Bancorp,420427910,Financials,Banks
CATY,Cathay General Bancorp,2764650300,Financials,Banks
CB,Chubb Ltd,82270220500,Financials,Insurance
CBAN,Colony Bankcorp Inc,183223810,Financials,Banks
CBCY,CENTRAL BANCOMPANY,3205334150,Financials,Banks
CBCYB,CENTRAL BANCOMPANY,--,Financials,Banks
CBFV,CB Financial Services Inc,110863720,Financials,Banks
CBGH,CHINA YIBAI UNITED GUAR INTL,31884420,Financials,Financial Services
CBGPY,CLOSE BROTHERS GROUP PLC,1563772350,Financials,Banks
CBKM,"Consumers Bancorp, Inc.",54110000,Financials,Banks
CBNK,Capital Bancorp Inc,272128320,Financials,Banks
CBOBA,BAY COMMUNITY BANCORP,67815040,Financials,Banks
CBOE,Cboe Global Markets Inc,15766350140,Financials,Capital Markets
CBSH,"Commerce Bancshares, Inc.",6125264000,Financials,Banks
CBTN,Citizens Bancorp Investment Inc,197583000,Financials,Banks
CBU,"Community Bank System, Inc.",2446719170,Financials,Banks
CBWA,COMMENCEMENT BANCORP INC,42124400,Financials,Banks
CBWBF,CANADIAN WESTERN BANK,2047068720,Financials,Banks
CCAP,Crescent Capital BDC Inc,607075560,Financials,Capital Markets
CCB,Coastal Financial Corp (EVERETT),586086120,Financials,Banks
CCBC,Chino Commercial Bancorp (CA),36199240,Financials,Banks
CCBG,"Capital City Bank Group, Inc.",525222720,Financials,Banks
CCFN,CCFNB Bancorp Inc,82680000,Financials,Banks
CCNE,CNB Financial Corp,390525600,Financials,Banks
CCORF,CANACCORD GENUITY GROUP INC,618260000,Financials,Capital Markets
CCUR,CCUR Holdings Inc,9450000,Financials,Financial Services
CDFT,CITADEL EFT INC,4350,Financials,Financial Services
CEFC,Commercial Natl Finl Corp (Michigan),35685000,Financials,Banks
CFB,Crossfirst Bankshares Inc,532835710,Financials,Banks
CFBK,CF Bankshares Inc,118489500,Financials,Banks
CFFI,C&F Financial Corp,177981360,Financials,Banks
CFFN,"Capitol Federal Financial, Inc.",772180290,Financials,Banks
CFG,Citizens Financial Group Inc,13486355170,Financials,Banks
CFGW,COMMUNITY FINANCIAL GRUP INC,--,Financials,Banks
CFGX,Capital Financial Global Inc,631860,Financials,Financial Services
CFIC,Cornerstone Financial Corp,20517120,Financials,Banks
CFNB,California First Leasing Corp,160099500,Financials,Financial Services
CFOK,Community First Bancorporation,38880750,Financials,Banks
CFR,"Cullen/Frost Bankers, Inc.",6115410510,Financials,Banks
CFSB,CFSB Bancorp Inc,46762650,Financials,Banks
CG,Carlyle Group Inc,11797426800,Financials,Capital Markets
CGBD,Carlyle Secured Lending Inc,751258050,Financials,Capital Markets
CGRA,CGrowth Capital Inc,4138160,Financials,Capital Markets
CHAM,CHAMPION INVESTMENTS INC,10567200,Financials,Capital Markets
CHBH,"Croghan Bancshares, Inc.",101199000,Financials,Banks
CHCO,City Holding Company,1391298970,Financials,Banks
CHFI,China Finance Inc,0,Financials,Capital Markets
CHMG,Chemung Financial Corp.,189272000,Financials,Banks
CHMI,Cherry Hill Mortgage Investment Corp,107102660,Financials,Mortgage Real Estate Investment Trusts (REITs)
CHMI-A,Cherry Hill Mortgage Investment Corp,--,Financials,Mortgage Real Estate Investment Trusts (REITs)
CHMI-B,Cherry Hill Mortgage Investment Corp,--,Financials,Mortgage Real Estate Investment Trusts (REITs)
CHWWF,CHESSWOOD GROUP LTD,90962400,Financials,Financial Services
CIA,"Citizens, Inc.",156293550,Financials,Insurance
CIBEY,Commercial Intrntnl Bank Egypt SAE (ADR),3832350670,Financials,Banks
CIBH,Cib Marine Bancshares Inc,34542000,Financials,Banks
CICHY,CHINA CONSTR BANK CORP,130751896100,Financials,Banks
CILJF,CHINA LIFE INSURANCE COMPANY,11236174250,Financials,Insurance
CIM,Chimera Investment Corporation,1336685350,Financials,Mortgage Real Estate Investment Trusts (REITs)
CIM-A,Chimera Investment Corp,--,Financials,Mortgage Real Estate Investment Trusts (REITs)
CIM-B,Chimera Investment Corp,--,Financials,Mortgage Real Estate Investment Trusts (REITs)
CIM-C,Chimera Investment Corp,--,Financials,Mortgage Real Estate Investment Trusts (REITs)
CIM-D,Chimera Investment Corp,--,Financials,Mortgage Real Estate Investment Trusts (REITs)
CINF,Cincinnati Financial Corporation,16532622400,Financials,Insurance
CION,Cion Investment Corp,573037500,Financials,Capital Markets
CIOXY,CIELO SA,2108232630,Financials,Financial Services
CIVB,Civista Bancshares Inc,266079360,Financials,Banks
CIWV,Citizens Financial Corp,39345000,Financials,Banks
CIXXF,CI FINANCIAL CORP,2119489810,Financials,Capital Markets
CIZN,Citizens Holding Company,58574880,Financials,Banks
CLBK,Columbia Financial Inc,1763400420,Financials,Banks
CLKFF,CLARKE INC,133388680,Financials,Capital Markets
CLST,Catalyst Bancorp Inc,55739850,Financials,Banks
CM,Canadian Imperial Bank of Commerce (USA),35941178680,Financials,Banks
CMA,Comerica Incorporated,6435988680,Financials,Banks
CMAKY,CHINA MINSHENG BANKING CORP,2695777200,Financials,Banks
CME,CME Group Inc,72855759920,Financials,Capital Markets
CMGGF,COMMERCIAL INTL BK EGYPT SAE,3412036130,Financials,Banks
CMHF,COMMUNITY HERITAGE FINAN INC,46496000,Financials,Banks
CMPY,COMEPAY INC,94340,Financials,Financial Services
CMTG,Claros Mortgage Trust Inc,1577486400,Financials,Mortgage Real Estate Investment Trusts (REITs)
CMTV,Community Bancorp,89374090,Financials,Banks
CMUV,CMUV BANCORP,26383600,Financials,Banks
CMWAY,COMMONWEALTH BANK AUSTRALIA,108977696520,Financials,Banks
CNA,Cna Financial Corp,10574452480,Financials,Insurance
CNAF,CommercialNatlFinlCorp(Pennsylvania),31785710,Financials,Banks
CNBB,Cnb Community Bancorp Inc,76089640,Financials,Banks
CNBN,CNB BK SHS INC,95659000,Financials,Banks
CNBW,CNB Corp,91355000,Financials,Banks
CNBZ,CNB Corp (Michigan),24522750,Financials,Banks
CNF,CNFinance Holdings Ltd - ADR,232307810,Financials,Financial Services
CNFR,Conifer Holdings Inc,17976370,Financials,Insurance
CNNB,Cincinnati Bancorp Inc,40231800,Financials,Banks
CNND,Canandaigua National Corporation,403985000,Financials,Banks
CNNE,Cannae Holdings Inc,1453866180,Financials,Financial Services
CNO,CNO Financial Group Inc,2635655030,Financials,Insurance
CNOB,ConnectOne Bancorp Inc,747998980,Financials,Banks
CNPOF,RIV CAPITAL INC,21370200,Financials,Capital Markets
CNS,"Cohen & Steers, Inc.",3158813350,Financials,Capital Markets
CNUN,COMMUNITY BANCSHARES INC/OH,665250000,Financials,Banks
CODI,Compass Diversified Holdings,1466318920,Financials,Financial Services
CODI-A,Compass Diversified Holdings,--,Financials,Financial Services
CODI-B,Compass Diversified Holdings,--,Financials,Financial Services
CODI-C,Compass Diversified Holdings,--,Financials,Financial Services
COF,Capital One Financial Corp.,38897445970,Financials,Consumer Finance
COFS,Choiceone Financial Services Inc,184077960,Financials,Banks
COHN,Cohen & Company Inc,20613720,Financials,Capital Markets
COIN,Coinbase Global Inc,18397742320,Financials,Capital Markets
COLB,Columbia Banking System Inc,4349748200,Financials,Banks
COOP,Mr Cooper Group Inc,3692738760,Financials,Financial Services
COSO,Coastalsouth Bancshares Inc,139116420,Financials,Banks
CPF,Central Pacific Financial Corp.,464023560,Financials,Banks
CPKF,Chesapeake Financial Shares Inc,90459100,Financials,Banks
CPSS,"Consumer Portfolio Services, Inc.",187098600,Financials,Consumer Finance
CRARF,CREDIT AGRICOLE SA,37385007720,Financials,Banks
CRARY,CREDIT AGRICOLE SA,36598591700,Financials,Banks
CRBG,Corebridge Financial Inc,11536259980,Financials,Financial Services
CRD.A,CRAWFORD & CO CL A,300801900,Financials,Insurance
CRD.B,Crawford & Company,190143840,Financials,Insurance
CRMZ,CreditRiskMonitor.Com Inc,27877200,Financials,Capital Markets
CRSB,CORNERSTONE COMMUNTY BANCORP,41440000,Financials,Banks
CRZBF,COMMERZBANK,14326975520,Financials,Banks
CRZBY,Commerzbank AG (ADR),12724687980,Financials,Banks
CSBB,CSB Bancorp Inc (Ohio),100500000,Financials,Banks
CSFSF,CASH STORE FINANCIAL SVCS,0,Financials,Consumer Finance
CSHX,Cashmere Valley Bank,171284400,Financials,Banks
CSTR,Capstar Financial Holdings Inc,275709760,Financials,Banks
CSWC,Capital Southwest Corporation,886832300,Financials,Capital Markets
CTBI,"Community Trust Bancorp, Inc.",647496090,Financials,Banks
CTLP,Cantaloupe Inc,551507000,Financials,Financial Services
CTUY,CENTURY NEXT FINANCIAL CORP,49104180,Financials,Banks
CUBI,Customers Bancorp Inc,1065458550,Financials,Banks
CUBI-E,Customers Bancorp Inc,--,Financials,Banks
CUBI-F,Customers Bancorp Inc,--,Financials,Banks
CUII,China United Insurance Service Inc,31800300,Financials,Insurance
CULL,"Cullman Bancorp, Inc.",79441080,Financials,Banks
CURN,CURRENCY EXCHANGE INTL CORP,112781830,Financials,Consumer Finance
CURO,Curo Group Holdings Corp,49500000,Financials,Consumer Finance
CVBF,CVB Financial Corp.,2485896960,Financials,Banks
CVCY,Central Valley Community Bancorp,171628360,Financials,Banks
CVHL,CV Holdings Inc,1610350,Financials,Mortgage Real Estate Investment Trusts (REITs)
CVLY,"Codorus Valley Bancorp, Inc.",197025500,Financials,Banks
CVTGF,CLAIRVEST GROUP INC,991366350,Financials,Capital Markets
CWBC,Community West Bancshares,114089390,Financials,Banks
CWBK,CW BANCORP,100316000,Financials,Banks
CWD,CaliberCos Inc,32937500,Financials,Capital Markets
CYFL,Century Financial Corp,45341670,Financials,Banks
CYFRF,CYPHERPUNK HOLDINGS,9546020,Financials,Capital Markets
CYGT,CYGNUS ETRANSACTIONS GROUP,8060,Financials,Financial Services
CYSM,COMMUNITY BANCORP SANTA MARI,21433500,Financials,Banks
CZBC,CITIZENS BANCORP/OR,67860000,Financials,Banks
CZBS,CITIZENS BANCSHARES CORP,76367550,Financials,Banks
CZBT,Citizens Bancorp of Virginia Inc,64156300,Financials,Banks
CZFS,Citizens Financial Services Inc,256368000,Financials,Banks
CZNB,CITIZENS BANCORP/CA,230,Financials,Banks
CZNC,Citizens & Northern Corporation,277067120,Financials,Banks
CZNL,CITIZENS NATIONAL CORP/KY,42656000,Financials,Banks
CZWI,Citizens Community Bancorp Inc.,109516200,Financials,Banks
DB,Deutsche Bank AG (USA),21269533280,Financials,Capital Markets
DBIN,Dacotah Banks Inc,492867000,Financials,Banks
DBOEY,DEUTSCHE BOERSE AG,31915446930,Financials,Capital Markets
DBSDY,DBS GROUP HOLDINGS LTD,63431095280,Financials,Banks
DCOM,Dime Community Bancshares Inc,846816870,Financials,Banks
DEFTF,DEFI TECHNOLOGIES INC,16967770,Financials,Capital Markets
DFIN,Donnelley Financial Solutions Inc,1446455630,Financials,Capital Markets
DFS,Discover Financial Services,22967721720,Financials,Consumer Finance
DGICA,Donegal Group Inc,404668880,Financials,Insurance
DGICB,DONEGAL GROUP INC,77966460,Financials,Insurance
DHIL,Diamond Hill Investment Group Inc,498264550,Financials,Capital Markets
DIGAF,Digatrade Financial Corp,0,Financials,Capital Markets
DIISY,DIRECT LINE INSURANCE GRP,2553928130,Financials,Insurance
DIMC,Dimeco Inc,87381000,Financials,Banks
DLO,Dlocal Ltd,6228475200,Financials,Financial Services
DMCD,Detwiler Fenton Group Inc,280,Financials,Financial Services
DNBBY,DNB BANK ASA,30573042760,Financials,Banks
DNKEY,DANSKE BANK AS,19322516250,Financials,Banks
DPXCF,DELPHX CAPITAL MARKETS INC,8414040,Financials,Capital Markets
DSBX,DOGWOOD STATE BANK RALIGH NC,231593200,Financials,Banks
DSEEY,DAIWA SECURITIES GROUP INC,8073607200,Financials,Capital Markets
DVLN,DVL Inc,20000000,Financials,Financial Services
DWNX,DELHI BANK CORP,69700000,Financials,Banks
DX,Dynex Capital Inc,696250380,Financials,Mortgage Real Estate Investment Trusts (REITs)
DX-C,Dynex Capital Inc,--,Financials,Mortgage Real Estate Investment Trusts (REITs)
DXF,Dunxin Financial Holdings Ltd (ADR),1877910,Financials,Financial Services
EARN,Ellington Residential Mortgage REIT,97610600,Financials,Mortgage Real Estate Investment Trusts (REITs)
EBC,Eastern Bankshares Inc,2425183750,Financials,Banks
EBKDY,ERSTE GROUP BK AG,14667552000,Financials,Banks
EBKOF,ERSTE GROUP BK AG,15571654000,Financials,Banks
EBMT,Eagle Bancorp Montana Inc,99929880,Financials,Banks
EBTC,Enterprise Bancorp Inc,357862890,Financials,Banks
ECBK,ECB Bancorp Inc,109182500,Financials,Banks
ECGP,Envit Capital Group Inc,0,Financials,Capital Markets
ECNCF,ECN CAPITAL CORP,461083280,Financials,Financial Services
ECPG,Encore Capital Group Inc,1085476700,Financials,Consumer Finance
ECRO,ECC Capital Corp,2769600,Financials,Mortgage Real Estate Investment Trusts (REITs)
EDNMY,EDENRED SE,15703191000,Financials,Financial Services
EEFT,Euronet Worldwide Inc,4272163770,Financials,Financial Services
EFBI,Eagle Financial Bancorp Inc,24156000,Financials,Banks
EFC,Ellington Financial Inc,898164480,Financials,Mortgage Real Estate Investment Trusts (REITs)
EFC-A,Ellington Financial Inc,--,Financials,Mortgage Real Estate Investment Trusts (REITs)
EFC-B,Ellington Financial Inc,--,Financials,Mortgage Real Estate Investment Trusts (REITs)
EFC-C,Ellington Financial Inc,--,Financials,Mortgage Real Estate Investment Trusts (REITs)
EFIN,EASTERN MICHIGAN FIN CORP,31500000,Financials,Banks
EFSC,Enterprise Financial Services Corp,1478911040,Financials,Banks
EFSI,Eagle Financial Services Inc,112832000,Financials,Banks
EG,Everest Group Ltd,15777571020,Financials,Insurance
EGBN,Eagle Bancorp Inc,735687600,Financials,Banks
EGFEY,EUROBANK ERGASIAS SERVICES A,5933890400,Financials,Banks
EHMEF,GOEASY LTD,1555869150,Financials,Consumer Finance
EHTH,eHealth Inc,206173260,Financials,Insurance
EIG,Employers Holdings Inc,1005549120,Financials,Insurance
ELEEF,ELEMENT FLEET MANAGEMENT CP,5980713050,Financials,Financial Services
ELFIF,E-L FINANCIAL CORP LTD,2435286720,Financials,Insurance
ELIXF,ELIXXER LTD,187090,Financials,Capital Markets
ELMA,ELMER BANCORP INC,22329400,Financials,Banks
ELRNF,Elron Ventures Ltd (USA),59709150,Financials,Financial Services
EMYB,Embassy Bancorp Inc,115185450,Financials,Banks
ENBP,ENB Financial Corp,78366480,Financials,Banks
ENDI,Enterprise Diversified Inc,19627200,Financials,Capital Markets
ENVA,Enova International Inc,1505022490,Financials,Consumer Finance
EPOR,EPIC Corp,6410,Financials,Financial Services
EQBK,Equity BancShares Inc,388228280,Financials,Banks
EQFN,Equitable Financial Corp,30861130,Financials,Banks
EQGPF,EQB INC,2132838720,Financials,Banks
EQH,Equitable Holdings Inc,9909924030,Financials,Financial Services
EQOSQ,Eqonex Ltd,46960,Financials,Capital Markets
EQS,EQUUS Total Return Inc,20681190,Financials,Capital Markets
ERIE,Erie Indemnity Co,14503677300,Financials,Insurance
ERKH,Eureka Homestead Bancorp Inc,18026820,Financials,Banks
ERNXY,EURONEXT NV,7935211930,Financials,Capital Markets
ESGR,Enstar Group Ltd,4057446100,Financials,Insurance
ESIFF,AI ARTFL INTELLIGN VNTRS INC,6853350,Financials,Capital Markets
ESNT,Essent Group Ltd,5319443360,Financials,Financial Services
ESQ,Esquire Financial Holdings Inc,387263630,Financials,Banks
ESSA,ESSA Bancorp Inc,166728030,Financials,Banks
EUXTF,EURONEXT NV,8030214720,Financials,Capital Markets
EVBN,Evans Bancorp Inc,156616020,Financials,Banks
EVR,Evercore Inc,5275803600,Financials,Capital Markets
EVTC,Evertec Inc,2484415640,Financials,Financial Services
EWBC,East West Bancorp Inc,7838921020,Financials,Banks
EWGFF,EAT WELL INVT GROUP INC,20048620,Financials,Capital Markets
EXCC,Excel Corp,10250,Financials,Financial Services
EXCH,EXCHANGE BANKSHARES INC,--,Financials,Banks
EXSR,Exchange Bank,164561140,Financials,Banks
EXXRF,EXOR N V,20030036700,Financials,Financial Services
EZPW,EZCORP Inc,451590400,Financials,Consumer Finance
EZTD,EZTD Inc,520,Financials,Capital Markets
FABP,FARMERS BANCORP/IN,88022250,Financials,Banks
FACO,First Acceptance Corp,40735970,Financials,Insurance
FAF,First American Financial Corp,6347005020,Financials,Insurance
FANDY,FIRSTRAND LTD,21472129000,Financials,Financial Services
FANH,Fanhua Inc,410608930,Financials,Insurance
FAVO,Favo Capital Inc,18265330,Financials,Financial Services
FBAK,First National Bank Alaska,612814500,Financials,Banks
FBIP,FNB Bancorp Inc,853470000,Financials,Banks
FBIZ,First Business Financial Services Inc,262213530,Financials,Banks
FBK,FB Financial Corp,1402098040,Financials,Banks
FBMS,First Bancshares Inc (Mississippi),926360800,Financials,Banks
FBNC,First Bancorp (North Carolina),1214208070,Financials,Banks
FBP,First Bancorp,2484582630,Financials,Banks
FBPA,FARMERS BANK APPOMATTOX/VA,25040400,Financials,Banks
FBPI,First Bancorp of Indiana Inc,28111950,Financials,Banks
FBRT,Franklin BSP Realty Trust Inc,1139444460,Financials,Mortgage Real Estate Investment Trusts (REITs)
FBRT-E,Franklin BSP Realty Trust Inc,--,Financials,Mortgage Real Estate Investment Trusts (REITs)
FBSI,First Bancshares Inc (Missouri),62195600,Financials,Banks
FBTT,First Bankers Trustshares Inc,50885050,Financials,Banks
FCAP,First Capital Inc,113565390,Financials,Banks
FCBC,First Community Bankshares Inc,588847260,Financials,Banks
FCCO,First Community Corp (South Carolina),133578460,Financials,Banks
FCF,First Commonwealth Financial Corp,1308236650,Financials,Banks
FCFS,Firstcash Holdings Inc,4081822920,Financials,Consumer Finance
FCMGF,FIRM CAPITAL MORTGAGE INV CP,259349760,Financials,Financial Services
FCNCA,First Citizens BancShares Inc (Delaware),19507184400,Financials,Banks
FCNCB,FIRST CITIZENS BANCSH  -CL A,1216050000,Financials,Banks
FCOB,1ST COLONIAL BANCORP INC,56193500,Financials,Banks
FCPB,FIRST CAP BANCSHARES INC/SC,2690050,Financials,Banks
FCRM,FRANKLIN CR MGMT CORP,1122460,Financials,Financial Services
FDBC,Fidelity D&D Bancorp Inc,262056960,Financials,Banks
FDBH,FOUNDERS BAY HOLDINGS,15000,Financials,Capital Markets
FDHC,Fidelity Holding Corp,63010,Financials,Capital Markets
FDS,Factset Research Systems Inc,16535146620,Financials,Capital Markets
FDUS,Fidus Investment Corp,484421660,Financials,Capital Markets
FDVA,FREEDOM FINANCIAL HLDNGS INC,73504130,Financials,Banks
FETM,Fentura Financial Inc,103516600,Financials,Banks
FFBB,FFB BANCORP,217620500,Financials,Banks
FFBC,First Financial Bancorp,1973843750,Financials,Banks
FFBW,FFBW Inc,57562200,Financials,Banks
FFDF,FFD Financial Corp,99364800,Financials,Banks
FFIC,Flushing Financial Corp,417371240,Financials,Banks
FFIN,First Financial Bankshares Inc,4035288070,Financials,Banks
FFMH,First Farmers and Merchants Corp,124249550,Financials,Banks
FFMR,FIRST FARMERS FINANCIAL CORP,440567750,Financials,Banks
FFNW,First Financial Northwest Inc,116688000,Financials,Banks
FFWM,First Foundation Inc,463405240,Financials,Banks
FFXDF,FAIRFAX INDIA HLDGS CORP,1436168540,Financials,Capital Markets
FFXXF,HELIOS FAIRFAX PARTNERS CORP,147468240,Financials,Capital Markets
FG,F&G Annuities & Life Inc,3396219420,Financials,Insurance
FGBI,First Guaranty Bancshares Inc,133113990,Financials,Banks
FGF,FG Financial Group Inc,14734720,Financials,Insurance
FGFH,Foresight Financial Group Inc,89096450,Financials,Banks
FGFPP,FG Financial Group Inc,--,Financials,Insurance
FHB,First Hawaiian Inc,2410552900,Financials,Banks
FHI,Federated Hermes Inc,3070900100,Financials,Capital Markets
FHLB,FRIENDLY HILLS BANCORP,28070830,Financials,Banks
FHN,First Horizon Corp,7014503610,Financials,Banks
FI,Fiserv Inc,74397414600,Financials,Financial Services
FIBK,First Interstate Bancsystem Inc,2738869440,Financials,Banks
FIHL,Fidelis Insurance Holdings Ltd,1583485740,Financials,Insurance
FINR,Fintech Scion Ltd,596229000,Financials,Financial Services
FINV,FinVolution Group,1425805710,Financials,Consumer Finance
FINW,Finwise Bancorp,121857600,Financials,Banks
FIS,Fidelity National Information Servcs Inc,33041773050,Financials,Financial Services
FISB,1St Capital Bancorp,57121650,Financials,Banks
FISI,Financial Institutions Inc,266993670,Financials,Banks
FITB,Fifth Third Bancorp,18472518570,Financials,Banks
FIZN,First Citizens Bancshars Inc (Tennessee),834900000,Financials,Banks
FKYS,First Keystone Corp,104924500,Financials,Banks
FLFG,Federal Life Group Inc,31008000,Financials,Insurance
FLIC,First of Long Island Corp,294848530,Financials,Banks
FLT,Fleetcor Technologies Inc,20267546060,Financials,Financial Services
FLXP,FLEXPOWER INC,40450,Financials,Consumer Finance
FLYW,Flywire Corp,4128643090,Financials,Financial Services
FMAO,Farmers & Merchants Bancorp Inc,256747050,Financials,Banks
FMBH,First Mid Bancshares Inc,679101500,Financials,Banks
FMBL,Farmers And Merchants Bank of Long Beach,602701230,Financials,Banks
FMBM,F & M Bank Corp,73219200,Financials,Banks
FMBN,FARMERS & MERCHANTS BANC INC,55681800,Financials,Banks
FMCB,Farmers & Merchants Bancorp,720070000,Financials,Banks
FMCC,Federal Home Loan Mortgage Corp,383535400,Financials,Financial Services
FMFG,Farmers and Merchants Bank (Maryland),59698800,Financials,Banks
FMFP,FIRST COMMUNITY FINL CORP,51675800,Financials,Banks
FMNB,Farmers National Banc Corp,468974880,Financials,Banks
FMOO,F&M BANCORP OHIO,285597000,Financials,Banks
FNB,FNB Corp,4146176660,Financials,Banks
FNBT,Finemark Holdings Inc,262945800,Financials,Banks
FNCB,FNCB Bancorp Inc,116492420,Financials,Banks
FNF,Fidelity National Financial Inc,11507516720,Financials,Insurance
FNFI,First Niles Financial Inc,14663000,Financials,Banks
FNHCQ,Fednat Holding Co,3500,Financials,Insurance
FNINF,49 NORTH RESOURCES INC,1679000,Financials,Capital Markets
FNLC,First Bancorp Inc,271773290,Financials,Banks
FNLIF,FIRST NATIONAL FINL CORP,1799010000,Financials,Financial Services
FNMA,Federal National Mortgage Association,706375780,Financials,Financial Services
FNQQF,FINEQIA INTL INC,9837280,Financials,Capital Markets
FNRN,First Northern Community Bancorp,142057650,Financials,Banks
FNWB,First Northwest BanCorp,124252800,Financials,Banks
FNWD,Finward Bancorp,93267680,Financials,Banks
FOA,Finance of America Companies Inc,122745000,Financials,Financial Services
FOTB,First Ottawa Bancshares Inc,85680980,Financials,Banks
FOUR,Shift4 Payments Inc,4670741360,Financials,Financial Services
FPAY,FlexShopper Inc,21752000,Financials,Financial Services
FRAF,Franklin Financial Services Corp,125743900,Financials,Banks
FRBA,FIRST BANK (Hamilton),286449910,Financials,Banks
FRBK,Republic First Bancorp Inc,19160100,Financials,Banks
FRCB,First Republic Bank,23649810,Financials,Banks
FRFC,First Robinson Financial Corp,21680000,Financials,Banks
FRFHF,Fairfax Financial Holdings Ltd,19985486360,Financials,Insurance
FRGE,Forge Global Holdings Inc,401729230,Financials,Capital Markets
FRHC,Freedom Holding Corp,5884763760,Financials,Capital Markets
FRME,First Merchants Corp,1782552310,Financials,Banks
FRRPF,FIERA CAPITAL CORP,377910540,Financials,Capital Markets
FRSB,First Resource Bank (Pennsylvania),37519200,Financials,Banks
FRST,Primis Financial Corp,217986210,Financials,Banks
FRTD,Fortitude Group Inc,6230,Financials,Capital Markets
FSBC,Five Star Bancorp,381724840,Financials,Banks
FSBW,FS Bancorp Inc,230216260,Financials,Banks
FSDK,FIRST CITIZENS NATIONAL BANK,--,Financials,Banks
FSEA,First Seacoast Bancorp Inc,37323300,Financials,Banks
FSFG,First Savings Financial Group Inc,110130640,Financials,Banks
FSGB,1st FSB of SC Inc,12459900,Financials,Banks
FSK,FS KKR Capital Corp,5717547390,Financials,Capital Markets
FSRL,First Reliance Bancshares Inc,59015000,Financials,Banks
FSTF,First State Financial Corp,288300,Financials,Banks
FSWA,FIRST SOUND BANK,20728350,Financials,Banks
FTFT,Future Fintech Group Inc,18893340,Financials,Financial Services
FULT,Fulton Financial Corp,2184866280,Financials,Banks
FUNC,First United Corp,112073700,Financials,Banks
FUSB,First US Bancshares Inc,51230590,Financials,Banks
FUTU,Futu Holdings Ltd,8788626480,Financials,Capital Markets
FVCB,FVCBankcorp Inc,220744800,Financials,Banks
FXLG,FS BANCORP,112875000,Financials,Banks
FXNC,First National Corp,110061880,Financials,Banks
GABA,Georgia Bancshares Inc,0,Financials,Banks
GABC,German American Bancorp Inc,871812040,Financials,Banks
GAIN,Gladstone Investment Corporation,439631120,Financials,Capital Markets
GAMI,Gamco Investors Inc,520097760,Financials,Capital Markets
GB,Global Blue Group Holding Ltd,1058447200,Financials,Financial Services
GBCI,"Glacier Bancorp, Inc.",3395546880,Financials,Banks
GBDC,Golub Capital BDC Inc,2419934100,Financials,Capital Markets
GBLBF,GROUPE BRUXELLES LAMBERT,11448826200,Financials,Financial Services
GBLI,Global Indemnity Group LLC,474522070,Financials,Insurance
GBNY,Generations Bancorp NY Inc,19743880,Financials,Banks
GBOOY,GRUPO FINANCIERO BANORTE SA,120067149480,Financials,Banks
GCAAF,GUARDIAN CAP GRP LTD  -CL A,698367420,Financials,Capital Markets
GCBC,Greene County Bancorp Inc,501104610,Financials,Banks
GCMG,GCM Grosvenor Inc,1443965280,Financials,Capital Markets
GDOT,Green Dot Corporation,757446620,Financials,Consumer Finance
GECC,Great Elm Capital Corp,75775220,Financials,Capital Markets
GFCJ,Guaranty Financial Corp (DELAWARE),370,Financials,Banks
GGAL,Grupo Financiero Galicia S.A. (ADR),2010996950,Financials,Banks
GHI,Greystone Housing Impact Investors LP,371117900,Financials,Financial Services
GHL,"Greenhill & Co., Inc.",277908340,Financials,Capital Markets
GHLD,Guild Holdings Co,719316200,Financials,Financial Services
GIVXF,GIVEX CORP,36128440,Financials,Financial Services
GJNSY,GJENSIDIGE FORSIKRING BA,7704260320,Financials,Insurance
GL,Globe Life Inc,10382790000,Financials,Insurance
GLAD,Gladstone Capital Corporation,391414140,Financials,Capital Markets
GLAE,Glassbridge Enterprises Inc,225000,Financials,Capital Markets
GLBR,Global Brokerage Inc,4910,Financials,Capital Markets
GLBZ,Glen Burnie Bancorp,20846450,Financials,Banks
GLPT,GLOBAL PROFIT TECHNLOGIS INC,32880,Financials,Capital Markets
GLRE,"Greenlight Capital Re, Ltd.",378468560,Financials,Insurance
GMNI,Gemini Group Global Corp,880,Financials,Capital Markets
GMPXF,RF CAPITAL GROUP INC,77711990,Financials,Capital Markets
GNRV,Grand River Commerce Inc,24995550,Financials,Banks
GNTY,"Guaranty Bancshares, Inc.",338103410,Financials,Banks
GNW,Genworth Financial Inc,2560871110,Financials,Insurance
GOCO,GoHealth Inc,344998500,Financials,Insurance
GOVB,"Gouverneur Bancorp, Inc.",14643510,Financials,Banks
GPKUF,GRAND PEAK CAPITAL CORP,3256740,Financials,Capital Markets
GPMT,Granite Point Mortgage Trust Inc,276458080,Financials,Mortgage Real Estate Investment Trusts (REITs)
GPMT-A,Granite Point Mortgage Trust Inc,--,Financials,Mortgage Real Estate Investment Trusts (REITs)
GPN,Global Payments Inc,33011438180,Financials,Financial Services
GRCGF,GUARDIAN CAP GRP LTD  -CL A,76691380,Financials,Capital Markets
GRNBF,GREENBANK CAPITAL INC,3443320,Financials,Capital Markets
GRNQ,Greenpro Capital Corp,9166960,Financials,Capital Markets
GROW,"U.S. Global Investors, Inc.",44171340,Financials,Capital Markets
GS,Goldman Sachs Group Inc,106816700710,Financials,Capital Markets
GSBC,"Great Southern Bancorp, Inc.",612710780,Financials,Banks
GSBD,Goldman Sachs BDC Inc,1564573920,Financials,Capital Markets
GSBX,GOLDEN STATE BANCORP,42753570,Financials,Banks
GSHD,Goosehead Insurance Inc,2635564480,Financials,Insurance
GTII,Global Tech Industries Group Inc,223408200,Financials,Capital Markets
GTPS,Great American Bancorp Inc,25725000,Financials,Banks
GVFG,Gerova Financial Group Ltd,0,Financials,Insurance
GVFGU,GEROVA FINANCIAL GROUP LTD,0,Financials,Insurance
GWLIF,GREAT-WEST LIFECO INC,26993345000,Financials,Insurance
HACBY,HACHIJUNI BANK,2668168860,Financials,Banks
HAFC,Hanmi Financial Corp,531671270,Financials,Banks
HALL,"Hallmark Financial Services, Inc.",3636000,Financials,Insurance
HARL,Harleysville Financial Corp,82440000,Financials,Banks
HASI,Hannon Armstrong Sustnbl Infrstr Cap Inc,2680577340,Financials,Mortgage Real Estate Investment Trusts (REITs)
HBAN,Huntington Bancshares Incorporated,16187320760,Financials,Banks
HBCP,"Home Bancorp, Inc.",272271120,Financials,Banks
HBCYF,HSBC HLDGS PLC,143861418580,Financials,Banks
HBIA,Hills Bancorporation,600766000,Financials,Banks
HBNC,Horizon Bancorp Inc,494914200,Financials,Banks
HBSI,Highlands Bankshares Inc (West Virginia),56154000,Financials,Banks
HBT,HBT Financial Inc,613035500,Financials,Banks
HCBN,HCB FINANCIAL CORP,26962000,Financials,Banks
HCGI,Huntwicke Capital Group Inc,33575400,Financials,Capital Markets
HCI,HCI Group Inc,441997880,Financials,Insurance
HCXLY,HISCOX LTD,4337350000,Financials,Insurance
HDB,HDFC Bank Ltd (ADR),157597156200,Financials,Banks
HFBK,Harford Bank,48501360,Financials,Banks
HFBL,Home Federal Bancorp Inc of Louisiana,45766600,Financials,Banks
HFWA,Heritage Financial Corp,601073200,Financials,Banks
HGBL,Heritage Global Inc,117935380,Financials,Capital Markets
HGTY,Hagerty Inc,2912252840,Financials,Insurance
HIFS,Hingham Institution for Savings,435246000,Financials,Banks
HIG,Hartford Financial Services Group Inc,22061638380,Financials,Insurance
HIPO,Hippo Holdings Inc,237123300,Financials,Insurance
HKXCY,HONG KONG EXCH & CLEARING,50634240190,Financials,Capital Markets
HLAN,Heartland Banccorp,181030000,Financials,Banks
HLFN,Home Loan Financial Corporation,64742400,Financials,Banks
HLI,Houlihan Lokey Inc,7176699600,Financials,Capital Markets
HLNE,Hamilton Lane Inc,5003454680,Financials,Capital Markets
HMLN,HAMLIN BANK & TRUST CO,68796000,Financials,Banks
HMN,Horace Mann Educators Corporation,1161138060,Financials,Insurance
HMNF,"HMN Financial, Inc.",86599100,Financials,Banks
HMNU,HUMAN UNITEC INTERNATIONAL,1164710,Financials,Capital Markets
HMST,HomeStreet Inc,187282210,Financials,Banks
HNNA,Hennessy Advisors Inc,52219310,Financials,Capital Markets
HNVR,Hanover Bancorp Inc (MINEOLA),134412640,Financials,Banks
HOMB,Home Bancshares Inc,4528698260,Financials,Banks
HONE,HarborOne Bancorp Inc,458933700,Financials,Banks
HONT,HONAT BANCORP INC,169430480,Financials,Banks
HOOD,Robinhood Markets Inc,9837990860,Financials,Capital Markets
HOPE,Hope Bancorp Inc,1162374330,Financials,Banks
HPIL,HPIL Holding,0,Financials,Capital Markets
HRGG,Heritage NOLA Bancorp Inc,22320000,Financials,Banks
HRGLF,HARGREAVES LANSDOWN PLC,4316302900,Financials,Capital Markets
HRTG,Heritage Insurance Holdings Inc,122172020,Financials,Insurance
HRZN,Horizon Technology Finance Corp,382198120,Financials,Capital Markets
HSBC,HSBC Holdings plc (ADR),146631755290,Financials,Banks
HSNGY,Hang Seng Bank Ltd - ADR,24031866510,Financials,Banks
HTBI,Hometrust Bancshares Inc,403088070,Financials,Banks
HTBK,Heritage Commerce Corp.,530269880,Financials,Banks
HTGC,Hercules Capital Inc,2448439700,Financials,Capital Markets
HTH,Hilltop Holdings Inc.,1926072280,Financials,Banks
HTLF,Heartland Financial USA Inc,1357976000,Financials,Banks
HUIZ,Huize Holding Ltd (ADR),58330380,Financials,Insurance
HVRRY,Hannover Rueck SE - ADR,25472498340,Financials,Insurance
HWBK,"Hawthorn Bancshares, Inc.",116917790,Financials,Banks
HWC,Hancock Whitney Corp,3608679400,Financials,Banks
HYW,Hywin Holdings Ltd - ADR,171661250,Financials,Capital Markets
HZHI,Horizons Holdings International Corp,3720,Financials,Financial Services
IAFNF,IA FINANCIAL CORP,7019195000,Financials,Insurance
IAUGY,INSURANCE AUSTRALIA GROUP,9100304200,Financials,Insurance
IBCP,Independent Bank Corp (Michigan),400658720,Financials,Banks
IBKR,"Interactive Brokers Group, Inc.",39328009020,Financials,Capital Markets
IBN,ICICI Bank Ltd (ADR),82414328050,Financials,Banks
IBOC,International Bancshares Corp,2824470480,Financials,Banks
IBTN,INSCORP INC,55743870,Financials,Banks
IBTX,Independent Bank Group Inc,1681991640,Financials,Banks
ICBT,ICBS Ltd,0,Financials,Capital Markets
ICCH,ICC Holdings Inc,49910840,Financials,Insurance
ICE,Intercontinental Exchange Inc,64378584900,Financials,Capital Markets
ICMB,Investcorp Credit Management Bdc Inc,59295040,Financials,Capital Markets
ICR-A,Inpoint Commercial Real Estate Income Inc,--,Financials,Mortgage Real Estate Investment Trusts (REITs)
ICRD,"International Card Establishment, Inc.",3590,Financials,Financial Services
IDCBY,Industrial & Cmrcl Bnk f China Ltd (ADR),50282675300,Financials,Banks
IDEA,Invent Ventures Inc,1618650,Financials,Capital Markets
IDKFF,THREED CAPITAL INC,13063430,Financials,Capital Markets
IFCZF,INTACT FINANCIAL CORP,24704226720,Financials,Insurance
IFS,Intercorp Financial Services Inc,2662116170,Financials,Banks
IGEX,Indo Global Exchange(s) Pte Ltd,5001680,Financials,Capital Markets
IGIC,International General Insuranc Hldgs Ltd,495760160,Financials,Insurance
IGIFF,IGM FINANCIAL INC,6735764130,Financials,Capital Markets
IIIV,i3 Verticals Inc,783823400,Financials,Financial Services
IITSF,INTESA SANPAOLO SPA,47808882400,Financials,Banks
IMPM,"IMPAC Mortgage Holdings, Inc",2102720,Financials,Financial Services
IMXI,International Money Express Inc,626898600,Financials,Financial Services
INBK,First Internet Bancorp,168717540,Financials,Banks
INDB,Independent Bank Corp (Massachusetts),2431838500,Financials,Banks
ING,ING Groep NV (ADR),50083195000,Financials,Banks
INIX,IFINIX CORP,0,Financials,Capital Markets
INTR,Inter & Co Inc,1633613750,Financials,Banks
INXDF,INX DIGITAL CO INC,59981950,Financials,Capital Markets
IOR,Income Opportunity Realty Investors Inc,51266400,Financials,Financial Services
IOUFF,IOU FINL INC,16706350,Financials,Financial Services
IROQ,IF Bancorp Inc,49452700,Financials,Banks
ISBA,Isabella Bank Corp,153838440,Financials,Banks
ISNPY,Intesa Sanpaolo Spa (ADR),46197678820,Financials,Banks
ISTR,Investar Holding Corp,131243850,Financials,Banks
ITCL,Banco Itau Chile (ADR),2304028100,Financials,Banks
ITIC,Investors Title Company,276199460,Financials,Insurance
ITPC,Intrepid Capital Corp.,2975000,Financials,Capital Markets
IVR,Invesco Mortgage Capital Inc,488819700,Financials,Mortgage Real Estate Investment Trusts (REITs)
IVR-B,Invesco Mortgage Capital Inc,--,Financials,Mortgage Real Estate Investment Trusts (REITs)
IVR-C,Invesco Mortgage Capital Inc,--,Financials,Mortgage Real Estate Investment Trusts (REITs)
IVZ,Invesco Ltd.,7059051430,Financials,Capital Markets
IX,ORIX Corp (ADR),22191597480,Financials,Financial Services
JAGR,Green Street Capital Corp,8560,Financials,Capital Markets
JALC,John Adams Life Corp.,14920,Financials,Insurance
JBAXY,JULIUS BAER GRUPPE AG,14075072980,Financials,Capital Markets
JBTC,JBT BANCORP INC,55008400,Financials,Banks
JDVB,JD BANCSHARES INC,89262000,Financials,Banks
JEF,Jefferies Financial Group Inc,8036960460,Financials,Capital Markets
JERT,JER Investors Trust Inc.,580,Financials,Mortgage Real Estate Investment Trusts (REITs)
JFBC,Jeffersonville Bancorp,82582500,Financials,Banks
JFIN,Jiayin Group Inc - ADR,275404050,Financials,Consumer Finance
JFWV,JSB FINANCIAL INC,22121400,Financials,Banks
JHG,Janus Henderson Group PLC,4535716040,Financials,Capital Markets
JKHY,"Jack Henry & Associates, Inc.",11436208000,Financials,Financial Services
JMON,JAMES MONROE CAPITAL CORP,299610,Financials,Financial Services
JMSB,John Marshall Bancorp Inc,259070840,Financials,Banks
JNVR,Janover Inc,13446320,Financials,Consumer Finance
JPM,JPMorgan Chase & Co,422702268810,Financials,Banks
JPPYY,Jupai Holdings Ltd (ADR),1085810,Financials,Capital Markets
JPXGY,JAPAN EXCHANGE GROUP INC,9051375600,Financials,Capital Markets
JRJCY,China Finance Online Co Ltd (ADR),240,Financials,Capital Markets
JRVR,James River Group Holdings Ltd,555609780,Financials,Insurance
JT,Jianpu Technology Inc - ADR,19736460,Financials,Consumer Finance
JUVF,Juniata Valley Financial Corp,68997500,Financials,Banks
JXN,Jackson Financial Inc,3092959360,Financials,Financial Services
KB,"KB Financial Group, Inc. (ADR)",15614305320,Financials,Banks
KBCSF,KBC GROUP NV,27157701900,Financials,Banks
KBCSY,KBC GROUP NV,26732221560,Financials,Banks
KBPH,Kyto Technology and Life Science Inc,13288000,Financials,Capital Markets
KCLI,Kansas City Life Insurance Co,244495750,Financials,Insurance
KEY,KeyCorp,10809864450,Financials,Banks
KFFB,Kentucky First Federal Bancorp,44377040,Financials,Banks
KFS,Kingsway Financial Services Inc,236907450,Financials,Insurance
KINS,Kingstone Companies Inc,17700070,Financials,Insurance
KISB,Kish Bancorp Inc,82533160,Financials,Banks
KKR,KKR & Co Inc,53176160000,Financials,Capital Markets
KKR-C,KKR & Co Inc,--,Financials,Capital Markets
KLIB,Killbuck Bancshares Inc,85966140,Financials,Banks
KMPR,Kemper Corp,3025364880,Financials,Insurance
KNSL,Kinsale Capital Group Inc,9236542360,Financials,Insurance
KPCPY,KASIKORNBANK PCL,8896944050,Financials,Banks
KPLT,Katapult Holdings Inc,53110510,Financials,Consumer Finance
KREF,KKR Real Estate Finance Trust Inc,856223340,Financials,Mortgage Real Estate Investment Trusts (REITs)
KREF-A,KKR Real Estate Finance Trust Inc,--,Financials,Mortgage Real Estate Investment Trusts (REITs)
KRNY,Kearny Financial Corp.,482264930,Financials,Banks
KSBI,Ks Bancorp Inc,60940000,Financials,Banks
KTHN,Katahdin Bankshares Corp,68611970,Financials,Banks
L,Loews Corp,13982685550,Financials,Insurance
LADR,Ladder Capital Corp,1356903080,Financials,Mortgage Real Estate Investment Trusts (REITs)
LARK,Landmark Bancorp Inc,100869720,Financials,Banks
LAZ,Lazard Ltd,3826150380,Financials,Capital Markets
LBAI,"Lakeland Bancorp, Inc.",866836570,Financials,Banks
LBC,Luther Burbank Corp,460782840,Financials,Banks
LC,LendingClub Corp,759771060,Financials,Consumer Finance
LCNB,LCNB Corp.,166199150,Financials,Banks
LDI,Loandepot Inc,629261340,Financials,Financial Services
LDNXF,LONDON STOCK EXCH GROUP PLC,56170115160,Financials,Capital Markets
LEAS,STRATEGIC ASSET LEASING INC,1776260,Financials,Financial Services
LEON,Leone Asset Management Inc,3271350,Financials,Capital Markets
LFAP,LGBTQ Loyalty Holdings Inc,117990,Financials,Capital Markets
LFGP,LEDYARD FINANCIAL GROUP INC,48177720,Financials,Banks
LFIN,Longfin Corp,0,Financials,Capital Markets
LFT,Lument Finance Trust Inc,111257250,Financials,Mortgage Real Estate Investment Trusts (REITs)
LFT-A,Lument Finance Trust Inc,--,Financials,Mortgage Real Estate Investment Trusts (REITs)
LGGNF,LEGAL & GEN GROUP PLC,16067019880,Financials,Insurance
LGGNY,Legal & General Group PLC - ADR,16524366700,Financials,Insurance
LGHL,Lion Group Holding Ltd - ADR,3234840,Financials,Capital Markets
LKFN,Lakeland Financial Corporation,1295811350,Financials,Banks
LMFA,LM Funding America Inc,8789730,Financials,Financial Services
LMND,Lemonade Inc,977011740,Financials,Insurance
LNC,Lincoln National Corp,4299475110,Financials,Insurance
LNKB,LINKBANCORP Inc,114301440,Financials,Banks
LNSTY,LONDON STOCK EXCH GROUP PLC,51936856600,Financials,Capital Markets
LOAN,Manhattan Bridge Capital Inc,54298930,Financials,Mortgage Real Estate Investment Trusts (REITs)
LOB,Live Oak Bancshares Inc,1443128390,Financials,Banks
LPLA,LPL Financial Holdings Inc,17813823560,Financials,Capital Markets
LPRO,Open Lending Corp,999379440,Financials,Capital Markets
LRBI,LAKE RIDGE BANCORP INC,--,Financials,Banks
LRCDF,LAURENTIAN BANK OF CANADA,1159603360,Financials,Banks
LRFC,Logan Ridge Finance Corp,57318300,Financials,Capital Markets
LSAK,Lesaka Technologies Inc,235392220,Financials,Financial Services
LSBK,"Lake Shore Bancorp, Inc.",73121710,Financials,Banks
LSFG,Lifestore Financial Group Inc,44238500,Financials,Banks
LU,Lufax Holding Ltd - ADR,2773898380,Financials,Consumer Finance
LUMB,Lumbee Guaranty Bank,35618000,Financials,Banks
LVPA,Lvpai Group Ltd,101104030,Financials,Capital Markets
LWCL,LEWIS & CLARK BANCORP,27898000,Financials,Banks
LX,LexinFintech Holdings Ltd - ADR,307193160,Financials,Consumer Finance
LYBC,Lyons Bancorp Inc,162624000,Financials,Banks
LYG,Lloyds Banking Group PLC (ADR),32485209460,Financials,Banks
MA,Mastercard Inc,388634183640,Financials,Financial Services
MAAL,MARKETING ALLIANCE INC,16434330,Financials,Insurance
MAIN,Main Street Capital Corp,3330091200,Financials,Capital Markets
MAMTF,MCAN MORTGAGE CORP,415106930,Financials,Financial Services
MATEF,BLOCKMATE VENTURES INC,3573710,Financials,Capital Markets
MATH,Metalpha Technology Holding Ltd,38464140,Financials,Consumer Finance
MAURY,MARUI GROUP CO LTD,3165865120,Financials,Consumer Finance
MAUSY,MATSUI SECURITIES CO LTD,1466963010,Financials,Capital Markets
MBCN,Middlefield Banc Corp,213655200,Financials,Banks
MBI,MBIA Inc,419115450,Financials,Insurance
MBIN,Merchants Bancorp,1252575890,Financials,Financial Services
MBKL,MBT BANCSHARES INC,44150400,Financials,Banks
MBVA,Millennium Bankshares Corp,20,Financials,Banks
MBWM,Mercantile Bank Corp,541888940,Financials,Banks
MC,Moelis & Co,3249355680,Financials,Capital Markets
MCB,Metropolitan Bank Holding Corp,444234770,Financials,Banks
MCBC,Macatawa Bank Corp,318563390,Financials,Banks
MCBI,Mountain Commerce Bancorp Inc,104320400,Financials,Banks
MCBK,Madison County Financial Inc,59905120,Financials,Banks
MCBS,Metrocity Bankshares Inc,507875200,Financials,Banks
MCHB,Mechanics Bank,464000000,Financials,Banks
MCHT,MAUCH CHUNK TRUST FINL CORP,26688000,Financials,Banks
MCO,Moody's Corp,62081720000,Financials,Capital Markets
MCPH,Midland Capital Holdings Corp,2032850,Financials,Banks
MCVT,Mill City Ventures III Ltd,16081000,Financials,Financial Services
MCY,Mercury General Corp,1547065740,Financials,Insurance
MDIBY,MEDIOBANCA SPA,10962558480,Financials,Banks
MDLM,Medley Management Inc,1720,Financials,Capital Markets
MDVT,MIDDLEBURY NATIONAL CORP,25830000,Financials,Banks
MDWT,Midwest Holding Inc,99073970,Financials,Insurance
MEGL,Magic Empire Global Ltd,25117440,Financials,Capital Markets
MERR,Merriman Holdings Inc,910,Financials,Capital Markets
MET,Metlife Inc,48230930970,Financials,Insurance
MET-A,Metlife Inc,--,Financials,Insurance
MFA,Mfa Financial Inc,1107317340,Financials,Mortgage Real Estate Investment Trusts (REITs)
MFA-B,MFA Financial Inc,--,Financials,Mortgage Real Estate Investment Trusts (REITs)
MFA-C,MFA Financial Inc,--,Financials,Mortgage Real Estate Investment Trusts (REITs)
MFBP,M&F Bancorp Inc,33313460,Financials,Banks
MFC,Manulife Financial Corp (USA),33977933460,Financials,Insurance
MFG,Mizuho Financial Group Inc (ADR),42647882130,Financials,Banks
MFGI,MERCHANTS FINANCIAL GROUP,212654000,Financials,Banks
MFIC,MidCap Financial Investment Corp,882873090,Financials,Capital Markets
MFIN,Medallion Financial Corp,189697100,Financials,Consumer Finance
MGHCF,Minco Capital Corp (USA),2123360,Financials,Capital Markets
MGLD,Marygold Companies Inc,46925270,Financials,Capital Markets
MGLO,MEDIA GLOBO CORP,--,Financials,Capital Markets
MGYR,Magyar Bancorp Inc,73282000,Financials,Banks
MHLD,Maiden Holdings Ltd,252474420,Financials,Insurance
MIFF,MIFFLINBURG BANCORP INC,46375000,Financials,Banks
MITJF,MINT CORP,7080000,Financials,Consumer Finance
MITT,AG Mortgage Investment Trust Inc,128795030,Financials,Mortgage Real Estate Investment Trusts (REITs)
MITT-A,AG Mortgage Investment Trust Inc,--,Financials,Mortgage Real Estate Investment Trusts (REITs)
MITT-B,AG Mortgage Investment Trust Inc,--,Financials,Mortgage Real Estate Investment Trusts (REITs)
MITT-C,AG Mortgage Investment Trust Inc,--,Financials,Mortgage Real Estate Investment Trusts (REITs)
MIUFY,MITSUBISHI HC CAPITAL INC,6089767840,Financials,Financial Services
MKL,Markel Group Inc,19377908160,Financials,Insurance
MKTW,MarketWise Inc,526204450,Financials,Capital Markets
MKTX,Marketaxess Holdings Inc,9117457230,Financials,Capital Markets
ML,Meili Auto Holdings Ltd - ADR,241137520,Financials,Consumer Finance
MLGF,MALAGA FINANCIAL CORP,196604000,Financials,Banks
MLYBY,Malayan Banking Bhd (ADR),29653154880,Financials,Banks
MMC,Marsh & McLennan Companies Inc,95535643140,Financials,Insurance
MNAT,MARQUETTE NATIONAL CORP,125121360,Financials,Banks
MNBP,MARS BANCORP INC,30656000,Financials,Banks
MNMB,Merchants & Marine Bancorp Inc,53944800,Financials,Banks
MNSB,MainStreet Bancshares Inc,172811630,Financials,Banks
MOBIF,MOBI724 GLOBAL SOLUTIONS INC,3831650,Financials,Financial Services
MODC,MODERN TECHNOLOGY CORP,0,Financials,Capital Markets
MOFG,Midwestone Financial Group Inc (IOWA),334090500,Financials,Banks
MOGO,MOGO INC,41983200,Financials,Consumer Finance
MOMT,MoneyOnMobile Inc,400,Financials,Financial Services
MORN,Morningstar Inc,10201983720,Financials,Capital Markets
MPB,Mid Penn Bancorp Inc,368914980,Financials,Banks
MQ,Marqeta Inc,3361344670,Financials,Financial Services
MQBKY,Macquarie Group Ltd (ADR),41722928520,Financials,Capital Markets
MRAI,Marpai Inc,7075330,Financials,Insurance
MRBK,Meridian Corp,133185870,Financials,Banks
MRBLF,MARBLE FINANCIAL INC,6321830,Financials,Consumer Finance
MRCC,Monroe Capital Corp,167493350,Financials,Capital Markets
MS,Morgan Stanley,140850479840,Financials,Capital Markets
MSADY,MS&AD Insurance Group Holdings Inc,19263126740,Financials,Insurance
MSBC,MISSION BANCORP/CA,200556000,Financials,Banks
MSBI,Midland States Bancorp Inc,484525080,Financials,Banks
MSCI,Msci Inc,42696987540,Financials,Capital Markets
MSVB,Mid-Southern Bancorp Inc,30263650,Financials,Banks
MTB,M&t Bank Corp,20655672030,Financials,Banks
MTB-H,M&T Bank Corp,--,Financials,Banks
MTG,MGIC Investment Corp,4888388120,Financials,Financial Services
MUFG,Mitsubishi UFJ Financial Group Inc (ADR),98418044260,Financials,Banks
MURGY,Muenchener Rueck Ges in Mnhn AG - ADR,52116915000,Financials,Insurance
MVBF,MVB Financial Corp,301972800,Financials,Banks
MVLY,Mission Valley Bancorp,42709920,Financials,Banks
MYBF,Muncy Bank Financial Inc,57888000,Financials,Banks
MYFW,First Western Financial Inc,196013760,Financials,Banks
NABZY,National Australia Bank Ltd. (ADR),58176897060,Financials,Banks
NACB,NATIONAL CAPITAL BANK/WA,44485000,Financials,Banks
NACQQ,NEXTPOINT FINANCIAL INC,4160800,Financials,Consumer Finance
NASB,"NASB Financial, Inc.",222390000,Financials,Banks
NAVI,Navient Corp,2167555650,Financials,Consumer Finance
NBDR,NO BORDERS INC,355070,Financials,Consumer Finance
NBHC,National Bank Holdings Corp,1183653600,Financials,Banks
NBN,Northeast Bank,337972830,Financials,Banks
NBTB,NBT Bancorp Inc.,1589657120,Financials,Banks
NCPL,Netcapital Inc,4659480,Financials,Capital Markets
NCXS,NBC BANCORP INC,21285000,Financials,Banks
NDAQ,Nasdaq Inc,24949026480,Financials,Capital Markets
NDBKY,Nedbank Group Ltd. (ADR),5225643240,Financials,Banks
NDEV,NOVUS ACQ & DEVELOPMENT CORP,1832670,Financials,Insurance
NECB,Northeast Community Bancorp Inc,242439150,Financials,Banks
NEFB,Neffs Bancorp Inc,42120000,Financials,Banks
NEGXF,NEXGENRX INC,14840900,Financials,Insurance
NEWT,NewtekOne Inc,433716180,Financials,Capital Markets
NFBK,Northfield Bancorp Inc,467650260,Financials,Banks
NFSE,nFinanSe Inc,6380,Financials,Consumer Finance
NIC,Nicolet Bankshares Inc,1136159200,Financials,Banks
NICK,"Nicholas Financial, Inc.",36865000,Financials,Consumer Finance
NIDB,Northeast Indiana Bancorp Inc,52309500,Financials,Banks
NITMF,HANNA CAPITAL CORP,834560,Financials,Capital Markets
NKSH,National Bankshares Inc.,155224740,Financials,Banks
NLY,"Annaly Capital Management, Inc.",9932489880,Financials,Mortgage Real Estate Investment Trusts (REITs)
NLY-F,Annaly Capital Management Inc,--,Financials,Mortgage Real Estate Investment Trusts (REITs)
NLY-G,Annaly Capital Management Inc,--,Financials,Mortgage Real Estate Investment Trusts (REITs)
NLY-I,Annaly Capital Management Inc,--,Financials,Mortgage Real Estate Investment Trusts (REITs)
NMFC,New Mountain Finance Corp.,1285432690,Financials,Capital Markets
NMIH,NMI Holdings Inc,2321147010,Financials,Financial Services
NMR,Nomura Holdings Inc (ADR),12208297320,Financials,Capital Markets
NNGPF,NN GROUP N.V.,10830000000,Financials,Insurance
NNGRY,NN GROUP N.V.,10753420470,Financials,Insurance
NNI,"Nelnet, Inc.",3412076170,Financials,Consumer Finance
NOAH,Noah Holdings Limited (ADR),896559600,Financials,Capital Markets
NODB,NORTH DALLAS BANK & TRUST CO,142707950,Financials,Banks
NODK,NI Holdings Inc,257032160,Financials,Insurance
NRDBY,NORDEA BANK ABP,39289250000,Financials,Banks
NRDS,Nerdwallet Inc,698608370,Financials,Consumer Finance
NREF,NexPoint Real Estate Finance Inc,290703840,Financials,Mortgage Real Estate Investment Trusts (REITs)
NREF-A,Nexpoint Real Estate Finance Inc,--,Financials,Mortgage Real Estate Investment Trusts (REITs)
NRIM,Northrim BanCorp Inc,237253050,Financials,Banks
NRLB,Northern California Bancorp Inc,17860,Financials,Banks
NSTS,NSTS Bancorp Inc,49088210,Financials,Banks
NTB,Bank of N T Butterfield & Son Ltd,1429767390,Financials,Banks
NTFL,"Network 1 Financial Group, Inc.",5660,Financials,Capital Markets
NTIOF,NATIONAL BANK CANADA,23410904820,Financials,Banks
NTRS,Northern Trust Corp,15881346880,Financials,Capital Markets
NU,Nu Holdings Ltd,32510632680,Financials,Banks
NUBC,Northumberland Bancorp,31562840,Financials,Banks
NVEI,NUVEI CORP,2577588100,Financials,Financial Services
NWBI,Northwest Bancshares Inc,1384075440,Financials,Banks
NWFL,Norwood Financial Corp,222543020,Financials,Banks
NWG,Natwest Group PLC - ADR,25947963450,Financials,Banks
NWITY,NETWORK INTERNATIONAL HOLDIN,2586496400,Financials,Financial Services
NWLI,National Western Life Group Inc,1660852080,Financials,Insurance
NWPP,New Peoples Bankshares Inc,53536500,Financials,Banks
NWYF,Northway Financial Inc,47334400,Financials,Banks
NYCB,"New York Community Bancorp, Inc.",8684149500,Financials,Banks
NYMT,New York Mortgage Trust Inc,849993750,Financials,Mortgage Real Estate Investment Trusts (REITs)
OAKC,OAKWORTH CAPITAL INC,162776500,Financials,Banks
OBDC,Blue Owl Capital Corp,5339342100,Financials,Capital Markets
OBK,Origin Bancorp Inc,950086260,Financials,Banks
OBT,Orange County Bancorp Inc,269661650,Financials,Banks
OCCI,OFS Credit Company Inc,95109700,Financials,Capital Markets
OCFC,OceanFirst Financial Corp.,1008671480,Financials,Banks
OCN,Ocwen Financial Corp,220982440,Financials,Financial Services
OCSL,Oaktree Specialty Lending Corp,1538902200,Financials,Capital Markets
OFED,Oconee Federal Financial Corp,77123750,Financials,Banks
OFG,OFG Bancorp,1418171790,Financials,Banks
OFS,OFS Capital Corp,147294930,Financials,Capital Markets
OICT,OICINTRA INC,2245660000,Financials,Insurance
OLB,OLB Group Inc,9701470,Financials,Financial Services
OLNK,Onelink Corp,0,Financials,Financial Services
OMF,OneMain Holdings Inc,4884154080,Financials,Consumer Finance
ONB,Old National Bancorp,4519037110,Financials,Banks
ONEXF,ONEX CORP,5003360800,Financials,Capital Markets
OPBK,OP Bancorp,143725500,Financials,Banks
OPFI,Oppfi Inc,285249540,Financials,Consumer Finance
OPHC,"OptimumBank Holdings, Inc.",22475000,Financials,Banks
OPOF,Old Point Financial Corp,91169700,Financials,Banks
OPRT,Oportun Financial Corp,247840320,Financials,Consumer Finance
OPY,Oppenheimer Holdings Inc. (USA),393024750,Financials,Capital Markets
ORBN,OREGON BANCORP INC/OR,56702100,Financials,Banks
ORC,Orchid Island Capital Inc,436025620,Financials,Mortgage Real Estate Investment Trusts (REITs)
ORI,Old Republic International Corp,7695323500,Financials,Insurance
ORPB,Oregon Pacific Bancorp,47362300,Financials,Banks
ORRF,Orrstown Financial Services Inc,225695970,Financials,Banks
OSBC,Old Second Bancorp Inc,664093870,Financials,Banks
OSCR,Oscar Health Inc,1412431690,Financials,Insurance
OTCM,OTC Markets Group Inc,668284150,Financials,Capital Markets
OTTW,Ottawa Savings Bancorp Inc,28401490,Financials,Banks
OVBC,Ohio Valley Banc Corp,116893190,Financials,Banks
OVCHY,OVERSEA CHINESE BANKING,42596226900,Financials,Banks
OVLY,Oak Valley Bancorp,217154040,Financials,Banks
OWL,Blue Owl Capital Inc,16555825650,Financials,Capital Markets
OXBC,OXFORD BANK CORP,76477200,Financials,Banks
OXBR,Oxbridge Re Holdings Ltd,6867900,Financials,Insurance
OXSQ,Oxford Square Capital Corp,173745880,Financials,Capital Markets
OZK,Bank Ozk,5213479560,Financials,Banks
PABN,Panamerican Bancorp,0,Financials,Banks
PACW,PacWest Bancorp,957827440,Financials,Banks
PAGS,PagSeguro Digital Ltd,2982622790,Financials,Financial Services
PAX,Patria Investments Ltd,2119579200,Financials,Capital Markets
PAY,Paymentus Holdings Inc,1935464380,Financials,Financial Services
PAYO,Payoneer Global Inc,2217880920,Financials,Financial Services
PAYS,Paysign Inc,113946480,Financials,Financial Services
PB,"Prosperity Bancshares, Inc.",5374956700,Financials,Banks
PBAM,PRIVATE BANCORP OF AMERICA,185347500,Financials,Banks
PBBK,PB Bankshares Inc,35776000,Financials,Banks
PBCO,PBCO FINANCIAL CORPORATION,63900000,Financials,Banks
PBFS,Pioneer Bancorp Inc,232762880,Financials,Banks
PBHC,Pathfinder Bancorp Inc (MARYLAND),62095600,Financials,Banks
PBNK,PINNACLE BANK (CA),77508750,Financials,Banks
PCB,PCB Bancorp,230508080,Financials,Banks
PCLB,"Pinnacle Bancshares, Inc.",23136000,Financials,Banks
PCOA,Pendrell Corp,150000000,Financials,Capital Markets
PDLB,Ponce Financial Group Inc,184974280,Financials,Banks
PEBC,Peoples Bancorp Inc (Maryland),20484900,Financials,Banks
PEBK,"Peoples Bancorp of North Carolina, Inc.",120877420,Financials,Banks
PEBO,Peoples Bancorp Inc.,914314500,Financials,Banks
PFBC,Preferred Bank,895722080,Financials,Banks
PFBX,Peoples Financial Corp,57586180,Financials,Banks
PFC,Premier Financial Corp (OHIO),667436400,Financials,Banks
PFG,Principal Financial Group Inc,18706323850,Financials,Insurance
PFIS,Peoples Financial Services Corp,323086150,Financials,Banks
PFLC,Pacific Financial Corp,104270000,Financials,Banks
PFLT,Pennantpark Floating Rate Capital Ltd,625234070,Financials,Capital Markets
PFS,"Provident Financial Services, Inc.",1237439470,Financials,Banks
PFSI,PennyMac Financial Services Inc,3545043920,Financials,Financial Services
PFX,Phenixfin Corp,79382000,Financials,Capital Markets
PGC,Peapack-Gladstone Financial Corp,487626880,Financials,Banks
PGNN,PARAGON FINANCIAL SOLUTIONS,38578750,Financials,Banks
PGR,Progressive Corp,78415102000,Financials,Insurance
PHCFF,Puhui Wealth Investment Managemnt Co Ltd,680,Financials,Capital Markets
PHIL,PHI Group Inc,18529650,Financials,Capital Markets
PIAC,Princeton Capital Corp,31326360,Financials,Capital Markets
PIPR,Piper Sandler Companies,2576666700,Financials,Capital Markets
PJT,PJT Partners Inc,1878422160,Financials,Capital Markets
PKBK,"Parke Bancorp, Inc.",212059250,Financials,Banks
PKIN,PEKIN LIFE INSURANCE CO,196282000,Financials,Insurance
PLBC,Plumas Bancorp,201203800,Financials,Banks
PLMR,Palomar Holdings Inc,1242295820,Financials,Insurance
PMHG,PRIME MERIDIAN HOLDING CO,72618000,Financials,Banks
PMT,PennyMac Mortgage Investment Trust,1130916600,Financials,Mortgage Real Estate Investment Trusts (REITs)
PMT-A,PennyMac Mortgage Investment Trust,--,Financials,Mortgage Real Estate Investment Trusts (REITs)
PMT-B,PennyMac Mortgage Investment Trust,--,Financials,Mortgage Real Estate Investment Trusts (REITs)
PMT-C,PennyMac Mortgage Investment Trust,--,Financials,Mortgage Real Estate Investment Trusts (REITs)
PNBI,Pioneer Bankshares Inc.,21363900,Financials,Banks
PNBK,Patriot National Bancorp Inc,31799300,Financials,Banks
PNC,PNC Financial Services Group Inc,48168942250,Financials,Banks
PNFP,Pinnacle Financial Partners Inc,5262213250,Financials,Banks
PNGAY,Ping An Insuranc Grp Co of Chn Ltd(ADR),45690506380,Financials,Insurance
PNNT,PennantPark Investment Corp.,429832750,Financials,Capital Markets
PNPFF,PINETREE CAPITAL LTD,29099700,Financials,Capital Markets
PNXPF,PLANET VENTURES INC,3783410,Financials,Capital Markets
POSAF,POSABIT SYSTEMS CORP,68816260,Financials,Financial Services
PPBB,PEOPLES BANCORP,--,Financials,Banks
PPBI,"Pacific Premier Bancorp, Inc.",2222026170,Financials,Banks
PPBN,Pinnacle Bankshares Corp,43630300,Financials,Banks
PPCCF,PICC PROPERTY AND CASUALTY,25579179750,Financials,Insurance
PPCCY,PICC PROPERTY AND CASUALTY,8200149220,Financials,Insurance
PPERY,BANK MANDIRI (PERSERO) TBK,37309761340,Financials,Banks
PPHI,Positive Physicians Holdings Inc,28928000,Financials,Insurance
PPLL,PEOPLES LTD,54482500,Financials,Banks
PRA,ProAssurance Corporation,923893420,Financials,Insurance
PRAA,Pra Group Inc,753446400,Financials,Consumer Finance
PRG,PROG Holdings Inc,1517572000,Financials,Consumer Finance
PRI,"Primerica, Inc.",7184517290,Financials,Insurance
PRK,Park National Corp,1621599670,Financials,Banks
PRLPF,PROPEL HOLDINGS INC,240275000,Financials,Consumer Finance
PRMY,PRIMARY BANK,99984750,Financials,Banks
PROV,"Provident Financial Holdings, Inc.",93108460,Financials,Banks
PRPM,ProTek Capital Inc,0,Financials,Capital Markets
PRTH,Priority Technology Holdings Inc,281781280,Financials,Financial Services
PRTHU,PRIORITY TECHNLGY HLDNGS INC,22906460,Financials,Financial Services
PRU,Prudential Financial Inc,34463220000,Financials,Insurance
PSBQ,PSB Holdings Inc (Wisconsin),90085000,Financials,Banks
PSEC,Prospect Capital Corporation,2420163660,Financials,Capital Markets
PSEC-A,Prospect Capital Corp,--,Financials,Capital Markets
PSFE,Paysafe Ltd,821141330,Financials,Financial Services
PSTVY,POSTAL SAVINGS BANK OF CHINA,10126641600,Financials,Banks
PT,Pintec Technology Holdings Ltd - ADR,8135500,Financials,Consumer Finance
PTBS,Potomac Bancshares Inc,68624400,Financials,Banks
PTMN,Portman Ridge Finance Corp,184169960,Financials,Capital Markets
PTRS,Partners Bancorp,138492200,Financials,Banks
PUK,Prudential PLC,33465340480,Financials,Insurance
PUYI,Puyi Inc (ADR),332335650,Financials,Capital Markets
PVBC,Provident Bancorp Inc (Maryland),177744300,Financials,Banks
PVBK,Pacific Valley Bank,43300800,Financials,Banks
PVVLF,PARTNERS VALUE INVMNTS LP,3483697500,Financials,Capital Markets
PWBK,PACIFIC WEST BANCORP,28238020,Financials,Banks
PWCDF,POWER CORP CANADA,16568936300,Financials,Insurance
PWM,Prestige Wealth Inc,56364000,Financials,Capital Markets
PWOD,"Penns Woods Bancorp, Inc.",177498630,Financials,Banks
PWP,Perella Weinberg Partners,884430910,Financials,Capital Markets
PWWBF,POWERBAND SOLUTIONS INC,4040310,Financials,Consumer Finance
PX,P10 Inc,1335195450,Financials,Capital Markets
PYCFF,MOUNT LOGAN CAPITAL INC,48476050,Financials,Financial Services
PYFRF,PAYFARE INC,251059800,Financials,Financial Services
PYPL,PayPal Holdings Inc,70043780230,Financials,Financial Services
QBIEY,QBE INSURANCE GROUP LTD,14144965800,Financials,Insurance
QCAAF,QUINSAM CAPITAL CORP,1958270,Financials,Capital Markets
QCCO,"QC Holdings, Inc.",11065080,Financials,Consumer Finance
QCRH,"QCR Holdings, Inc.",883440600,Financials,Banks
QD,Qudian Inc (ADR),527388160,Financials,Consumer Finance
QEDN,Qed Connect Inc,2207840,Financials,Financial Services
QFIN,Qifu Technology Inc - ADR,2794959150,Financials,Consumer Finance
QIWI,Qiwi PLC,355582710,Financials,Financial Services
QMCI,QuoteMedia Inc,25514800,Financials,Capital Markets
QNBC,QNB Corp,87843840,Financials,Banks
QNTO,Quaint Oak Bancorp Inc,34881600,Financials,Banks
QUCT,QUEEN CITY INVESTMENTS INC,--,Financials,Capital Markets
RAFI,Regency Affiliates Inc,23352750,Financials,Financial Services
RAHGF,Roan Holdings Group Co Ltd,493120,Financials,Consumer Finance
RAIFF,RAIFFEISEN BANK INTERNATI AG,5098570000,Financials,Banks
RAIFY,RAIFFEISEN BANK INTERNATI AG,4663585300,Financials,Banks
RAND,Rand Capital Corp,35540110,Financials,Capital Markets
RBB,RBB Bancorp,262890800,Financials,Banks
RBCAA,Republic Bancorp Inc,874744680,Financials,Banks
RBKB,Rhinebeck Bancorp Inc,74927840,Financials,Banks
RBRI,RBR Global Inc,233208000,Financials,Financial Services
RC,Ready Capital Corp,1861596900,Financials,Mortgage Real Estate Investment Trusts (REITs)
RC-C,Ready Capital Corp,--,Financials,Mortgage Real Estate Investment Trusts (REITs)
RC-E,Ready Capital Corp,--,Financials,Mortgage Real Estate Investment Trusts (REITs)
RCBC,RIVER CITY BANK/CA,293916700,Financials,Banks
RDN,Radian Group Inc,4174937520,Financials,Financial Services
RDWD,Redwood Group International,0,Financials,Capital Markets
REDW,REDWOOD FINANCIAL INC,60745950,Financials,Banks
REFI,Chicago Atlantic Real Estate Finance Inc,272079750,Financials,Mortgage Real Estate Investment Trusts (REITs)
RELI,Reliance Global Group Inc,5633900,Financials,Insurance
RELY,Remitly Global Inc,4643224380,Financials,Financial Services
RF,Regions Financial Corp,17327131300,Financials,Banks
RFNS,Reliant Financial Service Corp,0,Financials,Financial Services
RGA,Reinsurance Group of America Inc,9080313680,Financials,Insurance
RGSG,China Ivy School Inc,7875000,Financials,Capital Markets
RILY,B Riley Financial Inc,1519428400,Financials,Capital Markets
RITM,Rithm Capital Corp,4970956490,Financials,Mortgage Real Estate Investment Trusts (REITs)
RITM-A,Rithm Capital Corp,--,Financials,Mortgage Real Estate Investment Trusts (REITs)
RITM-B,Rithm Capital Corp,--,Financials,Mortgage Real Estate Investment Trusts (REITs)
RITM-C,Rithm Capital Corp,--,Financials,Mortgage Real Estate Investment Trusts (REITs)
RITM-D,Rithm Capital Corp,--,Financials,Mortgage Real Estate Investment Trusts (REITs)
RJF,Raymond James Financial Inc,22264645620,Financials,Capital Markets
RKFL,Rocketfuel Blockchain Inc,4799230,Financials,Financial Services
RKT,Rocket Companies Inc,20187732710,Financials,Financial Services
RLI,RLI Corp,5995646020,Financials,Insurance
RM,Regional Management Corp,270517500,Financials,Consumer Finance
RMBI,Richmond Mutual Bancorporation Inc,128622980,Financials,Banks
RMIAF,AUTOMOTIVE FINCO CORP,20742570,Financials,Financial Services
RNR,Renaissancere Holdings Ltd,9673398000,Financials,Insurance
RNST,Renasant Corp,1529733250,Financials,Banks
ROOT,Root Inc,170375000,Financials,Insurance
RPAY,Repay Holdings Corp,892556920,Financials,Financial Services
RPMT,Rego Payment Architectures Inc,189347200,Financials,Financial Services
RRBI,Red River Bancshares Inc,343323750,Financials,Banks
RSCZF,POLARIS NORTHSTAR CAP CORP,264170,Financials,Capital Markets
RVRF,River Financial Corp,200100000,Financials,Banks
RVSB,Riverview Bancorp Inc,126520780,Financials,Banks
RVYL,Ryvyl Inc,58145130,Financials,Financial Services
RWAY,Runway Growth Finance Corp,534722850,Financials,Capital Markets
RWCB,REDWOOD CAPITAL BANCORP,38709660,Financials,Banks
RWT,Redwood Trust Inc,901885320,Financials,Mortgage Real Estate Investment Trusts (REITs)
RWT-A,Redwood Trust Inc,--,Financials,Mortgage Real Estate Investment Trusts (REITs)
RY,Royal Bank of Canada,125157877920,Financials,Banks
RYAN,Ryan Specialty Holdings Inc,12604911480,Financials,Insurance
SABK,South Atlantic Bancshares Inc,82284630,Financials,Banks
SACH,Sachem Capital Corp,159391190,Financials,Mortgage Real Estate Investment Trusts (REITs)
SACH-A,Sachem Capital Corp,--,Financials,Mortgage Real Estate Investment Trusts (REITs)
SAFT,Safety Insurance Group Inc,999569400,Financials,Insurance
SAMG,Silvercrest Asset Management Group Inc,265825360,Financials,Capital Markets
SAN,Banco Santander SA (ADR),59990781620,Financials,Banks
SAR,Saratoga Investment Corp,321422400,Financials,Capital Markets
SASR,Sandy Spring Bancorp Inc,992347440,Financials,Banks
SAXPY,SAMPO PLC,21371997010,Financials,Insurance
SBCF,Seacoast Banking Corporation of Florida,2021660380,Financials,Banks
SBFG,SB Financial Group Inc,98254450,Financials,Banks
SBKFF,STATE BANK OF INDIA,64703422500,Financials,Banks
SBKO,Summit Bank (Oregon),90363900,Financials,Banks
SBNC,SOUTHERN BANCSHARES NC INC,417300000,Financials,Banks
SBNY,Signature Bank,1889220,Financials,Banks
SBSI,Southside Bancshares Inc,917486600,Financials,Banks
SBT,Sterling Bancorp Inc,298395480,Financials,Banks
SCBFF,STANDARD CHARTERED PLC,25167806300,Financials,Banks
SCBFY,STANDARD CHARTERED PLC,24974198760,Financials,Banks
SCGLF,SOCIETE GENERALE GROUP,22447731300,Financials,Banks
SCGLY,Societe Generale SA (ADR),22176634180,Financials,Banks
SCGX,GTEK Industries Inc,636762000,Financials,Capital Markets
SCHW,Charles Schwab Corp,108893451830,Financials,Capital Markets
SCM,Stellus Capital Investment Corp,312653880,Financials,Capital Markets
SCNG,Evolution Fuels Inc,66490,Financials,Capital Markets
SCRYY,SCOR SE (ADR),5648082300,Financials,Insurance
SCU,Sculptor Capital Management Inc,685725480,Financials,Capital Markets
SCYT,SECURITY BANCORP INC TENN,21926100,Financials,Banks
SCZC,West Coast Community Bancorp,221253760,Financials,Banks
SEBC,Southeastern Banking Corp,60656750,Financials,Banks
SEIC,SEI Investments Co,8135384470,Financials,Capital Markets
SEMUF,Siem Industries SA,590400000,Financials,Financial Services
SEVN,Seven Hills Realty Trust,159940490,Financials,Mortgage Real Estate Investment Trusts (REITs)
SEZNL,SEZZLE INC,78086250,Financials,Financial Services
SF,Stifel Financial Corp,6884755840,Financials,Capital Markets
SFBC,Sound Financial Bancorp Inc,96669860,Financials,Banks
SFBI,SFSB Inc,270,Financials,Banks
SFBS,ServisFirst Bancshares Inc,2970407340,Financials,Banks
SFDL,Security Federal Corp,74981650,Financials,Banks
SFE,Safeguard Scientifics Inc,19825200,Financials,Capital Markets
SFIGA,STAR FINANCIAL GROUP INC,--,Financials,Banks
SFNC,Simmons First National Corp,2222842510,Financials,Banks
SFST,Southern First Bancshares Inc,233961720,Financials,Banks
SGBLY,STANDARD BANK GROUP LTD,16680103720,Financials,Banks
SGCFF,SAGICOR FINANCIAL CO LTD,447038660,Financials,Insurance
SHBI,Shore Bancshares Inc,382405030,Financials,Banks
SHFS,SHF Holdings Inc,20894850,Financials,Financial Services
SHG,Shinhan Financial Group Co Ltd (ADR),13855254930,Financials,Banks
SICP,Silvergate Capital Corp,6024710,Financials,Banks
SIEB,Siebert Financial Corp,85494960,Financials,Capital Markets
SIGI,Selective Insurance Group Inc,5907705180,Financials,Insurance
SII,SPROTT INC,873691700,Financials,Capital Markets
SIVBQ,SVB Financial Group,4617680,Financials,Banks
SKWD,Skyward Specialty Insurance Group Inc,919622340,Financials,Insurance
SLBK,Skyline Bankshares Inc,66441320,Financials,Banks
SLF,Sun Life Financial Inc,28671766200,Financials,Insurance
SLLDY,SANLAM-STH AFR NAT LIFE ASSR,7405150000,Financials,Insurance
SLM,SLM Corp,3299652200,Financials,Consumer Finance
SLNFF,SOLUTION FINANCIAL INC,17129780,Financials,Financial Services
SLQT,SelectQuote Inc,194155410,Financials,Insurance
SLRC,SLR Investment Corp,819143330,Financials,Capital Markets
SLRK,Solera National Bancorp Inc,49020000,Financials,Banks
SMAL,SUMMIT BANCSHARES INC/CA,43650000,Financials,Banks
SMBC,Southern Missouri Bancorp Inc,493761400,Financials,Banks
SMBK,SmartFinancial Inc,391432080,Financials,Banks
SMCE,SMC Entertainment Inc,955850,Financials,Capital Markets
SMFG,Sumitomo Mitsui Financial Group Inc(ADR),62269397550,Financials,Banks
SMMF,Summit Financial Group Inc,365919680,Financials,Banks
SMURF,TOKENS.COM CORP,14149380,Financials,Capital Markets
SNEX,Stonex Group Inc,1898999400,Financials,Capital Markets
SNFCA,Security National Financial Corp,189769320,Financials,Financial Services
SNLC,SECURITY NATIONAL CORP/IA,221977000,Financials,Banks
SNMCY,SUNCORP GROUP LTD,10930257460,Financials,Insurance
SNMN,SNM Gobal Holdings,381350,Financials,Capital Markets
SNV,Synovus Financial Corp,4598413820,Financials,Banks
SNV-D,Synovus Financial Corp,--,Financials,Banks
SNV-E,Synovus Financial Corp,--,Financials,Banks
SOBS,Solvay Bank,78346500,Financials,Banks
SOFI,SoFi Technologies Inc,8346751490,Financials,Consumer Finance
SOHI,SORTIS HOLDINGS INC,47299500,Financials,Banks
SOMC,Southern Michigan Bancorp Inc,79986300,Financials,Banks
SOME,SOMERSET TRUST HOLDING CO,103023700,Financials,Banks
SPFI,South Plains Financial Inc,452111220,Financials,Banks
SPFX,Standard Premium Finance Holdings Inc,14525000,Financials,Financial Services
SPGI,S&P Global Inc,125405802000,Financials,Capital Markets
SPNT,Siriuspoint Ltd,1737953060,Financials,Insurance
SPNT-B,Siriuspoint Ltd,--,Financials,Insurance
SPXCY,SINGAPORE EXCHANGE LTD,7579115660,Financials,Capital Markets
SQ,Block Inc,35976181720,Financials,Financial Services
SQCF,Susquehanna Community Financial Inc,45657000,Financials,Banks
SRCE,1st Source Corp,1116144480,Financials,Banks
SRNN,Southern Banc Company Inc,11364600,Financials,Banks
SSB,SouthState Corp,5594801660,Financials,Banks
SSBI,Summit State Bank,106367620,Financials,Banks
SSBK,Southern States Bancshares Inc,209783750,Financials,Banks
SSBP,SSB Bancorp Inc,16144070,Financials,Banks
SSCC,Spirits Capital Corp,190962000,Financials,Capital Markets
SSIC,Silver Spike Investment Corp,61839250,Financials,Capital Markets
SSREF,SWISS RE LTD,28066514560,Financials,Insurance
SSREY,SWISS RE LTD,27742848000,Financials,Insurance
SSSS,SuRo Capital Corp,94011860,Financials,Capital Markets
STBA,S&T Bancorp Inc,1077659560,Financials,Banks
STBI,Sturgis Bancorp Inc,40881300,Financials,Banks
STC,Stewart Information Services Corp,1269948240,Financials,Insurance
STCGF,STACK CAPITAL GROUP INC,46515490,Financials,Capital Markets
STEL,Stellar Bancorp Inc,1160515160,Financials,Banks
STEP,Stepstone Group Inc,3370516750,Financials,Capital Markets
STNE,StoneCo Ltd,3851671200,Financials,Financial Services
STOCF,STOCK TREND CAPITAL INC,6966770,Financials,Capital Markets
STT,State Street Corp,22401985200,Financials,Capital Markets
STWD,Starwood Property Trust Inc,6429131230,Financials,Mortgage Real Estate Investment Trusts (REITs)
STXMF,STARREX INTERNATIONAL LTD,11338140,Financials,Capital Markets
SUND,Sundance Strategies Inc,21519740,Financials,Financial Services
SUPV,Grupo Supervielle SA -ADR,262157280,Financials,Banks
SUTNY,SUMITOMO MITSUI TRUST HLDGS,13725187560,Financials,Banks
SVCTF,SENVEST CAPITAL INC,606375000,Financials,Capital Markets
SVKEF,SKANDINAVISKA ENSKILDA BANK,23475475970,Financials,Banks
SVNLY,SVENSKA HANDELSBANKEN,16277783490,Financials,Banks
SVVC,Firsthand Technology Value Fund Inc,3241090,Financials,Capital Markets
SWDBY,Swedbank AB (ADR),19706425920,Financials,Banks
SWKH,SWK Holdings Corp,198884400,Financials,Financial Services
SYBT,Stock Yards Bancorp Inc,1335222800,Financials,Banks
SYF,Synchrony Financial,13342128610,Financials,Consumer Finance
TBBA,Teb Bancorp Inc,18231550,Financials,Banks
TBBK,Bancorp Inc,1944381240,Financials,Banks
TBCRF,TIMBERCREEK FINANCIAL CORP,441095870,Financials,Financial Services
TBNK,Territorial Bancorp Inc,90436780,Financials,Banks
TCBC,TC Bancshares Inc,64606400,Financials,Banks
TCBI,Texas Capital Bancshares Inc,2984702180,Financials,Banks
TCBK,TriCo Bancshares,1129611480,Financials,Banks
TCBS,Texas Community Bancshares Inc,40985730,Financials,Banks
TCBX,Third Coast Bancshares Inc,255879630,Financials,Banks
TCJH,Top KingWin Ltd,18437500,Financials,Capital Markets
TCPC,BlackRock TCP Capital Corp,721221000,Financials,Capital Markets
TD,Toronto-Dominion Bank,110935777180,Financials,Banks
TDCB,THIRD CENTURY BANCORP,9844250,Financials,Banks
TDHOY,T&D HLDGS INC,8537366250,Financials,Insurance
TETAA,Teton Advisors Inc,19695000,Financials,Capital Markets
TFC,Truist Financial Corp,40691866800,Financials,Banks
TFCCF,TERRA FIRMA CAPITAL CORP,28422560,Financials,Financial Services
TFIN,Triumph Financial Inc,1488267440,Financials,Banks
TFSL,TFS Financial Corp,3827892500,Financials,Financial Services
TGIC,Triad Guaranty Inc,16900,Financials,Financial Services
TGOPF,3I GROUP PLC,24581752210,Financials,Capital Markets
TGOPY,3I GROUP PLC,24693686540,Financials,Capital Markets
THFF,First Financial Corp,442513200,Financials,Banks
THG,Hanover Insurance Group Inc,3816918270,Financials,Insurance
THVB,Thomasville Bancshares Inc,365843500,Financials,Banks
TIGR,Up Fintech Holding Ltd,853992560,Financials,Capital Markets
TIPT,Tiptree Inc,632100000,Financials,Insurance
TIRX,Tian Ruixiang Holdings Ltd,4748750,Financials,Insurance
TISDZ,TREASURE ISLAND ROYALTY TR,4260,Financials,Capital Markets
TKGBY,Turkiye Garanti Bankasi AS (ADR),7823760000,Financials,Banks
TKGZY,TURKIYE GARANTI BANKASI AS,2368800000,Financials,Banks
TKOMY,Tokio Marine Holdings Inc (ADR),44351561830,Financials,Insurance
TKYVY,Turkiye Vakiflar Bankasi TAO(ADR),3966368000,Financials,Banks
TMAK,Touchmark Bancshares Inc,44760000,Financials,Banks
TMP,Tompkins Financial Corp,726480540,Financials,Banks
TMRR,Temir Corp,1673000,Financials,Financial Services
TMSH,Transglobal Assets Inc,461800,Financials,Capital Markets
TMXN,Trimax Corp,426950,Financials,Financial Services
TMXXF,TMX GROUP LTD,6035967500,Financials,Capital Markets
TNSGF,FINDEV INC,9762900,Financials,Financial Services
TOP,TOP Financial Group Ltd,197789550,Financials,Capital Markets
TOST,Toast Inc,11668764900,Financials,Financial Services
TOWN,TowneBank,1772385930,Financials,Banks
TPG,TPG Inc,8812086000,Financials,Capital Markets
TPVG,Triplepoint Venture Growth BDC Corp,394879580,Financials,Capital Markets
TRAC,Track Data Corp,1660000,Financials,Capital Markets
TRBK,TRADITIONS BANCORP INC,50126000,Financials,Banks
TRCY,Tri City Bankshares Corp,123245200,Financials,Banks
TREE,Lendingtree Inc,229846120,Financials,Consumer Finance
TRIN,Trinity Capital Inc,602235320,Financials,Capital Markets
TRMK,Trustmark Corp,1391785300,Financials,Banks
TRMNF,NEW WAVE HOLDINGS CORP,731640,Financials,Capital Markets
TROW,T Rowe Price Group Inc,25132254750,Financials,Capital Markets
TRRPF,TORRENT CAP LTD,13899720,Financials,Capital Markets
TRRSF,TRISURA GROUP LTD,1085414970,Financials,Insurance
TRST,TrustCo Bank Corp NY,539806000,Financials,Banks
TRTX,TPG RE Finance Trust Inc,575209400,Financials,Mortgage Real Estate Investment Trusts (REITs)
TRTX-C,TPG RE Finance Trust Inc,--,Financials,Mortgage Real Estate Investment Trusts (REITs)
TRUP,Trupanion Inc,1203511480,Financials,Insurance
TRUX,Truxton Corp,169236800,Financials,Banks
TRV,Travelers Companies Inc,36841346640,Financials,Insurance
TRVR,Two Rivers Financial Group Inc,82095000,Financials,Banks
TSBA,Touchstone Bank,25901100,Financials,Banks
TSBK,Timberland Bancorp Inc,233621700,Financials,Banks
TSLX,Sixth Street Specialty Lending Inc,1747873430,Financials,Capital Markets
TURN,180 Degree Capital Corp,43094000,Financials,Capital Markets
TVNB,TURBOTVILLE NATIONAL BANK/PA,715000,Financials,Banks
TW,Tradeweb Markets Inc,18130118820,Financials,Capital Markets
TWAC,TWA CORP,--,Financials,Insurance
TWO,Two Harbors Investment Corp,1295836850,Financials,Mortgage Real Estate Investment Trusts (REITs)
TWO-A,Two Harbors Investment Corp,--,Financials,Mortgage Real Estate Investment Trusts (REITs)
TWO-B,Two Harbors Investment Corp,--,Financials,Mortgage Real Estate Investment Trusts (REITs)
TWO-C,Two Harbors Investment Corp,--,Financials,Mortgage Real Estate Investment Trusts (REITs)
TYBT,TRINITY BANK NA,92820000,Financials,Banks
TYCB,"Calvin B. Taylor Bankshares, Inc.",116218800,Financials,Banks
TYFG,TRI-COUNTY FINANCIAL GROUP,110137500,Financials,Banks
UBAAF,URBANA CORP,97607060,Financials,Capital Markets
UBAB,United Bancorporation of Alabama Inc,139693750,Financials,Banks
UBCP,United Bancorp Inc,67255800,Financials,Banks
UBFO,United Security Bancshares,125469960,Financials,Banks
UBOH,United Bancshares Inc,58988470,Financials,Banks
UBS,UBS Group AG,85374595850,Financials,Capital Markets
UBSI,United Bankshares Inc,4037929880,Financials,Banks
UCBI,United Community Banks Inc,3172186570,Financials,Banks
UFCS,United Fire Group Inc,489888350,Financials,Insurance
UFGSY,UNIPOL GRUPPO SPA -ADR,3628677800,Financials,Insurance
UMBF,UMB Financial Corp,3077802760,Financials,Banks
UNAM,Unico American Corp,9020,Financials,Insurance
UNB,Union Bankshares Inc,97756830,Financials,Banks
UNCFF,UNICREDIT SPA,44528320000,Financials,Banks
UNCRY,UNICREDIT SPA,42748640000,Financials,Banks
UNIB,University Bancorp Inc (MICHIGAN),68773500,Financials,Banks
UNIF,U & I FINANCIAL CORP,58762800,Financials,Banks
UNM,Unum Group,9565084380,Financials,Insurance
UNPA,UNB Corp,1751888730,Financials,Banks
UNTN,"United Tennessee Bankshares, Inc.",13815250,Financials,Banks
UNTY,"Unity Bancorp, Inc.",247141980,Financials,Banks
UOVEY,United Overseas Bank Ltd (ADR),35193818920,Financials,Banks
UPST,Upstart Holdings Inc,2814442400,Financials,Consumer Finance
URNAF,URBANA CORP,30700000,Financials,Capital Markets
USB,US Bancorp,57109476200,Financials,Banks
USCB,USCB Financial Holdings Inc,221249400,Financials,Banks
USIO,Usio Inc,44854500,Financials,Financial Services
UTGN,UTG Inc,95326700,Financials,Insurance
UVE,"Universal Insurance Holdings, Inc.",368329600,Financials,Insurance
UVSP,Univest Financial Corp,528709740,Financials,Banks
UWHR,Uwharrie Capital Corp,50817600,Financials,Banks
UWMC,UWM Holdings Corp,8988867470,Financials,Financial Services
V,Visa Inc,500698806000,Financials,Financial Services
VABK,Virginia National Bankshares Corp,176273100,Financials,Banks
VALU,"Value Line, Inc.",493189000,Financials,Capital Markets
VBFC,Village Bank and Trust Financial Corp.,66870000,Financials,Banks
VBNK,VERSABANK,212576800,Financials,Banks
VBTX,Veritex Holdings Inc,1022581980,Financials,Banks
VCTR,Victory Capital Holdings Inc,2186128320,Financials,Capital Markets
VEL,Velocity Financial Inc,398410240,Financials,Financial Services
VERY,Vericity Inc,78837500,Financials,Insurance
VIEWF,Viewtran Group Inc,2670,Financials,Financial Services
VINP,Vinci Partners Investments Ltd,567442590,Financials,Capital Markets
VIRT,Virtu Financial Inc,3030222600,Financials,Capital Markets
VLY,Valley National Bancorp,4731158200,Financials,Banks
VNNYF,VINERGY CAPITAL INC,10862310,Financials,Capital Markets
VNRFY,Vienna Insnc Grp Wnr Vrschrng Grp AG-ADR,3401600000,Financials,Insurance
VOYA,Voya Financial Inc,7152843600,Financials,Financial Services
VRTB,"Vestin Realty Mortgage II, Inc.",2600000,Financials,Financial Services
VRTS,Virtus Investment Partners Inc,1474070900,Financials,Capital Markets
VTNA,Vetanova Inc,0,Financials,Capital Markets
VYGVQ,VOYAGER DIGITAL LTD,156860,Financials,Capital Markets
WABC,Westamerica Bancorporation,1180550700,Financials,Banks
WAFD,Washington Federal Inc.,1766481700,Financials,Banks
WAKE,"Wake Forest Bancshares, Inc.",34935500,Financials,Banks
WAL,Western Alliance Bancorporation,5524973860,Financials,Banks
WASH,Washington Trust Bancorp Inc,481637700,Financials,Banks
WAYN,"Wayne Savings Bancshares, Inc",60912300,Financials,Banks
WBBW,Westbury Bancorp Inc,131036000,Financials,Banks
WBHC,Wilson Bank Holding Company,408485000,Financials,Banks
WBS,Webster Financial Corporation,7462959130,Financials,Banks
WCCP,Wealthcraft Capital Inc,1906960,Financials,Capital Markets
WCFB,WCF Bancorp Inc,15044200,Financials,Banks
WD,"Walker & Dunlop, Inc.",2832491020,Financials,Financial Services
WDFN,WOODLANDS FINANCIAL SVCS CO,33292700,Financials,Banks
WDH,Waterdrop Inc - ADR,580187040,Financials,Insurance
WEBNF,WESTPAC BANKING CORP,47361858390,Financials,Banks
WEDXF,Westaim Corp,361379200,Financials,Capital Markets
WEIDY,Weidai Ltd (ADR),2820,Financials,Consumer Finance
WEX,WEX Inc,8592947700,Financials,Financial Services
WF,Woori Financial Group Inc (ADR),6439340970,Financials,Banks
WFC,Wells Fargo & Co,152644426760,Financials,Banks
WFC-L,Wells Fargo & Co,--,Financials,Banks
WHF,WhiteHorse Finance Inc,302363540,Financials,Capital Markets
WHG,"Westwood Holdings Group, Inc.",90498460,Financials,Capital Markets
WINSF,Wins Finance Holdings Inc,1093070,Financials,Capital Markets
WIZEY,WISE PLC,8362180320,Financials,Financial Services
WMC,Western Asset Mortgage Capital Corp,62855580,Financials,Mortgage Real Estate Investment Trusts (REITs)
WMPN,William Penn Bancorp,150681300,Financials,Banks
WNDLF,WENDEL,4025350250,Financials,Financial Services
WNEB,Western New England Bancorp Inc,138343730,Financials,Banks
WONDF,WONDERFI TECHNOLOGIES INC,73489130,Financials,Capital Markets
WPLCF,WISE PLC,8315040580,Financials,Financial Services
WRB,W R Berkley Corp,15943248930,Financials,Insurance
WRDLY,WORLDLINE,8662100380,Financials,Financial Services
WRLD,World Acceptance Corp.,811772100,Financials,Consumer Finance
WSBC,WesBanco Inc,1532546100,Financials,Banks
WSBF,Waterstone Financial Inc,266544470,Financials,Financial Services
WSFGQ,"WSB Financial Group, Inc.",560,Financials,Banks
WSFL,Woodstock Holdings Inc,437040,Financials,Capital Markets
WSFS,WSFS Financial Corporation,2410530360,Financials,Banks
WT,Wisdomtree Inc,1073320500,Financials,Capital Markets
WTBA,West Bancorporation Inc,310834130,Financials,Banks
WTBFA,W T B FINANCIAL CORP,23750000,Financials,Banks
WTBFB,W T B FINANCIAL CORP,653640000,Financials,Banks
WTFC,Wintrust Financial Corp,4803305640,Financials,Banks
WTM,White Mountains Insurance Group Ltd,4075264000,Financials,Insurance
WTW,Willis Towers Watson PLC,21435255270,Financials,Insurance
WU,Western Union Co,4696668900,Financials,Financial Services
WVFC,W V S Financial Corp,23080620,Financials,Banks
XP,XP Inc,14256800760,Financials,Capital Markets
XTMIF,XTM INC,15037220,Financials,Financial Services
XYF,X Financial,206339800,Financials,Consumer Finance
YDVL,Yadkin Valley Company,92000000,Financials,Insurance
YRD,Yiren Digital Ltd - ADR,232166060,Financials,Consumer Finance
YUANF,Fincera Inc,4890,Financials,Consumer Finance
ZION,Zions Bancorporation NA,5389515100,Financials,Banks
ZPAS,Zoompass Holdings Inc,521590,Financials,Financial Services
ZURVY,Zurich Insurance Group AG (ADR),68484438970,Financials,Insurance
