Symbol,CompanyName,MarketCap,Sector,Industry
AACS,"American Commerce Solutions, Inc.",0,Industrials,Ground Transportation
AAIIQ,"Alabama Aircraft Industries, Inc.",410,Industrials,Aerospace & Defense
AAL,American Airlines Group Inc,9339809790,Industrials,Passenger Airlines
AAON,Aaon Inc,5237951250,Industrials,Building Products
AAPJ,Aap 101 Inc,395320,Industrials,Machinery
ABBNY,ABB Ltd (ADR),68857200000,Industrials,Electrical Equipment
ABILF,Ability Inc,1590,Industrials,Aerospace & Defense
ABM,ABM Industries Inc,2982589290,Industrials,Commercial Services & Supplies
ABVN,Abv Consulting Inc,2921420,Industrials,Professional Services
ACA,Arcosa Inc,3587907960,Industrials,Construction & Engineering
ACCO,ACCO Brands Corp,503534680,Industrials,Commercial Services & Supplies
ACDVF,AIR CANADA,5923501920,Industrials,Passenger Airlines
ACHR,Archer Aviation Inc,1636710400,Industrials,Aerospace & Defense
ACLLY,ACCELLERON INDUSTRIES AG,2466450000,Industrials,Electrical Equipment
ACM,Aecom,12010983660,Industrials,Construction & Engineering
ACPS,AC Partners Inc,102696701,Industrials,Building Products
ACRU,AmeriCrew Inc,14031980,Industrials,Professional Services
ACSAY,ACTIVIDADES CONSTR Y SERVICI,10334977760,Industrials,Construction & Engineering
ACU,Acme United Corp,101206320,Industrials,Commercial Services & Supplies
ACVA,ACV Auctions Inc,2722436730,Industrials,Commercial Services & Supplies
ADERY,AIDA ENGINEERING LTD,367458960,Industrials,Machinery
ADFS,American Defense Systems Inc,18680,Industrials,Aerospace & Defense
ADN,Advent Technologies Holdings Inc,33038640,Industrials,Electrical Equipment
ADP,Automatic Data Processing Inc,104319228270,Industrials,Professional Services
ADSE,Ads-Tec Energy PLC,367036160,Industrials,Electrical Equipment
ADSV,"Allied Security Innovations, Inc.",41120,Industrials,Commercial Services & Supplies
AEGXF,AECON GROUP INC,521279720,Industrials,Construction & Engineering
AEHL,Antelope Enterprise Holdings Ltd,7174440,Industrials,Building Products
AENZ,Aenza SAA (ADR),199497500,Industrials,Construction & Engineering
AER,AerCap Holdings N.V.,14077015230,Industrials,Trading Companies & Distributors
AERG,"Applied Energetics, Inc.",476957180,Industrials,Aerospace & Defense
AFDG,EARN-A-CAR INC,2962200,Industrials,Professional Services
AFIIQ,Armstrong Flooring Inc,217800,Industrials,Building Products
AFLYY,Air France KLM SA (ADR),3919673950,Industrials,Passenger Airlines
AFRAD,AIR FRANCE - KLM,4087158600,Industrials,Passenger Airlines
AGCO,AGCO Corporation,9623952000,Industrials,Machinery
AGFY,Agrify Corp,4576860,Industrials,Machinery
AGGZF,AG GROWTH INTERNATIONAL,830415440,Industrials,Machinery
AGMJF,ALGOMA CENTRAL CORP,431300800,Industrials,Marine Transportation
AGX,"Argan, Inc.",550856830,Industrials,Construction & Engineering
AHEXY,ADECCO GROUP AG,7022256340,Industrials,Professional Services
AIFM,Aifarm Ltd,140,Industrials,Machinery
AIN,Albany International Corp.,2803459790,Industrials,Machinery
AIPUY,AIRPORTS OF THAILAND PCL,29771684510,Industrials,Transportation Infrastructure
AIR,AAR Corp,2054554080,Industrials,Aerospace & Defense
AIRI,Air Industries Group,9524550,Industrials,Aerospace & Defense
AIRT,"Air T, Inc.",60615460,Industrials,Air Freight & Logistics
AIRTP,Air T Funding,--,Industrials,Air Freight & Logistics
AIRYY,Air China Ltd (ADR),3335319080,Industrials,Passenger Airlines
AIT,Applied Industrial Technologies Inc,6004785100,Industrials,Trading Companies & Distributors
AL,Air Lease Corp,4516578360,Industrials,Trading Companies & Distributors
AL-A,Air Lease Corp,--,Industrials,Trading Companies & Distributors
ALFVY,ALFA LAVAL AB,14483976350,Industrials,Machinery
ALG,"Alamo Group, Inc.",2042410490,Industrials,Machinery
ALGGY,ALLIANCE GLOBAL GROUP INC,1919642870,Industrials,Industrial Conglomerates
ALGT,Allegiant Travel Company,1608670630,Industrials,Passenger Airlines
ALIT,Alight Inc,4184233280,Industrials,Professional Services
ALK,"Alaska Air Group, Inc.",5145574680,Industrials,Passenger Airlines
ALLE,Allegion PLC,9794053500,Industrials,Building Products
ALPE,alpha-En Corporation,19440,Industrials,Electrical Equipment
ALSMY,ALSTOM SA,9891791000,Industrials,Machinery
ALSN,Allison Transmission Holdings Inc,5368518600,Industrials,Machinery
ALTG,Alta Equipment Group Inc,455417760,Industrials,Trading Companies & Distributors
ALYI,"Alternet Systems, Inc.",0,Industrials,Professional Services
AMBI,Ambipar Emergency Response,523813500,Industrials,Commercial Services & Supplies
AMDLY,AMADA CO LTD,3435894830,Industrials,Machinery
AME,"AMETEK, Inc.",36369439680,Industrials,Electrical Equipment
AMGY,"American Metal & Technology, Inc.",1200,Industrials,Machinery
AMIN,"American International Industries, Inc.",110900,Industrials,Industrial Conglomerates
AMKAF,A.P. MOLLER - MAERSK A/S,17755500000,Industrials,Marine Transportation
AMKBY,A.P. MOLLER - MAERSK A/S,12310152200,Industrials,Marine Transportation
AMMX,AmeraMex International Inc,2669220,Industrials,Trading Companies & Distributors
AMPX,Amprius Technologies Inc,413688630,Industrials,Electrical Equipment
AMRC,Ameresco Inc,2251951140,Industrials,Construction & Engineering
AMSC,American Superconductor Corporation,266810850,Industrials,Electrical Equipment
AMWD,American Woodmark Corporation,1266387520,Industrials,Building Products
ANRGF,ANAERGIA INC,17359400,Industrials,Commercial Services & Supplies
AOS,A O Smith Corp,10848896190,Industrials,Building Products
APG,APi Group Corp,6517125040,Industrials,Construction & Engineering
APGI,American Power Group Corp,33140870,Industrials,Commercial Services & Supplies
APOG,Apogee Enterprises Inc,1090984370,Industrials,Building Products
APT,"Alpha Pro Tech, Ltd.",54204150,Industrials,Building Products
APWC,Asia Pacific Wire & Cable CorporationLtd,34634880,Industrials,Electrical Equipment
AQMS,Aqua Metals Inc,111955730,Industrials,Commercial Services & Supplies
ARAO,AuraSource Inc,7557440,Industrials,Commercial Services & Supplies
ARC,ARC Document Solutions Inc,151751340,Industrials,Commercial Services & Supplies
ARCAY,ARCADIS NV (ADR),4003220000,Industrials,Professional Services
ARCB,ArcBest Corp,2546169500,Industrials,Ground Transportation
AREB,American Rebel Holdings Inc,2593040,Industrials,Commercial Services & Supplies
ARIS,Aris Water Solutions Inc,591551420,Industrials,Commercial Services & Supplies
ARRY,Array Technologies Inc,3770707200,Industrials,Electrical Equipment
ARTW,Arts-Way Manufacturing Co. Inc.,13099590,Industrials,Machinery
ARWD,Arrow Resources Development Inc.,7680,Industrials,Commercial Services & Supplies
ASAZY,ASSA ABLOY AB,23571746190,Industrials,Building Products
ASGLY,AGC INC,7217265560,Industrials,Building Products
ASGN,ASGN Inc,3894264000,Industrials,Professional Services
ASHTF,ASHTEAD GROUP PLC,29493164190,Industrials,Trading Companies & Distributors
ASHTY,ASHTEAD GROUP PLC,29414902440,Industrials,Trading Companies & Distributors
ASLE,AerSale Corp,787900150,Industrials,Aerospace & Defense
ASPW,Arista Power Inc,2100,Industrials,Electrical Equipment
ASR,Grupo Aeroportuario dl Srst SAB CV (ADR),7972200000,Industrials,Transportation Infrastructure
ASTE,"Astec Industries, Inc.",1134917350,Industrials,Machinery
ASTR,Astra Space Inc,69980410,Industrials,Aerospace & Defense
ASUR,Asure Software Inc,292733710,Industrials,Professional Services
ATCN,ATEC INC/TX,--,Industrials,Construction & Engineering
ATCO-D,Atlas Corp,--,Industrials,Transportation Infrastructure
ATCO-H,Atlas Corp,--,Industrials,Transportation Infrastructure
ATCO-I,Atlas Corp,--,Industrials,Transportation Infrastructure
ATIF,ATIF Holdings Ltd,12423640,Industrials,Professional Services
ATKR,Atkore Inc,5821409820,Industrials,Electrical Equipment
ATLCY,ATLAS COPCO AB,18277857960,Industrials,Machinery
ATLKY,ATLAS COPCO AB,44092371190,Industrials,Machinery
ATMO,AMERICATOWNE HOLDINGS INC,317710,Industrials,Construction & Engineering
ATRO,Astronics Corporation,446498410,Industrials,Aerospace & Defense
ATROB,ASTRONICS CORP,106408740,Industrials,Aerospace & Defense
ATS,ATS CORP,4435846520,Industrials,Machinery
ATSG,Air Transport Services Group Inc.,1531621840,Industrials,Air Freight & Logistics
ATTOF,Atento SA,3090,Industrials,Professional Services
ATXG,Addentax Group Corp,8203450,Industrials,Air Freight & Logistics
AUHEF,ANHUI EXPRESSWAY CO LTD,485516250,Industrials,Transportation Infrastructure
AUKNY,AUCKLAND INTL AIRPORT LTD,6787402600,Industrials,Transportation Infrastructure
AULT,Ault Alliance Inc,6330420,Industrials,Industrial Conglomerates
AULT-D,Ault Alliance Inc,--,Industrials,Industrial Conglomerates
AUSI,Aura Systems Inc,19434570,Industrials,Electrical Equipment
AUVI,Applied UV Inc,4586590,Industrials,Building Products
AVAV,"AeroVironment, Inc.",2532445440,Industrials,Aerospace & Defense
AVEW,Avew Holdings Inc,0,Industrials,Construction & Engineering
AVNI,Arvana Inc,21567800,Industrials,Marine Transportation
AWI,Armstrong World Industries Inc,3295266890,Industrials,Building Products
AWX,Avalon Holdings Corp,8967700,Industrials,Commercial Services & Supplies
AXON,Axon Enterprise Inc,15936215400,Industrials,Aerospace & Defense
AXPWQ,Axion Power International Inc,9600,Industrials,Electrical Equipment
AXTG,Axis Technologies Group Inc,496200,Industrials,Electrical Equipment
AYI,Acuity Brands Inc,5055911280,Industrials,Electrical Equipment
AZ,A2Z SMART TECHNOLOGIES CORP,77036960,Industrials,Aerospace & Defense
AZEK,Azek Company Inc,5011028000,Industrials,Building Products
AZNVF,AZN CAPITAL CORP,0,Industrials,Ground Transportation
AZZ,AZZ Inc,1192369710,Industrials,Building Products
B,Barnes Group Inc,1914206870,Industrials,Machinery
BA,Boeing Co,134802220310,Industrials,Aerospace & Defense
BADFF,BADGER INFRA SOLUTIONS LTD,904161290,Industrials,Construction & Engineering
BAER,Bridger Aerospace Group Holdings Inc,308426580,Industrials,Commercial Services & Supplies
BAESF,BAE SYSTEMS PLC,39266345740,Industrials,Aerospace & Defense
BAESY,BAE Systems PLC - ADR,39190841150,Industrials,Aerospace & Defense
BAFYY,BALFOUR BEATTY PLC,2249897780,Industrials,Construction & Engineering
BAH,Booz Allen Hamilton Holding Corporation,15089601450,Industrials,Professional Services
BANT,Bantec Inc,307740,Industrials,Aerospace & Defense
BBCP,Concrete Pumping Holdings Inc,412186350,Industrials,Construction & Engineering
BBLKF,Britannia Bulk Holdings Inc,0,Industrials,Marine Transportation
BBRW,Brewbilt Manufacturing Inc,116310,Industrials,Machinery
BBSI,Barrett Business Services Inc,632821900,Industrials,Professional Services
BBU,BROOKFIELD BUSINESS PRTNR LP,2195091990,Industrials,Industrial Conglomerates
BBUC,BROOKFIELD BUSINESS CORP CL A EXC SUB VTG,1299328550,Industrials,Industrial Conglomerates
BCBNF,BASE CARBON INC,42385240,Industrials,Commercial Services & Supplies
BCC,Boise Cascade Co,4213860630,Industrials,Trading Companies & Distributors
BCCEF,BACTECH ENVIRONMENTAL CORP,9701740,Industrials,Commercial Services & Supplies
BCO,Brinks Co,3487056860,Industrials,Commercial Services & Supplies
BDIMF,BLACK DIAMOND GROUP LTD,273970820,Industrials,Commercial Services & Supplies
BDRAF,BOMBARDIER INC  -CL B,494083490,Industrials,Aerospace & Defense
BDRBF,BOMBARDIER INC  -CL B,3483245030,Industrials,Aerospace & Defense
BDVSY,Bidvest Group Ltd - ADR,4882491120,Industrials,Industrial Conglomerates
BE,Bloom Energy Corp,3162272200,Industrials,Electrical Equipment
BECN,Beacon Roofing Supply Inc,4961238480,Industrials,Trading Companies & Distributors
BEEM,Beam Global,122358080,Industrials,Electrical Equipment
BEST,BEST Inc (ADR),53377800,Industrials,Air Freight & Logistics
BGSF,BGSF Inc,102570300,Industrials,Professional Services
BICB,BioCube Inc,361820,Industrials,Electrical Equipment
BICEY,BIC SA,2782214400,Industrials,Commercial Services & Supplies
BIIAF,BUHLER INDUSTRIES INC,47000000,Industrials,Machinery
BIRDF,BIRD CONSTRUCTION INC,428479200,Industrials,Construction & Engineering
BIRMF,BIOREM INC,12243660,Industrials,Commercial Services & Supplies
BJCHY,BEIJING CAPITAL INTL AIRPORT,1018615830,Industrials,Transportation Infrastructure
BKSY,Blacksky Technology Inc,187295920,Industrials,Professional Services
BLBD,Blue Bird Corp,685031260,Industrials,Machinery
BLDE,Blade Air Mobility Inc,243467770,Industrials,Passenger Airlines
BLDP,Ballard Power Systems Inc,1267989990,Industrials,Electrical Equipment
BLDR,"Builders FirstSource, Inc.",17092557900,Industrials,Building Products
BLGVF,BELGRAVIA HARTFORD CAPITAL,850690,Industrials,Professional Services
BLKLF,BLACKLINE SAFETY CORP,191307600,Industrials,Commercial Services & Supplies
BLNK,Blink Charging Co,256283950,Industrials,Electrical Equipment
BLONF,CO2 GRO INC,4379720,Industrials,Machinery
BLPG,Blue Line Protection Group Inc,496650,Industrials,Commercial Services & Supplies
BNET,Bion Environmental Technologies Inc,56336980,Industrials,Commercial Services & Supplies
BNRG,BRENMILLER ENERGY LTD,13684790,Industrials,Electrical Equipment
BNTGY,BRENNTAG SE,12188779190,Industrials,Trading Companies & Distributors
BOMO,bowmo Inc,3336100,Industrials,Professional Services
BOREF,Borealis Exploration Limited,16500000,Industrials,Electrical Equipment
BOUYY,BOUYGUES SA,12523755720,Industrials,Construction & Engineering
BPOL,Blackpoll Fleet International Inc,2500,Industrials,Aerospace & Defense
BR,Broadridge Financial Solutions Inc,22260329820,Industrials,Professional Services
BRANF,Baran Group Ltd (USA),49945000,Industrials,Construction & Engineering
BRC,Brady Corp,2792936000,Industrials,Commercial Services & Supplies
BRDS,Bird Global Inc,13913970,Industrials,Ground Transportation
BRRAY,BARLOWORLD LTD,816684660,Industrials,Trading Companies & Distributors
BRSI,Ballistic Recovery Systems Inc,3400,Industrials,Aerospace & Defense
BRYFF,BRI-CHEM CORP,8987220,Industrials,Trading Companies & Distributors
BSWGF,BLACK SWAN GRAPHENE INC,24138400,Industrials,Electrical Equipment
BTM,Bitcoin Depot Inc,163396560,Industrials,Commercial Services & Supplies
BTQNF,BQE WATER INC,23006580,Industrials,Commercial Services & Supplies
BTZI,Bots Inc,1638790,Industrials,Construction & Engineering
BUKS,Butler National Corporation,55738410,Industrials,Aerospace & Defense
BURCA,Burnham Holdings Inc,56936700,Industrials,Building Products
BURCB,BURNHAM HOLDINGS INC,17529400,Industrials,Building Products
BURU,Nuburu Inc,16130620,Industrials,Machinery
BV,Brightview Holdings Inc,749068000,Industrials,Commercial Services & Supplies
BW,Babcock & Wilcox Enterprises Inc,481928210,Industrials,Electrical Equipment
BW-A,Babcock & Wilcox Enterprises Inc,--,Industrials,Electrical Equipment
BWEN,Broadwind Inc,90708170,Industrials,Electrical Equipment
BWMN,Bowman Consulting Group Ltd,419471180,Industrials,Construction & Engineering
BWOWF,Wowjoint Holdings Ltd,840,Industrials,Machinery
BWXT,BWX Technologies Inc,6654151500,Industrials,Aerospace & Defense
BXBLY,BRAMBLES LTD,13476636800,Industrials,Commercial Services & Supplies
BXC,BlueLinx Holdings Inc.,795775170,Industrials,Trading Companies & Distributors
BYDGF,BOYD GROUP SERVICES INC,3864960000,Industrials,Commercial Services & Supplies
BYRN,Byrna Technologies Inc,80216050,Industrials,Aerospace & Defense
BZLFY,Bunzl plc (ADR),11802476820,Industrials,Trading Companies & Distributors
CAAP,Corporacion America Airports SA,2282673660,Industrials,Transportation Infrastructure
CACI,CACI International Inc,7445469430,Industrials,Professional Services
CACO,Caravelle International Group,31496120,Industrials,Marine Transportation
CAE,Cae Inc (USA),7777629860,Industrials,Aerospace & Defense
CANN,Trees Corp,14239680,Industrials,Professional Services
CAPC,Capstone Companies Inc,913060,Industrials,Electrical Equipment
CAR,Avis Budget Group Inc,8191167850,Industrials,Ground Transportation
CARR,Carrier Global Corp,47309229440,Industrials,Building Products
CAT,Caterpillar Inc.,143936847450,Industrials,Machinery
CBAT,CBAK Energy Technology Inc,76485340,Industrials,Electrical Equipment
CBDG,THC Farmaceuticals Inc,7250,Industrials,Commercial Services & Supplies
CBZ,"CBIZ, Inc.",2679925380,Industrials,Professional Services
CCOHF,CHINA STATE CONSTRUCTION,3036171770,Industrials,Construction & Engineering
CDAY,Ceridian HCM Holding Inc,11356636740,Industrials,Professional Services
CDGLY,COMFORTDELGRO CORP LTD,2138648500,Industrials,Ground Transportation
CDRE,Cadre Holdings Inc,975356700,Industrials,Aerospace & Defense
CEAD,CEA Industries Inc,6137760,Industrials,Building Products
CECBF,SALTBAE CAP CORP,1860,Industrials,Electrical Equipment
CECO,CECO Environmental Corp.,479930820,Industrials,Commercial Services & Supplies
CEOA,CEO AMERICA INC,47290,Industrials,Commercial Services & Supplies
CESX,CES Synergies Inc,9460,Industrials,Commercial Services & Supplies
CEVE,Ceres Ventures Inc,8550,Industrials,Commercial Services & Supplies
CGIP,"Celadon Group, Inc.",6020,Industrials,Ground Transportation
CGJTF,CARGOJET INC,1239048000,Industrials,Air Freight & Logistics
CGRN,Capstone Green Energy Corp,12283990,Industrials,Electrical Equipment
CGRW,Cannagrow Holdings Inc,1092180,Industrials,Commercial Services & Supplies
CGYV,China Energy Recovery Inc,0,Industrials,Electrical Equipment
CHGI,China Carbon Graphite Group  Inc,12990,Industrials,Electrical Equipment
CHMP,"Champion Industries, Inc.",10,Industrials,Commercial Services & Supplies
CHMX,Next-Chemx Corp,256923000,Industrials,Machinery
CHPT,ChargePoint Holdings Inc,2573885210,Industrials,Electrical Equipment
CHRRF,CHORUS AVIATION INC,368013240,Industrials,Passenger Airlines
CHRW,CH Robinson Worldwide Inc,10334415560,Industrials,Air Freight & Logistics
CHSH,Eatware Inc,0,Industrials,Trading Companies & Distributors
CHSTF,CHINA HIGH SPEED TRANS EQUIP,457472940,Industrials,Electrical Equipment
CHSTY,CHINA HIGH SPEED TRANS EQUIP,505307700,Industrials,Electrical Equipment
CHYCY,CHIYODA CORP,642957570,Industrials,Construction & Engineering
CIPI,Correlate Energy Corp,29161890,Industrials,Professional Services
CIR,"CIRCOR International, Inc.",1133897160,Industrials,Machinery
CISS,C3IS INC,2728960,Industrials,Marine Transportation
CIWT,China Industrial Waste Management Inc.,1530,Industrials,Commercial Services & Supplies
CIX,CompX International Inc.,260441100,Industrials,Commercial Services & Supplies
CJPRY,CENTRAL JAPAN RAILWAY CORP,25013165610,Industrials,Ground Transportation
CKHUY,CK HUTCHISON HOLDINGS LTD,20031135350,Industrials,Industrial Conglomerates
CLGPF,CLEAN SEED CAP GROUP LTD,9285300,Industrials,Machinery
CLGZF,Hutech21 Co Ltd,0,Industrials,Air Freight & Logistics
CLH,Clean Harbors Inc,9019390560,Industrials,Commercial Services & Supplies
CLNFF,CALIAN GROUP LTD,465491130,Industrials,Commercial Services & Supplies
CLVT,CLARIVATE PLC,4973701070,Industrials,Professional Services
CLWT,Euro Tech Holdings Company Ltd,12590120,Industrials,Trading Companies & Distributors
CMCO,Columbus McKinnon Corp.,1056468720,Industrials,Machinery
CMGMY,CHEMRING GROUP PLC,982846270,Industrials,Aerospace & Defense
CMI,Cummins Inc.,32998085120,Industrials,Machinery
CMPR,Cimpress PLC,1696921940,Industrials,Commercial Services & Supplies
CMRE,Costamare Inc,1173478950,Industrials,Marine Transportation
CMSQY,COMPUTERSHARE LTD CPU,9870969150,Industrials,Professional Services
CNDT,Conduent Inc,667385360,Industrials,Professional Services
CNGT,Cannagistics Inc,26640,Industrials,Air Freight & Logistics
CNHI,CNH Industrial NV,18707629060,Industrials,Machinery
CNI,Canadian National Railway (USA),73184628000,Industrials,Ground Transportation
CNM,Core & Main Inc,7372067870,Industrials,Trading Companies & Distributors
CNRD,"Conrad Industries, Inc.",41649400,Industrials,Machinery
CNXC,Concentrix Corp,4129262880,Industrials,Professional Services
CNXS,Connexus Corp,0,Industrials,Professional Services
CODYY,COMPAGNIE DE SAINT GOBAIN,31405013490,Industrials,Building Products
CP,CANADIAN PAC KANSAS CITY LTD,73995261840,Industrials,Ground Transportation
CPA,"Copa Holdings, S.A.",3989952060,Industrials,Passenger Airlines
CPCAY,Cathay Pacific Airways Ltd - ADR,6952932000,Industrials,Passenger Airlines
CPLP,Capital Product Partners L.P.,291542550,Industrials,Marine Transportation
CPQQ,China Power Equipment Inc,0,Industrials,Electrical Equipment
CPRT,"Copart, Inc.",43256064000,Industrials,Commercial Services & Supplies
CR,Crane Co,4953444250,Industrials,Machinery
CRAI,"CRA International, Inc.",763288020,Industrials,Professional Services
CREG,Smart Powerr Corp,8658700,Industrials,Commercial Services & Supplies
CRFQF,ZEDCOR INC,34737230,Industrials,Trading Companies & Distributors
CRGO,Freightos Ltd,134952580,Industrials,Air Freight & Logistics
CRTG,Coretec Group Inc,7443520,Industrials,Electrical Equipment
CRVYF,CANADIAN OIL RECOVERY & REM,1700,Industrials,Commercial Services & Supplies
CSGS,"CSG Systems International, Inc.",1671902340,Industrials,Professional Services
CSL,"Carlisle Companies, Inc.",12906557450,Industrials,Building Products
CSLR,Complete Solaria Inc,116850780,Industrials,Electrical Equipment
CSOL,China Solar & Clean Energy Solutions Inc,883740,Industrials,Electrical Equipment
CSTE,Caesarstone Ltd,142530430,Industrials,Building Products
CSWI,CSW Industrials Inc,2741961600,Industrials,Building Products
CSX,CSX Corporation,60179868350,Industrials,Ground Transportation
CTAS,Cintas Corporation,50735683140,Industrials,Commercial Services & Supplies
CTCC,City Capital Corp,0,Industrials,Electrical Equipment
CTOS,Custom Truck One Source Inc,1646268150,Industrials,Trading Companies & Distributors
CTPCY,CITIC Ltd (ADR),27112126980,Industrials,Industrial Conglomerates
CTRM,Castor Maritime Inc,41673930,Industrials,Marine Transportation
CTRNF,CHAR TECHNOLOGIES LTD,50161800,Industrials,Commercial Services & Supplies
CVEO,Civeo Corp,280829560,Industrials,Commercial Services & Supplies
CVGI,"Commercial Vehicle Group, Inc.",297968350,Industrials,Machinery
CVLG,Covenant Logistics Group Inc,631295720,Industrials,Ground Transportation
CVR,Chicago Rivet & Machine Co.,17784640,Industrials,Machinery
CVU,"CPI Aerostructures, Inc.",44615670,Industrials,Aerospace & Defense
CW,Curtiss-Wright Corp.,7827818270,Industrials,Aerospace & Defense
CWLPF,CALDWELL PARTNERS INTL INC,17993550,Industrials,Professional Services
CWST,Casella Waste Systems Inc.,4664781760,Industrials,Commercial Services & Supplies
CWXZF,DOMAN BUILDING MATLS GP LTD,486556780,Industrials,Trading Companies & Distributors
CXIA,"Commodore Applied Technologies, Inc.",0,Industrials,Commercial Services & Supplies
CXW,Corecivic Inc,1209325230,Industrials,Commercial Services & Supplies
CYBL,Cyberlux Corp,6268810,Industrials,Electrical Equipment
CYD,China Yuchai International Limited,466802650,Industrials,Machinery
DAC,Danaos Corporation,1272818880,Industrials,Marine Transportation
DAL,"Delta Air Lines, Inc.",26882004040,Industrials,Passenger Airlines
DBMG,DBM Global Inc,201744000,Industrials,Construction & Engineering
DCAC,Daniels Corporate Advisory Co Inc,174120,Industrials,Professional Services
DCFC,Tritium Dcfc Ltd,140242230,Industrials,Electrical Equipment
DCI,Donaldson Company Inc,7677043440,Industrials,Machinery
DCMDF,DATA COMMUNICATIONS MGMT CP,125177320,Industrials,Commercial Services & Supplies
DCO,Ducommun Inc,659292500,Industrials,Aerospace & Defense
DDD,3D Systems Corp,794855540,Industrials,Machinery
DDDX,3DX Industries Inc,3192730,Industrials,Machinery
DE,Deere & Company,119490174890,Industrials,Machinery
DEDVF,DECISIVE DIVIDEND CORP,108978840,Industrials,Industrial Conglomerates
DEWY,Dewey Electronics Corp,3909620,Industrials,Electrical Equipment
DFCO,Dalrada Financial Corporation,24747020,Industrials,Industrial Conglomerates
DFEL,China TMK Battery Systems Inc.,27745360,Industrials,Electrical Equipment
DFLI,Dragonfly Energy Holdings Corp,107731980,Industrials,Electrical Equipment
DHLGY,Deutsche Post AG - ADR,52483196300,Industrials,Air Freight & Logistics
DIAAF,Diamant Art Corp (USA),0,Industrials,Commercial Services & Supplies
DIDIY,DiDi Global Inc - ADR,16959728290,Industrials,Ground Transportation
DION,Dionics Inc,9580,Industrials,Commercial Services & Supplies
DKILY,DAIKIN INDUSTRIES LTD,50963683650,Industrials,Building Products
DLAKF,DEUTSCHE LUFTHANSA AG,10388773340,Industrials,Passenger Airlines
DLAKY,Deutsche Lufthansa AG (ADR),10556141380,Industrials,Passenger Airlines
DLHC,DLH Holdings Corp,159502500,Industrials,Professional Services
DLPX,"Delphax Technologies, Inc.",249080,Industrials,Machinery
DLUEY,DE LA RUE PLC,132530580,Industrials,Commercial Services & Supplies
DLX,Deluxe Corporation,851796390,Industrials,Commercial Services & Supplies
DLYT,Dais Corp,356070,Industrials,Building Products
DM,Desktop Metal Inc,558911100,Industrials,Machinery
DMFG,DECKER MANUFACTURING CORP,24440000,Industrials,Machinery
DNB,Dun & Bradstreet Holdings Inc,4620657520,Industrials,Professional Services
DNOW,NOW Inc,1217663790,Industrials,Trading Companies & Distributors
DNPLY,DAI NIPPON PRINTING CO LTD,7006981930,Industrials,Commercial Services & Supplies
DOOR,Masonite International Corp,2150353190,Industrials,Building Products
DOV,Dover Corp,20122273640,Industrials,Machinery
DPRO,DRAGANFLY INC,36405600,Industrials,Aerospace & Defense
DPSTF,DEUTSCHE POST AG,57938398840,Industrials,Air Freight & Logistics
DRS,Leonardo DRS Inc,4569280000,Industrials,Aerospace & Defense
DRTT,DIRTT ENVIRONMENTL SOLUTIONS,32273510,Industrials,Building Products
DRVN,Driven Brands Holdings Inc,2428376340,Industrials,Commercial Services & Supplies
DSDVY,DSV A/S,39549987000,Industrials,Air Freight & Logistics
DSGR,Distribution Solutions Group Inc,1160962000,Industrials,Trading Companies & Distributors
DSKE,Daseke Inc,239352660,Industrials,Ground Transportation
DSS,DSS Inc,28080850,Industrials,Commercial Services & Supplies
DSUS,DRONE SERVICES USA INC,0,Industrials,Aerospace & Defense
DSX,Diana Shipping Inc,384499160,Industrials,Marine Transportation
DSX-B,Diana Shipping Inc,--,Industrials,Marine Transportation
DTRUY,Daimler Truck Holding AG (ADR),28046204160,Industrials,Machinery
DTSL,DELIVERY TECH SOLUTIONS INC,0,Industrials,Commercial Services & Supplies
DVRNF,DEVERON CORP,37283860,Industrials,Professional Services
DWAY,Driveitaway Holdings Inc,42620,Industrials,Ground Transportation
DXPE,DXP Enterprises Inc,593390330,Industrials,Trading Companies & Distributors
DY,Dycom Industries Inc,2870820710,Industrials,Construction & Engineering
DYFSF,DYNACERT INC,53842590,Industrials,Electrical Equipment
EAATF,EARTHWORKS INDUSTRIES INC,25592050,Industrials,Commercial Services & Supplies
EADSF,AIRBUS SE,114517474470,Industrials,Aerospace & Defense
EADSY,Airbus SE (ADR),113278394810,Industrials,Aerospace & Defense
EAF,GrafTech International Ltd,914236480,Industrials,Electrical Equipment
EAUI,EAU Technologies Inc,0,Industrials,Machinery
EAWD,Energy & Water Development Corp,5329530,Industrials,Machinery
EBF,Ennis Inc,554934650,Industrials,Commercial Services & Supplies
EBODF,NEW ENERGY EXCHANGE LTD,230,Industrials,Electrical Equipment
EBWK,Enigma-Bulwark Ltd,150250,Industrials,Commercial Services & Supplies
ECDD,Ecrid Inc,86670,Industrials,Professional Services
ECLMF,ECOLOMONDO CORP,57384560,Industrials,Commercial Services & Supplies
EDRY,EuroDry Ltd,39420400,Industrials,Marine Transportation
EDTA,E-DATA CORP,--,Industrials,Professional Services
EDYYF,NET ZERO RENEWABLE ENRGY INC,0,Industrials,Electrical Equipment
EESH,Eestech Inc,20224040,Industrials,Machinery
EFOI,Energy Focus Inc,6990000,Industrials,Electrical Equipment
EFSH,1847 Holdings LLC,3751430,Industrials,Industrial Conglomerates
EFTI,Earthfirst Technologies Inc,61180,Industrials,Commercial Services & Supplies
EFX,Equifax Inc,25092558400,Industrials,Professional Services
EGLE,Eagle Bulk Shipping Inc,437017830,Industrials,Marine Transportation
EGTYF,EGUANA TECHNOLOGIES INC,18525520,Industrials,Electrical Equipment
EH,EHang Holdings Ltd - ADR,1107589280,Industrials,Aerospace & Defense
EICCF,E AUTOMOTIVE INC,530,Industrials,Commercial Services & Supplies
EIFZF,EXCHANGE INCOME CORP,1661908160,Industrials,Passenger Airlines
EJPRY,EAST JAPAN RAILWAY CO,21016009800,Industrials,Ground Transportation
EKNL,EKO International Corp,6340,Industrials,Commercial Services & Supplies
ELGL,ELEMENT GLOBAL INC,2571760,Industrials,Industrial Conglomerates
ELIQ,Electriq Power Holdings Inc,70142640,Industrials,Electrical Equipment
ELVA,ELECTROVAYA INC,111986990,Industrials,Electrical Equipment
ELVG,Elvictor Group Inc,4849050,Industrials,Professional Services
ELWS,Earlyworks Co Ltd - ADR,21353880,Industrials,Professional Services
EME,Emcor Group Inc,10364515150,Industrials,Construction & Engineering
EMHI,East Morgan Holdings Inc,4020,Industrials,Commercial Services & Supplies
EML,Eastern Company,114467300,Industrials,Machinery
EMPS,EMP SOLUTIONS INC,14590,Industrials,Machinery
EMR,Emerson Electric Co,56001285000,Industrials,Electrical Equipment
ENCC,Encompass Compliance Corp,10780,Industrials,Professional Services
ENCR,Ener-Core Inc,430,Industrials,Electrical Equipment
ENCS,ENCORE ENERGY SYSTEMS INC,0,Industrials,Commercial Services & Supplies
ENS,EnerSys,4184028000,Industrials,Electrical Equipment
ENVX,Enovix Corp,2249784350,Industrials,Electrical Equipment
EOSE,Eos Energy Enterprises Inc,449888210,Industrials,Electrical Equipment
EPAC,Enerpac Tool Group Corp,1416626000,Industrials,Machinery
EPEO,E'Prime Aerospace Corp,5600,Industrials,Aerospace & Defense
EPOKY,EPIROC AB,15926794640,Industrials,Machinery
EPOW,Sunrise New Energy Co Ltd,47829600,Industrials,Professional Services
ERII,Energy Recovery Inc,1424276750,Industrials,Machinery
ERJ,Embraer SA (ADR),2875165990,Industrials,Aerospace & Defense
ESAB,ESAB Corp,4316954760,Industrials,Machinery
ESE,ESCO Technologies Inc,2649461080,Industrials,Machinery
ESEA,Euroseas Ltd,191900280,Industrials,Marine Transportation
ESGL,ESGL Holdings Ltd,16933850,Industrials,Commercial Services & Supplies
ESLT,Elbit Systems Ltd,8942108980,Industrials,Aerospace & Defense
ESNC,EnSync Inc,0,Industrials,Electrical Equipment
ESP,Espey MFG and Electronics Corp,46149400,Industrials,Electrical Equipment
ESTRF,Estre Ambiental Inc,0,Industrials,Commercial Services & Supplies
ESYJY,EASYJET PLC,4043983350,Industrials,Passenger Airlines
ETCC,Environmental Tectonics Corp,6977420,Industrials,Aerospace & Defense
ETII,ENVIROTECHNOLOGIES INTL INC,4650,Industrials,Commercial Services & Supplies
ETN,Eaton Corporation PLC,91694190000,Industrials,Electrical Equipment
ETOLF,ENTERPRISE GROUP INC,16485820,Industrials,Trading Companies & Distributors
EVEX,Eve Holding Inc,2188303320,Industrials,Aerospace & Defense
EVI,EVI Industries Inc,333237500,Industrials,Trading Companies & Distributors
EVOA,EVO Transportation & Energy Services Inc,43520000,Industrials,Ground Transportation
EVRC,Evercel Inc,30909200,Industrials,Machinery
EVSP,Environmental Service Professionals Inc,0,Industrials,Commercial Services & Supplies
EVSV,Enviro-Serv Inc,155020,Industrials,Commercial Services & Supplies
EVTL,Vertical Aerospace Ltd,342737600,Industrials,Aerospace & Defense
EXLS,Exlservice Holdings Inc,4858140430,Industrials,Professional Services
EXPD,Expeditors International of Washngtn Inc,17154573030,Industrials,Air Freight & Logistics
EXPGY,Experian PLC (ADR),31805291520,Industrials,Professional Services
EXPH,EXPO HOLDINGS INC,0,Industrials,Commercial Services & Supplies
EXPO,Exponent Inc,4551493990,Industrials,Professional Services
EXROF,EXRO TECHNOLOGIES INC,273222720,Industrials,Electrical Equipment
FA,First Advantage Corp,2037001670,Industrials,Professional Services
FANUY,FANUC CORP,27064603600,Industrials,Machinery
FAST,Fastenal Co,32117484600,Industrials,Trading Companies & Distributors
FATH,Fathom Digital Manufacturing Corp,66460170,Industrials,Machinery
FBIN,Fortune Brands Innovations Inc,8480125530,Industrials,Building Products
FC,Franklin Covey Co,545391220,Industrials,Professional Services
FCEL,FuelCell Energy Inc,645956640,Industrials,Electrical Equipment
FCN,FTI Consulting Inc,6086426940,Industrials,Professional Services
FDX,FedEx Corp,64635554900,Industrials,Air Freight & Logistics
FELE,Franklin Electric Co Inc,4321008710,Industrials,Machinery
FELTY,FUJI ELECTRIC CO LTD,6496056210,Industrials,Electrical Equipment
FERG,Ferguson PLC,32227766940,Industrials,Trading Companies & Distributors
FGI,FGI Industries Ltd,14725000,Industrials,Trading Companies & Distributors
FGROY,FIRSTGROUP PLC,1215991750,Industrials,Ground Transportation
FHYDF,FIRST HYDROGEN CORP,94856330,Industrials,Machinery
FINGF,FINNING INTERNATIONAL INC,4691452920,Industrials,Trading Companies & Distributors
FINMF,LEONARDO SPA,8232643170,Industrials,Aerospace & Defense
FINMY,LEONARDO SPA,8307440300,Industrials,Aerospace & Defense
FIP,Ftai Infrastructure Inc,336211980,Industrials,Ground Transportation
FIX,"Comfort Systems USA, Inc.",6637123500,Industrials,Construction & Engineering
FLGZY,FLUGHAFEN ZUERICH AG,6316738980,Industrials,Transportation Infrastructure
FLIDY,FLSMIDTH & CO AS,2598517960,Industrials,Machinery
FLNC,Fluence Energy Inc,4878939700,Industrials,Electrical Equipment
FLR,Fluor Corp,5248702480,Industrials,Construction & Engineering
FLS,Flowserve Corp,5106576440,Industrials,Machinery
FLUX,Flux Power Holdings Inc,70077220,Industrials,Electrical Equipment
FLYLF,FLYHT AEROSPACE SOLUTIONS,24200190,Industrials,Aerospace & Defense
FNRG,ForceField Energy Inc,0,Industrials,Trading Companies & Distributors
FORR,Forrester Research Inc,575399400,Industrials,Professional Services
FOSUY,FOSUN INTERNATIONAL LTD,5485138400,Industrials,Industrial Conglomerates
FPRUF,FRAPORT AG,4880513820,Industrials,Transportation Infrastructure
FPRUY,FRAPORT AG,4989602960,Industrials,Transportation Infrastructure
FRCEF,FLETCHER BUILDING LTD,2348573700,Industrials,Building Products
FREY,FREYR Battery SA,885729700,Industrials,Electrical Equipment
FRGT,Freight Technologies Inc,1358120,Industrials,Air Freight & Logistics
FSS,Federal Signal Corp,3495508830,Industrials,Machinery
FSTR,L B Foster Co,200192550,Industrials,Machinery
FTAI,FTAI Aviation Ltd,3735150650,Industrials,Trading Companies & Distributors
FTCI,FTC Solar Inc,230903100,Industrials,Electrical Equipment
FTEK,Fuel Tech Inc,34638900,Industrials,Commercial Services & Supplies
FTV,Fortive Corp,27325863000,Industrials,Machinery
FUST,Fuse Group Holding Inc,64379870,Industrials,Professional Services
FVRR,Fiverr International Ltd,1104014680,Industrials,Professional Services
FWRD,Forward Air Corp,1800600360,Industrials,Air Freight & Logistics
G,Genpact Ltd,6759535040,Industrials,Professional Services
GAHC,Global Arena Holding Inc,262430,Industrials,Commercial Services & Supplies
GARB,Garb Oil & Power Corp,0,Industrials,Commercial Services & Supplies
GATX,GATX Corp,4048875000,Industrials,Trading Companies & Distributors
GBX,Greenbrier Companies Inc,1302027280,Industrials,Machinery
GCHT,Gc China Turbine Corp,0,Industrials,Electrical Equipment
GD,General Dynamics Corp,61098832110,Industrials,Aerospace & Defense
GDC,GD Culture Group Ltd,10745500,Industrials,Trading Companies & Distributors
GDIFF,GDI INTEGRATED FACILITY SVCS,735568500,Industrials,Commercial Services & Supplies
GDSI,Global Digital Solutions Inc,9015020,Industrials,Aerospace & Defense
GE,General Electric Co,123139086920,Industrials,Industrial Conglomerates
GEECF,Global Environmental Energy Corp,125660,Industrials,Commercial Services & Supplies
GEGR,GAENSEL ENERGY GROUP INC,2241850,Industrials,Industrial Conglomerates
GENC,Gencor Industries Inc,205065420,Industrials,Machinery
GEO,Geo Group Inc,920551900,Industrials,Commercial Services & Supplies
GETR,Getaround Inc,40959850,Industrials,Ground Transportation
GEVI,General Enterprise Ventures Inc,79011450,Industrials,Commercial Services & Supplies
GFAI,Guardforce AI Co Ltd,35102610,Industrials,Commercial Services & Supplies
GFF,Griffon Corporation,2218014480,Industrials,Building Products
GFL,GFL ENVIRONMENTAL INC,12001619170,Industrials,Commercial Services & Supplies
GGG,Graco Inc.,12986267080,Industrials,Machinery
GGII,Green Globe International Inc,60014080,Industrials,Professional Services
GHM,Graham Corporation,180559610,Industrials,Machinery
GIC,Global Industrial Co,1298656200,Industrials,Trading Companies & Distributors
GIGA,"Giga-tronics, Incorporated",1271820,Industrials,Aerospace & Defense
GIPIF,GREEN IMPACT PARTNERS INC,120238500,Industrials,Commercial Services & Supplies
GKIT,Greenkraft Inc,4124120,Industrials,Machinery
GLBS,Globus Maritime Ltd,17700520,Industrials,Marine Transportation
GLDD,Great Lakes Dredge & Dock Corporation,565846920,Industrials,Construction & Engineering
GLEC,Global Ecology Corp,149970,Industrials,Commercial Services & Supplies
GLG,TD Holdings Inc,36438820,Industrials,Trading Companies & Distributors
GLTVF,GLOBALTRANS INVESTMENT,320972400,Industrials,Ground Transportation
GLUX,"Great Lakes Aviation, Ltd.",900,Industrials,Passenger Airlines
GMGMF,GRAPHENE MANUFACTURING GROUP,89797130,Industrials,Electrical Equipment
GMND,GREEN MOUNTAIN DEVELOPMENT,15420,Industrials,Commercial Services & Supplies
GMS,GMS Inc,2740839360,Industrials,Trading Companies & Distributors
GNAL,Generation Alpha Inc,18180,Industrials,Electrical Equipment
GNK,Genco Shipping & Trading Ltd,578181760,Industrials,Marine Transportation
GNRC,Generac Holdings Inc,7331602970,Industrials,Electrical Equipment
GOGL,Golden Ocean Group Ltd,1465349530,Industrials,Marine Transportation
GOL,Gol Linhas Aereas Inteligentes SA (ADR),478304280,Industrials,Passenger Airlines
GP,GREENPOWER MOTOR CO INC,90311760,Industrials,Machinery
GPAEF,GRUPO AEROPORTUARIO DEL PACI,7458178200,Industrials,Transportation Infrastructure
GPGC,Global PoleTrusion Group Corp,2900410,Industrials,Electrical Equipment
GPOVF,GRUPO CARSO SAB DE CV,17743305480,Industrials,Industrial Conglomerates
GPOVY,Grupo Carso SAB de CV- ADR,18533401780,Industrials,Industrial Conglomerates
GPRC,Ignite Nutra Inc,3040,Industrials,Commercial Services & Supplies
GRAB,Grab Holdings Ltd,14959737600,Industrials,Ground Transportation
GRC,Gorman-Rupp Co,856543800,Industrials,Machinery
GRFX,GRAPHEX GROUP LIMITED,50453760,Industrials,Professional Services
GRIN,Grindrod Shipping Holdings Ltd,155678640,Industrials,Marine Transportation
GRNO,Green Oasis Environmental Inc,0,Industrials,Commercial Services & Supplies
GSFI,Green Stream Holdings Inc,549010,Industrials,Electrical Equipment
GSIH,General Steel Holdings Inc,4600,Industrials,Trading Companies & Distributors
GSL,Global Ship Lease Inc,657674530,Industrials,Marine Transportation
GSPT,Super Fresh Foods Inc,3969410,Industrials,Aerospace & Defense
GTEC,Greenland Technologies Holding Corp,48995720,Industrials,Machinery
GTES,Gates Industrial Corporation PLC,3220528770,Industrials,Machinery
GTGP,Global Technologies Group Inc,2230,Industrials,Commercial Services & Supplies
GTLS,"Chart Industries, Inc.",7702849970,Industrials,Machinery
GVA,Granite Construction Inc.,1809504000,Industrials,Construction & Engineering
GWAV,GREENWAVE TECHNOLOGY SOLUTIONS INC,9816600,Industrials,Commercial Services & Supplies
GWH,ESS Tech Inc,256723500,Industrials,Electrical Equipment
GWW,WW Grainger Inc,34638692760,Industrials,Trading Companies & Distributors
GXMLF,INTERCONTNTL GOLD & MTL LTD,2070,Industrials,Trading Companies & Distributors
GXO,GXO Logistics Inc,7450151040,Industrials,Air Freight & Logistics
HA,"Hawaiian Holdings, Inc.",407376480,Industrials,Passenger Airlines
HAYW,Hayward Holdings Inc,3031603550,Industrials,Building Products
HCCI,"Heritage-Crystal Clean, Inc.",1098112730,Industrials,Commercial Services & Supplies
HCSG,"Healthcare Services Group, Inc.",841742270,Industrials,Commercial Services & Supplies
HDIUF,ADENTRA INC,555972950,Industrials,Trading Companies & Distributors
HDSN,"Hudson Technologies, Inc.",547009750,Industrials,Trading Companies & Distributors
HEES,"H&E Equipment Services, Inc.",1619548560,Industrials,Trading Companies & Distributors
HEI,Heico Corp,9172360890,Industrials,Aerospace & Defense
HEI.A,HEICO CORP,11278307250,Industrials,Aerospace & Defense
HEOFF,H2O INNOVATION INC,179113930,Industrials,Machinery
HERXF,HEROUX-DEVTEK INC,395149720,Industrials,Aerospace & Defense
HESV,HOME ENERGY SAVINGS CORP,21280,Industrials,Electrical Equipment
HI,"Hillenbrand, Inc.",3171344400,Industrials,Machinery
HIHO,Highway Holdings Limited,9010680,Industrials,Machinery
HII,Huntington Ingalls Industries Inc,8697602880,Industrials,Aerospace & Defense
HIMR,Hollund Industrial Marine Inc,52980,Industrials,Machinery
HINOY,Hino Motors Ltd (ADR),2296120000,Industrials,Machinery
HIPH,New Electric CV Corp,4346530,Industrials,Machinery
HIRRF,HIRE TECHNOLOGES INC,416760,Industrials,Professional Services
HLGN,Heliogen Inc,51509400,Industrials,Electrical Equipment
HLIO,Helios Technologies Inc,1931886800,Industrials,Machinery
HLMN,Hillman Solutions Corp,1729770720,Industrials,Machinery
HLRTF,HILLCREST ENERGY TECH LTD,22828380,Industrials,Electrical Equipment
HLTEF,HILAN LTD,1158116500,Industrials,Professional Services
HLXW,Helix Wind Corp,19220,Industrials,Electrical Equipment
HMDPF,HAMMOND POWER SOLUTIONS INC,379500660,Industrials,Electrical Equipment
HNI,HNI Corp,1508192250,Industrials,Commercial Services & Supplies
HNRC,HOUSTON NAT RES CORP,9572100,Industrials,Commercial Services & Supplies
HOKUQ,Hoku Corporation,0,Industrials,Electrical Equipment
HON,Honeywell International Inc,123596340150,Industrials,Industrial Conglomerates
HQI,Hirequest Inc,251868000,Industrials,Professional Services
HRBR,Harbor Diversified Inc,92410700,Industrials,Passenger Airlines
HRI,Herc Holdings Inc,3659465040,Industrials,Trading Companies & Distributors
HRT,HireRight Holdings Corp,724828000,Industrials,Professional Services
HSII,"Heidrick & Struggles International, Inc.",515506120,Industrials,Professional Services
HSON,Hudson Global Inc,62106000,Industrials,Professional Services
HSQVY,Husqvarna AB (ADR),3665675520,Industrials,Machinery
HTHIY,Hitachi Ltd (ADR),63419951970,Industrials,Industrial Conglomerates
HTLD,"Heartland Express, Inc.",1176316890,Industrials,Ground Transportation
HTOO,Fusion Fuel Green PLC,17948250,Industrials,Electrical Equipment
HTZ,Hertz Global Holdings Inc,5344313820,Industrials,Ground Transportation
HUBB,Hubbell Incorporated,16892960540,Industrials,Electrical Equipment
HUBG,Hub Group Inc,2485910910,Industrials,Air Freight & Logistics
HURC,"Hurco Companies, Inc.",139773060,Industrials,Machinery
HURN,Huron Consulting Group Inc,1913053440,Industrials,Professional Services
HWDJY,HOWDEN JOINERY GROUP PLC,4979198400,Industrials,Trading Companies & Distributors
HWM,Howmet Aerospace Inc,19985904880,Industrials,Aerospace & Defense
HWM-,Howmet Aerospace Inc,--,Industrials,Aerospace & Defense
HXL,Hexcel Corporation,6116183060,Industrials,Aerospace & Defense
HY,Hyster-Yale Materials Handling Inc,772449690,Industrials,Machinery
HYEG,Hydrogen Engine Center Inc,10120,Industrials,Machinery
HYFM,Hydrofarm Holdings Group Inc,58526610,Industrials,Machinery
HYGN,"HydroGenetics, Inc. (NDA)",0,Industrials,Electrical Equipment
HYLN,Hyliion Holdings Corp,234679900,Industrials,Machinery
HYREQ,HC Liquidating Inc,3040,Industrials,Ground Transportation
HYZN,Hyzon Motors Inc,332975590,Industrials,Machinery
HZNOF,DEXTERRA GROUP INC,276823320,Industrials,Commercial Services & Supplies
IBEX,Ibex Ltd,347951220,Industrials,Professional Services
ICAGY,INTL CONSOL AIRLINES GROUP,9757322710,Industrials,Passenger Airlines
ICBU,IMD Companies Inc,1993040,Industrials,Machinery
ICFI,ICF International Inc,2534192350,Industrials,Professional Services
ICPBQ,INSCAPE CORP,--,Industrials,Commercial Services & Supplies
ICTSF,ICTS International N.V.,215239750,Industrials,Transportation Infrastructure
IEP,Icahn Enterprises LP,7841617940,Industrials,Industrial Conglomerates
IESC,IES Holdings Inc,1481890880,Industrials,Construction & Engineering
IEX,IDEX Corporation,16829761220,Industrials,Machinery
IGPK,INTEGRATED CANNABIS SOLUTION,1618270,Industrials,Professional Services
IIIN,Insteel Industries Inc,661110660,Industrials,Building Products
IKTSY,INTERTEK GROUP PLC,8463448920,Industrials,Professional Services
ILAG,Intelligent Living Application Group Inc,18782400,Industrials,Building Products
IMHC,Imperalis Holding Corp,1839360,Industrials,Electrical Equipment
INNI,Innovaro Inc,255550,Industrials,Professional Services
INOD,Innodata Inc,328837210,Industrials,Professional Services
INOH,In Ovations Holdings Inc,556210,Industrials,Commercial Services & Supplies
INSO,Yields Management Group Inc,229730,Industrials,Commercial Services & Supplies
IPW,iPower Inc,22899030,Industrials,Trading Companies & Distributors
IPWG,"International Power Group, Ltd.",0,Industrials,Commercial Services & Supplies
IPWR,Ideal Power Inc,63714740,Industrials,Electrical Equipment
IR,Ingersoll Rand Inc,27705375490,Industrials,Machinery
IRBL,InRob Tech Ltd,380,Industrials,Aerospace & Defense
ISON,Isonics Corporation,0,Industrials,Commercial Services & Supplies
ISSC,Innovative Solutions & Support Inc,139576000,Industrials,Aerospace & Defense
ISUN,iSun Inc,10584270,Industrials,Construction & Engineering
ITEX,ITEX Corporation,7861500,Industrials,Commercial Services & Supplies
ITJTY,INTRUM JUSTITIA AB,768423380,Industrials,Commercial Services & Supplies
ITMPF,ITM POWER PLC,653453960,Industrials,Electrical Equipment
ITOCF,ITOCHU CORP,55166954730,Industrials,Trading Companies & Distributors
ITOCY,ITOCHU CORP,55966093200,Industrials,Trading Companies & Distributors
ITT,ITT Inc,8269933000,Industrials,Machinery
ITW,Illinois Tool Works Inc.,73373421550,Industrials,Machinery
IVCGF,IVECO GROUP N V,2607143440,Industrials,Machinery
IXEH,IX Energy Holdings Inc,0,Industrials,Electrical Equipment
J,Jacobs Solutions Inc,16713096140,Industrials,Professional Services
JAN,Janone Inc,2319530,Industrials,Commercial Services & Supplies
JANL,Janel Corp,35580000,Industrials,Air Freight & Logistics
JBHT,J B Hunt Transport Services Inc,19365302820,Industrials,Ground Transportation
JBI,Janus International Group Inc,1608489780,Industrials,Building Products
JBLU,JetBlue Airways Corporation,1969507500,Industrials,Passenger Airlines
JBT,John Bean Technologies Corp,3398388120,Industrials,Machinery
JCI,Johnson Controls International PLC,39842940800,Industrials,Building Products
JCSE,JE Cleantech Holdings Ltd,7992140,Industrials,Machinery
JCTCF,Jewett-Cameron Trading Company Ltd,16532080,Industrials,Building Products
JCYGY,JARDINE CYCLE & CARRIAGE LTD,9481711640,Industrials,Industrial Conglomerates
JELD,Jeld-Wen Holding Inc,1173038760,Industrials,Building Products
JETMF,Global Crossing Airlines Group Inc,35752470,Industrials,Passenger Airlines
JGCCY,JGC HOLDINGS CORP,3137029170,Industrials,Construction & Engineering
JKSM,Jacksam Corp,527080,Industrials,Machinery
JMHLY,JARDINE MATHESON HLDGS LTD,13711953360,Industrials,Industrial Conglomerates
JOB,GEE Group Inc,69007750,Industrials,Professional Services
JOBY,Joby Aviation Inc,5181984730,Industrials,Passenger Airlines
JPEX,JPX Global Inc,836350,Industrials,Commercial Services & Supplies
JPSWY,JAPAN STEEL WORKS LTD,1414505510,Industrials,Machinery
JSGRY,LIXIL CORPORATION,3618190800,Industrials,Building Products
JTAI,Jet.AI Inc,34684830,Industrials,Passenger Airlines
JYD,Jayud Global Logistics Ltd,42704000,Industrials,Air Freight & Logistics
KAI,Kadant Inc.,2573447040,Industrials,Machinery
KAJMY,KAJIMA CORP,7944265290,Industrials,Construction & Engineering
KAMN,Kaman Corporation,593748800,Industrials,Aerospace & Defense
KAR,Openlane Inc,1683417900,Industrials,Commercial Services & Supplies
KBR,"KBR, Inc.",8217733560,Industrials,Professional Services
KBRLF,K-BRO LINEN INC,267501960,Industrials,Commercial Services & Supplies
KELYA,"Kelly Services, Inc.",582264080,Industrials,Professional Services
KELYB,KELLY SERVICES INC  -CL A,62225100,Industrials,Professional Services
KEX,Kirby Corporation,4941177500,Industrials,Marine Transportation
KFRC,Kforce Inc.,1238045130,Industrials,Professional Services
KFY,Korn Ferry,2695861350,Industrials,Professional Services
KGET,Calipharms Inc,0,Industrials,Machinery
KGHI,Kaiser Group Holdings Inc,35760,Industrials,Aerospace & Defense
KGSPY,KINGSPAN GROUP PLC,14811176180,Industrials,Building Products
KHNGY,KUEHNE & NAGEL INTERNATIONAL,34489522650,Industrials,Marine Transportation
KHOLY,KOC HOLDING AS,13694664220,Industrials,Industrial Conglomerates
KIGRY,KION GROUP AG,5441677130,Industrials,Machinery
KIQ,KELSO TECHNOLOGIES INC,13503950,Industrials,Machinery
KITT,Nauticus Robotics Inc,104374990,Industrials,Machinery
KMT,Kennametal Inc.,2056942360,Industrials,Machinery
KMTUY,Komatsu Ltd (ADR),27612718350,Industrials,Machinery
KNOS,Kronos Advanced Technologies Inc.,3857050,Industrials,Machinery
KNRRY,KNORR-BREMSE AKTIE,10690784000,Industrials,Machinery
KNX,Knight-Swift Transportation Holdings Inc,8605034900,Industrials,Ground Transportation
KNYJF,KONE OYJ,19846260000,Industrials,Machinery
KNYJY,KONE OYJ,19731592720,Industrials,Machinery
KOLR,"Kolorfusion International, Inc.",20,Industrials,Commercial Services & Supplies
KOSK,One Step Vending Corp,10040770,Industrials,Professional Services
KPELY,Keppel Corporation Ltd (ADR),9172240590,Industrials,Industrial Conglomerates
KRNT,Kornit Digital Ltd,1061507130,Industrials,Machinery
KRT,Karat Packaging Inc,503365280,Industrials,Trading Companies & Distributors
KSCP,Knightscope Inc,85813200,Industrials,Commercial Services & Supplies
KTOS,Kratos Defense and Security Solutins Inc,1990036860,Industrials,Aerospace & Defense
KUBTY,Kubota Corp (ADR),19075696470,Industrials,Machinery
KULR,KULR Technology Group Inc,72748650,Industrials,Electrical Equipment
KWE,KWESST MICRO SYSTEMS INC,10356870,Industrials,Aerospace & Defense
KWHIY,Kawasaki Heavy Industries Ltd (ADR),4480122100,Industrials,Machinery
LASE,Laser Photonics Corp,15515640,Industrials,Machinery
LCCN,LeapCharger Corp,6878000,Industrials,Professional Services
LDOS,Leidos Holdings Inc,13445289390,Industrials,Professional Services
LECO,Lincoln Electric Holdings Inc,10687717020,Industrials,Machinery
LEV,Lion Electric Co,482904970,Industrials,Machinery
LHX,L3Harris Technologies Inc,32727574320,Industrials,Aerospace & Defense
LICN,Lichen China Ltd,18815000,Industrials,Professional Services
LICY,Li-Cycle Holdings Corp,839779220,Industrials,Commercial Services & Supplies
LII,Lennox International Inc,13306030380,Industrials,Building Products
LILM,Lilium NV,483301570,Industrials,Aerospace & Defense
LIQT,LiqTech International Inc,20007000,Industrials,Machinery
LLAP,Terran Orbital Corp,208577380,Industrials,Aerospace & Defense
LLLI,Lamperd Less Lethal Inc,1340310,Industrials,Aerospace & Defense
LMB,Limbach Holdings Inc,390166380,Industrials,Construction & Engineering
LMT,Lockheed Martin Corp,112334254170,Industrials,Aerospace & Defense
LMTI,Laser Master International Inc,650400,Industrials,Commercial Services & Supplies
LNN,Lindsay Corp,1349373130,Industrials,Machinery
LPENF,LOOP ENERGY INC,15467400,Industrials,Electrical Equipment
LPPI,Leep Inc,6270,Industrials,Building Products
LQDT,Liquidity Services Inc,535404490,Industrials,Commercial Services & Supplies
LRSV,Link Reservations Inc,2370290,Industrials,Electrical Equipment
LSCG,Lighting Science Group Corp,0,Industrials,Electrical Equipment
LSTR,"Landstar System, Inc.",6829740000,Industrials,Ground Transportation
LTHUQ,Lithium Technology Corp,0,Industrials,Electrical Equipment
LTKBF,LOGISTEC CORP,274164000,Industrials,Transportation Infrastructure
LTMAY,LATAM Airlines Group SA (ADR),377773673750,Industrials,Passenger Airlines
LTOUF,LARSEN & TOUBRO LTD,44980768000,Industrials,Construction & Engineering
LUNR,Intuitive Machines Inc,423135040,Industrials,Aerospace & Defense
LUV,Southwest Airlines Co,18378287070,Industrials,Passenger Airlines
LXFR,Luxfer Holdings PLC,314314350,Industrials,Machinery
LYFT,LYFT Inc,4598163390,Industrials,Ground Transportation
LYTS,LSI Industries Inc,449065440,Industrials,Electrical Equipment
LZ,LegalZoom.com Inc,2175857550,Industrials,Professional Services
LZRFY,LOCALIZA RENT A CAR SA,13219388070,Industrials,Ground Transportation
MALJF,MAGELLAN AEROSPACE CORP,302000400,Industrials,Aerospace & Defense
MAN,ManpowerGroup Inc,3843023310,Industrials,Professional Services
MARUY,MARUBENI CORP,28456465130,Industrials,Trading Companies & Distributors
MAS,Masco Corp,12942242040,Industrials,Building Products
MATW,Matthews International Corp,1221462120,Industrials,Commercial Services & Supplies
MATX,Matson Inc,2994624540,Industrials,Marine Transportation
MBC,MasterBrand Inc,1559009430,Industrials,Building Products
MCOM,micromobility.com Inc,9708230,Industrials,Ground Transportation
MDALF,MDA LTD,946540030,Industrials,Aerospace & Defense
MDU,Mdu Resources Group Inc,4093123800,Industrials,Construction & Engineering
MEC,Mayville Engineering Company Inc,240637400,Industrials,Machinery
MEEC,Midwest Energy Emissions Corp,20738740,Industrials,Commercial Services & Supplies
MEG,Montrose Environmental Group Inc,1156595020,Industrials,Commercial Services & Supplies
MERG,Merger Mines Corp,6510000,Industrials,Machinery
MESA,Mesa Air Group Inc,53896920,Industrials,Passenger Airlines
MG,Mistras Group Inc,156661340,Industrials,Professional Services
MGRC,McGrath RentCorp,2410058550,Industrials,Trading Companies & Distributors
MHH,Mastech Digital Inc,124541040,Industrials,Professional Services
MHHC,MHHC ENTERPRISES INC,567220,Industrials,Commercial Services & Supplies
MHVYF,MITSUBISHI HEAVY INDUST LTD,19904535000,Industrials,Machinery
MHYR,Manthey Redmond Corp,8050,Industrials,Machinery
MIDD,Middleby Corp,7544086220,Industrials,Machinery
MIELF,MITSUBISHI ELECTRIC CORP,27565635700,Industrials,Electrical Equipment
MIELY,MITSUBISHI ELECTRIC CORP,27355198000,Industrials,Electrical Equipment
MITFY,MITIE GROUP PLC,1665523360,Industrials,Commercial Services & Supplies
MITSF,MITSUI & CO LTD,57557606400,Industrials,Trading Companies & Distributors
MITSY,Mitsui & Co Ltd (ADR),57734036500,Industrials,Trading Companies & Distributors
MJWL,Majic Wheels Corp,2148680,Industrials,Commercial Services & Supplies
MKDTY,Molecular Data Inc - ADR,920,Industrials,Trading Companies & Distributors
MKFG,Markforged Holding Corp,254524360,Industrials,Machinery
MKTAY,Makita Corp (ADR),7137047540,Industrials,Machinery
MKUL,Molekule Group Inc,27712800,Industrials,Building Products
MLI,Mueller Industries Inc,4283393400,Industrials,Machinery
MLKN,MillerKnoll Inc,1411142340,Industrials,Commercial Services & Supplies
MLLGF,MULLEN GROUP LTD,917571600,Industrials,Ground Transportation
MLR,Miller Industries Inc,453032680,Industrials,Machinery
MMIO,Marmion Industries Corp,90,Industrials,Building Products
MMM,3M Co,59046584240,Industrials,Industrial Conglomerates
MMS,Maximus Inc,4805583040,Industrials,Professional Services
MMTC,Micro Imaging Technology Inc,2700,Industrials,Machinery
MNDP,MUNDUS GROUP INC,555940,Industrials,Aerospace & Defense
MNTS,Momentus Inc,15597290,Industrials,Aerospace & Defense
MNTX,Manitex International Inc,94829990,Industrials,Machinery
MOG.A,Moog Inc,3336634740,Industrials,Aerospace & Defense
MOG.B,MOOG INC  -CL A,371052080,Industrials,Aerospace & Defense
MONOY,MONOTARO CO LTD,5957065140,Industrials,Trading Companies & Distributors
MPIR,EMPIRE DIVERSIFIED ENERGY,80136540,Industrials,Commercial Services & Supplies
MPML,MPM Technologies Inc,1000,Industrials,Machinery
MPU,Mega Matrix Corp,29187000,Industrials,Trading Companies & Distributors
MPZZF,MPC CONTAINER SHIPS ASA,758727000,Industrials,Marine Transportation
MRC,MRC Global Inc,804414900,Industrials,Trading Companies & Distributors
MRCY,Mercury Systems Inc,2107059900,Industrials,Aerospace & Defense
MRT,Marti Technologies Inc,40482410,Industrials,Ground Transportation
MRTN,Marten Transport Ltd,1657727390,Industrials,Ground Transportation
MSA,MSA Safety Inc,6927980280,Industrials,Commercial Services & Supplies
MSBHF,MITSUBISHI CORP,72642817800,Industrials,Trading Companies & Distributors
MSLOY,MITSUI OSK LINES LTD,10588257680,Industrials,Marine Transportation
MSM,MSC Industrial Direct Co Inc,5638007310,Industrials,Trading Companies & Distributors
MSNVF,MISSION READY SOLUTNS INC,7436480,Industrials,Aerospace & Defense
MSYN,Ms Young Adventure Enterprise Inc,552020,Industrials,Professional Services
MTCPY,MTR CORP LTD,26172012650,Industrials,Ground Transportation
MTRX,Matrix Service Co,212859890,Industrials,Construction & Engineering
MTUAY,MTU AERO ENGINES AG,12177935980,Industrials,Aerospace & Defense
MTW,Manitowoc Company Inc,576490250,Industrials,Machinery
MTZ,MasTec Inc,7543747600,Industrials,Construction & Engineering
MUEL,Paul Mueller Co,55929000,Industrials,Machinery
MVST,Microvast Holdings Inc,702360700,Industrials,Machinery
MWA,Mueller Water Products Inc,2156363300,Industrials,Machinery
MWG,Multi Ways Holdings Ltd,11629760,Industrials,Trading Companies & Distributors
MYIDF,REKLAIM LTD,7665910,Industrials,Professional Services
MYNA,MYNARIC AG,26526240,Industrials,Aerospace & Defense
MYRG,MYR Group Inc,2268716700,Industrials,Construction & Engineering
NCRA,Nocera Inc,15729830,Industrials,Construction & Engineering
NDSN,Nordson Corp,13733019190,Industrials,Machinery
NEOV,NeoVolta Inc,99465000,Industrials,Electrical Equipment
NETI,Eneti Inc,424537290,Industrials,Construction & Engineering
NEWH,Newhydrogen Inc,8884600,Industrials,Machinery
NFYEF,NFI GROUP INC,706288500,Industrials,Machinery
NHHHF,FUELPOSITIVE CORP,19042690,Industrials,Electrical Equipment
NJDCY,Nidec Corporation (ADR),29741334820,Industrials,Electrical Equipment
NKLA,Nikola Corp,1006183050,Industrials,Machinery
NL,NL Industries Inc,239281700,Industrials,Commercial Services & Supplies
NLLSF,NEL ASA,1738178000,Industrials,Electrical Equipment
NLLSY,NEL ASA,1698362200,Industrials,Electrical Equipment
NM,Navios Maritime Holdings Inc.,37662900,Industrials,Marine Transportation
NMM,Navios Maritime Partners L.P.,652276240,Industrials,Marine Transportation
NMSCA,Nutrition Management Services Company,2850,Industrials,Commercial Services & Supplies
NNBR,NN Inc,94508190,Industrials,Machinery
NOBGY,NOBLE GROUP LTD,6640,Industrials,Trading Companies & Distributors
NOC,Northrop Grumman Corp,65413042000,Industrials,Aerospace & Defense
NOTE,FiscalNote Holdings Inc,264800800,Industrials,Professional Services
NPK,National Presto Industries Inc.,506219290,Industrials,Aerospace & Defense
NPNYY,Nippon Yusen KK - ADR,14152562350,Industrials,Marine Transportation
NPO,EnPro Industries Inc,2708322240,Industrials,Machinery
NPSKY,NSK LTD,2760318600,Industrials,Machinery
NPWR,NET Power Inc,3258092640,Industrials,Electrical Equipment
NRBT,Novus Robotics Inc,2743760,Industrials,Machinery
NRGV,Energy Vault Holdings Inc,439999560,Industrials,Electrical Equipment
NRXXY,NORDEX SE,3310307000,Industrials,Electrical Equipment
NSC,Norfolk Southern Corp,45773034450,Industrials,Ground Transportation
NSGP,NewStream Energy Technologies Group Inc,18845510,Industrials,Commercial Services & Supplies
NSP,Insperity Inc,3852342000,Industrials,Professional Services
NTUR,Natural Blue Resources Inc,5450,Industrials,Commercial Services & Supplies
NUGL,NUGL Inc,8200400,Industrials,Commercial Services & Supplies
NVEE,NV5 Global Inc,1578194800,Industrials,Professional Services
NVRI,Enviri Corp,591383330,Industrials,Commercial Services & Supplies
NVT,nVent Electric PLC,9215432250,Industrials,Electrical Equipment
NVVE,Nuvve Holding Corp,15397340,Industrials,Electrical Equipment
NWARF,NORWEGIAN AIR SHUTTLE ASA,865369800,Industrials,Passenger Airlines
NWPX,Northwest Pipe Co,325999760,Industrials,Construction & Engineering
NWVCF,ENWAVE CORP,23633380,Industrials,Machinery
NX,Quanex Building Products Corp,939819560,Industrials,Building Products
NXHSF,NEXT HYDROGEN SOLUTIONS INC,12817280,Industrials,Machinery
NXT,Nextracker Inc,6379388670,Industrials,Electrical Equipment
NXU,NXU Inc.,8271260,Industrials,Machinery
NZIH,NZJ HOLDINGS INC,0,Industrials,Professional Services
OC,Owens Corning,12740707050,Industrials,Building Products
ODFL,Old Dominion Freight Line Inc,46191954320,Industrials,Ground Transportation
OESX,"Orion Energy Systems, Inc.",48757750,Industrials,Electrical Equipment
OFLX,Omega Flex Inc,831341840,Industrials,Machinery
OFSTF,Carbon Streaming Corp,41317760,Industrials,Commercial Services & Supplies
OIGBQ,Orbital Infrastructure Group Inc,516340,Industrials,Construction & Engineering
OLNCF,OMNI-LITE INDUSTRIES CANADA,7089980,Industrials,Machinery
OMAB,Grupo Arprtr dl Cntr Nrte SABdeCV(ADR),3929993000,Industrials,Transportation Infrastructure
OMEX,Odyssey Marine Exploration Inc,79728180,Industrials,Commercial Services & Supplies
OP,OceanPal Inc,2127710,Industrials,Marine Transportation
OPMZ,1PM Industries Inc,0,Industrials,Professional Services
OPST,OPT-Sciences Corp,16660720,Industrials,Aerospace & Defense
OPTT,Ocean Power Technologies Inc,24690960,Industrials,Electrical Equipment
OPXS,Optex Systems Holdings Inc,26984370,Industrials,Aerospace & Defense
ORBT,Orbit International Corp.,14411750,Industrials,Electrical Equipment
ORN,Orion Group Holdings Inc,152577620,Industrials,Construction & Engineering
OSAGY,OSRAM LICHT AG,4803367000,Industrials,Electrical Equipment
OSK,Oshkosh Corp,6745919810,Industrials,Machinery
OSRS,Osiris Corp.,0,Industrials,Machinery
OTIS,Otis Worldwide Corp,34808922300,Industrials,Machinery
OUKPY,METSO OYJ,9420139200,Industrials,Machinery
OZSC,Ozop Energy Solutions Inc,22732510,Industrials,Electrical Equipment
PAC,Grupo Aeroportr dl Pcfco SAB de CV (ADR),7433809540,Industrials,Transportation Infrastructure
PANL,Pangaea Logistics Solutions Ltd,261841540,Industrials,Marine Transportation
PATI,Patriot Transportation Holding Inc,31557700,Industrials,Ground Transportation
PAWH,PENNSYL WAREHSING & SAFE DEP,--,Industrials,Commercial Services & Supplies
PAYC,Paycom Software Inc,17804508150,Industrials,Professional Services
PAYX,"Paychex, Inc.",44001033840,Industrials,Professional Services
PBHG,PBS HOLDING INC,459500,Industrials,Professional Services
PBI,Pitney Bowes Inc.,520156830,Industrials,Commercial Services & Supplies
PCAR,PACCAR Inc,42828185600,Industrials,Machinery
PCMC,Public Company Management Corp,2738730,Industrials,Professional Services
PCTY,Paylocity Holding Corp,11370976140,Industrials,Professional Services
PDPTF,Pudo Inc (USA),19635120,Industrials,Air Freight & Logistics
PEGY,Pineapple Energy Inc,10601920,Industrials,Electrical Equipment
PERT,PERMANENT TECHNOLOGIES INC,27660,Industrials,Machinery
PESI,"Perma-Fix Environmental Services, Inc.",168218400,Industrials,Commercial Services & Supplies
PFIN,P&F Industries Inc,21374550,Industrials,Machinery
PFMT,Performant Financial Corp,191361320,Industrials,Commercial Services & Supplies
PGTI,PGT Innovations Inc,1509482020,Industrials,Building Products
PGTK,Pacific Green Technologies Inc,26484630,Industrials,Commercial Services & Supplies
PH,Parker-Hannifin Corp,53022738350,Industrials,Machinery
PHGD,PHIL GOOD PRODUCTS INC,--,Industrials,Machinery
PHOT,Growlife Inc,101330,Industrials,Machinery
PHPPY,SIGNIFY NV,3649522740,Industrials,Electrical Equipment
PIXY,ShiftPixy Inc,6083630,Industrials,Professional Services
PKCOY,Park24 Co Ltd - ADR,2455488000,Industrials,Commercial Services & Supplies
PKE,Park Aerospace Corp,272160000,Industrials,Aerospace & Defense
PKOH,Park Ohio Holdings Corp,241515120,Industrials,Machinery
PL,Planet Labs PBC,912285760,Industrials,Professional Services
PLOW,Douglas Dynamics Inc,695725680,Industrials,Machinery
PLPC,Preformed Line Products Company,840636000,Industrials,Electrical Equipment
PLUG,Plug Power Inc,5149870460,Industrials,Electrical Equipment
PMAH,PlasmaTech Inc,0,Industrials,Electrical Equipment
PMBY,PMB AEROSPACE CORP,3013470,Industrials,Aerospace & Defense
PMXX,Primix Corp,0,Industrials,Machinery
PNPL,PINEAPPLE INC,32165760,Industrials,Professional Services
PNR,Pentair PLC,11409308300,Industrials,Machinery
PNYG,Pony Group Inc,61755000,Industrials,Ground Transportation
POLA,Polar Power Inc,17760920,Industrials,Electrical Equipment
POWL,"Powell Industries, Inc.",980074430,Industrials,Electrical Equipment
PPIH,Perma-Pipe International Holdings Inc,68531110,Industrials,Machinery
PPRW,"Premier Power Renewable Energy, Inc.",3090,Industrials,Electrical Equipment
PPSI,"Pioneer Power Solutions, Inc.",65915850,Industrials,Electrical Equipment
PRGNF,Paragon Shipping Inc,0,Industrials,Marine Transportation
PRIM,Primoris Services Corp,1836650760,Industrials,Construction & Engineering
PRLB,Proto Labs Inc,753101700,Industrials,Machinery
PRTR,Precicion Trim Inc,15110,Industrials,Machinery
PRYMY,PRYSMIAN SPA,10588967120,Industrials,Electrical Equipment
PSHG,Performance Shipping Inc,26195310,Industrials,Marine Transportation
PSIX,Power Solutions International Inc,74419560,Industrials,Electrical Equipment
PSN,Parsons Corp,5932820020,Industrials,Aerospace & Defense
PSSR,Passur Aerospace Inc,755780,Industrials,Aerospace & Defense
PSTNY,POSTNL NV,956244900,Industrials,Air Freight & Logistics
PTAIY,ASTRA INTERNATIONAL TBK (PT),17144787660,Industrials,Industrial Conglomerates
PTNYF,PARCELPAL LOGISTICS INC,3418700,Industrials,Air Freight & Logistics
PTRAQ,Proterra Inc,18634040,Industrials,Machinery
PTSI,"P.A.M. Transportation Services, Inc.",485188680,Industrials,Ground Transportation
PTTL,Pure Transit Technologies Inc,230,Industrials,Machinery
PUODY,PROMOTORA Y OPERADORA INFRAE,3553741880,Industrials,Transportation Infrastructure
PWR,Quanta Services Inc,30382890750,Industrials,Construction & Engineering
PXDT,Pixie Dust Technologies Inc(ADR),120038890,Industrials,Professional Services
PXS,Pyxis Tankers Inc,36890000,Industrials,Marine Transportation
PYCR,Paycor HCM Inc,4147437350,Industrials,Professional Services
PYR,PYROGENESIS CANADA INC,110851940,Industrials,Commercial Services & Supplies
QABSY,QANTAS AIRWAYS LTD,6180446720,Industrials,Passenger Airlines
QH,Quhuo Ltd - ADR,10010660,Industrials,Commercial Services & Supplies
QHYG,QHY Group,26180,Industrials,Commercial Services & Supplies
QIND,QUALITY INDUSTRIAL CORP,26272370,Industrials,Machinery
QPRC,Quest Patent Research Corp,2666000,Industrials,Professional Services
QRHC,Quest Resource Holding Corp,149947560,Industrials,Commercial Services & Supplies
QUAD,Quad/Graphics Inc,258600280,Industrials,Commercial Services & Supplies
R,Ryder System Inc,4579060130,Industrials,Ground Transportation
RAIL,FreightCar America Inc,48875190,Industrials,Machinery
RANJY,RANDSTAD NV,10372438800,Industrials,Professional Services
RAYA,Erayak Power Solution Group Inc,16185000,Industrials,Electrical Equipment
RBA,RB Global Inc,11745995040,Industrials,Commercial Services & Supplies
RBC,RBC Bearings Inc,6848353920,Industrials,Machinery
RBCP,RBC Bearings Inc,--,Industrials,Machinery
RCMT,R C M Technologies Inc,162032440,Industrials,Professional Services
RCRUY,RECRUIT HOLDINGS CO LTD,56303536000,Industrials,Professional Services
RDCPF,REDISHRED CAPITAL CORP,47650310,Industrials,Commercial Services & Supplies
RDW,Redwire Corp,209194180,Industrials,Aerospace & Defense
RELX,Relx PLC (ADR),61748050150,Industrials,Professional Services
RENO,Renovare Environmental Inc,3520,Industrials,Commercial Services & Supplies
REPO,National Asset Recovery Corp,4843880,Industrials,Commercial Services & Supplies
REVG,Rev Group Inc,804372400,Industrials,Machinery
REZI,Resideo Technologies Inc,2451039800,Industrials,Building Products
RGBD,Regional Brands Inc,25059960,Industrials,Trading Companies & Distributors
RGGI,Resgreen Group International Inc,7699500,Industrials,Machinery
RGP,Resources Connection Inc,513509850,Industrials,Professional Services
RGUS,REGI U S Inc,1002730,Industrials,Machinery
RHI,Robert Half Inc,7917643080,Industrials,Professional Services
RHUHF,RICHELIEU HARDWARE LTD,1715380160,Industrials,Trading Companies & Distributors
RHWI,River Hawk Aviation Inc,330,Industrials,Passenger Airlines
RIII,Renavotio Inc,623770,Industrials,Industrial Conglomerates
RINO,JOIN Entertainment Holdings Inc,517890,Industrials,Commercial Services & Supplies
RKIGF,REKO INTERNATIONAL GROUP INC,21041900,Industrials,Machinery
RKLB,Rocket Lab USA Inc,3168208480,Industrials,Aerospace & Defense
RLBY,Reliability Inc,15000000,Industrials,Professional Services
RLGT,Radiant Logistics Inc,325447200,Industrials,Air Freight & Logistics
RLLWF,RELIANCE WORLDWIDE CORP LTD,2093751750,Industrials,Building Products
RLPHQ,4504020 Canada Inc,10470,Industrials,Machinery
RMTO,RM2 International Inc,85539750,Industrials,Machinery
RNMBF,RHEINMETALL AG,11616967500,Industrials,Aerospace & Defense
RNMBY,RHEINMETALL AG,11634945120,Industrials,Aerospace & Defense
RNWF,Renewal Fuels Inc,0,Industrials,Electrical Equipment
RNWR,808 Renewable Energy Corp,976650,Industrials,Aerospace & Defense
ROAD,Construction Partners Inc,1768463580,Industrials,Construction & Engineering
ROBOF,ROBOGROUP TEK LTD,11027520,Industrials,Machinery
ROCK,Gibraltar Industries Inc,2212737520,Industrials,Building Products
ROK,Rockwell Automation Inc,35234453600,Industrials,Electrical Equipment
ROL,Rollins Inc,18774016000,Industrials,Commercial Services & Supplies
ROYMY,INTERNATIONAL DISTRIBUTIONS,2897267820,Industrials,Air Freight & Logistics
RRTS,Roadrunner Transportation Systems Inc,72142130,Industrials,Ground Transportation
RRX,Regal Rexnord Corp,10686017650,Industrials,Electrical Equipment
RSG,Republic Services Inc,45889412820,Industrials,Commercial Services & Supplies
RSSFF,AFFINOR GROWERS INC,126230,Industrials,Machinery
RTNB,Root9B Holdings Inc,0,Industrials,Professional Services
RTO,Rentokil Initial plc (ADR),18456772960,Industrials,Commercial Services & Supplies
RTX,Rtx Corp,124315536150,Industrials,Aerospace & Defense
RUN,Sunrun Inc,3376109740,Industrials,Electrical Equipment
RUNI,Reunion Industries Inc,5230,Industrials,Machinery
RUSHA,Rush Enterprises Inc,2536419600,Industrials,Trading Companies & Distributors
RUSHB,RUSH ENTERPRISES INC CL B,802423650,Industrials,Trading Companies & Distributors
RUSMF,RUSSEL METALS INC,1807943430,Industrials,Trading Companies & Distributors
RVVQF,RAVENQUEST BIOMED INC,0,Industrials,Professional Services
RWCI,RWC INC,--,Industrials,Machinery
RWCRF,RIWI CORP,7419450,Industrials,Professional Services
RXEEY,REXEL SA,7098991520,Industrials,Trading Companies & Distributors
RXO,RXO Inc,2075845590,Industrials,Ground Transportation
RYAAY,Ryanair Holdings plc (ADR),22544079390,Industrials,Passenger Airlines
RYAOF,RYANAIR HOLDINGS PLC,14806155000,Industrials,Passenger Airlines
RYCEF,ROLLS-ROYCE HLDGS PLC,23314250690,Industrials,Aerospace & Defense
RYCEY,Rolls-Royce Holdings PLC (ADR),22859749050,Industrials,Aerospace & Defense
SAFRF,SAFRAN SA,65028388750,Industrials,Aerospace & Defense
SAFRY,SAFRAN SA,65182949020,Industrials,Aerospace & Defense
SAFS,Safer Shot Inc,11609200,Industrials,Aerospace & Defense
SAIA,Saia Inc,11298603000,Industrials,Ground Transportation
SAIC,Science Applications International Corp,6311778730,Industrials,Professional Services
SATL,Satellogic Inc,141190380,Industrials,Aerospace & Defense
SAVE,Spirit Airlines Inc,1758037910,Industrials,Passenger Airlines
SAVW,SavWatt USA Inc,4090,Industrials,Electrical Equipment
SAYFF,3 SIXTY RISK SOLUTIONS LTD,15440,Industrials,Commercial Services & Supplies
SB,Safe Bulkers Inc,351527400,Industrials,Marine Transportation
SBGSF,SCHNEIDER ELECTRIC SA,96408298800,Industrials,Electrical Equipment
SBGSY,SCHNEIDER ELECTRIC SA,93707640480,Industrials,Electrical Equipment
SBLK,Star Bulk Carriers Corp,1802108560,Industrials,Marine Transportation
SCAXF,SPARTA CAPITAL LTD,7727080,Industrials,Machinery
SCGPY,SERCO GROUP PLC,2151914700,Industrials,Commercial Services & Supplies
SCS,Steelcase Inc,1028877080,Industrials,Commercial Services & Supplies
SCWO,374Water Inc,195020490,Industrials,Machinery
SCX,L S Starrett Co,72314300,Industrials,Machinery
SCXLB,STARRETT (L.S.) CO  -CL A,6611000,Industrials,Machinery
SDVKY,SANDVIK AB,23827062070,Industrials,Machinery
SEAOF,SEACO LTD,0,Industrials,Marine Transportation
SECI,SECTOR 10 Inc,1530,Industrials,Electrical Equipment
SECUF,SSC SECURITY SERVICES CORP,38342110,Industrials,Commercial Services & Supplies
SENR,Strategic Environmental & Energy Res Inc,9034350,Industrials,Commercial Services & Supplies
SEPOF,BLUMETRIC ENVIRONMENTAL INC,9989420,Industrials,Commercial Services & Supplies
SES,SES AI Corp,755316500,Industrials,Electrical Equipment
SFBE,Sino Bioenergy Corp,2135750,Industrials,Commercial Services & Supplies
SFRX,Seafarer Exploration Corp,34685570,Industrials,Commercial Services & Supplies
SGBX,Safe & Green Holdings Corp,21623200,Industrials,Construction & Engineering
SGGKY,SINGAPORE TECHNOLOGIES ENGR,8826183300,Industrials,Aerospace & Defense
SGLS,Signature Leisure Inc,0,Industrials,Professional Services
SGLY,Singularity Future Technology Ltd,9698250,Industrials,Transportation Infrastructure
SGSOY,SGS SA (ADR),16643120760,Industrials,Professional Services
SHGI,SPARX HLDGS GROUP,4738750,Industrials,Commercial Services & Supplies
SHIP,Seanergy Maritime Holdings Corp,103550230,Industrials,Marine Transportation
SHLS,Shoals Technologies Group Inc,3471874200,Industrials,Electrical Equipment
SHPW,Shapeways Holdings Inc,22414680,Industrials,Commercial Services & Supplies
SHYF,Shyft Group Inc,568221130,Industrials,Machinery
SIDU,Sidus Space Inc,10514160,Industrials,Aerospace & Defense
SIEGY,Siemens AG (ADR),109599789600,Industrials,Industrial Conglomerates
SIF,SIFCO Industries Inc,18324000,Industrials,Aerospace & Defense
SINGY,SINGAPORE AIRLINES LTD,15049998480,Industrials,Passenger Airlines
SIRC,Solar Integrated Roofing Corp,7405850,Industrials,Electrical Equipment
SISXF,SAVARIA CORP,745264740,Industrials,Machinery
SITE,SiteOne Landscape Supply Inc,7616604320,Industrials,Trading Companies & Distributors
SKAS,Saker Aviation Services Inc,5563200,Industrials,Transportation Infrastructure
SKBSY,Skanska AB - ADR,5827494300,Industrials,Construction & Engineering
SKFRY,SKF AB (ADR),6921963750,Industrials,Machinery
SKIL,Skillsoft Corp,211454100,Industrials,Professional Services
SKYH,Sky Harbour Group Corp,257806230,Industrials,Transportation Infrastructure
SKYW,SkyWest Inc,1846145070,Industrials,Passenger Airlines
SKYX,SKYX Platforms Corp,143500380,Industrials,Electrical Equipment
SLLN,SEARCHLIGHT SOLUTIONS LTD,0,Industrials,Commercial Services & Supplies
SLUP,Solucorp Industries Ltd,0,Industrials,Commercial Services & Supplies
SLXXF,FINTECH SELECT LTD,1200750,Industrials,Professional Services
SMCAY,SMC Corp - ADR,31979422270,Industrials,Machinery
SMEGF,SIEMENS ENERGY AG,10843279600,Industrials,Electrical Equipment
SMGZY,SMITHS GROUP PLC,7153206310,Industrials,Industrial Conglomerates
SMNEY,SIEMENS ENERGY AG,9771163080,Industrials,Electrical Equipment
SMR,Nuscale Power Corp,1421058600,Industrials,Electrical Equipment
SNA,Snap-On Inc,13973527610,Industrials,Machinery
SNAVF,STAR NAVIGATION SYS GRP LTD,17592640,Industrials,Aerospace & Defense
SNCAF,SNC-LAVALIN GROUP INC,5597539290,Industrials,Construction & Engineering
SNCY,Sun Country Airlines Holdings Inc,831778200,Industrials,Passenger Airlines
SNDR,Schneider National Inc,5062196180,Industrials,Ground Transportation
SNRR,Super Nova Resources Inc,0,Industrials,Professional Services
SNRY,Solar Energy Initiatives Inc,1350000,Industrials,Electrical Equipment
SNTG,Sentage Holdings Inc,5273400,Industrials,Commercial Services & Supplies
SNTW,Summit Networks Inc,7350490,Industrials,Commercial Services & Supplies
SOHVY,SUMITOMO HEAVY INDUSTRIES,2841779600,Industrials,Machinery
SOL,Emeren Group Ltd (ADR),194472390,Industrials,Construction & Engineering
SOMLY,SECOM CO LTD,14760284200,Industrials,Commercial Services & Supplies
SOS,Sos Ltd - ADR,1244205300,Industrials,Professional Services
SP,SP Plus Corp,760455000,Industrials,Commercial Services & Supplies
SPCE,Virgin Galactic Holdings Inc,938035040,Industrials,Aerospace & Defense
SPEV,Shorepower Technologies Inc,9346100,Industrials,Electrical Equipment
SPIR,Spire Global Inc,123623150,Industrials,Professional Services
SPLP,Steel Partners Holdings LP,960266850,Industrials,Industrial Conglomerates
SPLP-A,Steel Partners Holdings LP,--,Industrials,Industrial Conglomerates
SPOI,SPO Networks Inc,1093250,Industrials,Commercial Services & Supplies
SPR,Spirit AeroSystems Holdings Inc,2215280560,Industrials,Aerospace & Defense
SPRQF,SPARQ SYSTEMS INC,--,Industrials,Electrical Equipment
SPWR,SunPower Corp,1232475720,Industrials,Electrical Equipment
SPXC,SPX Technologies Inc,3523195200,Industrials,Machinery
SPXSY,SPIRAX SARCO ENGINEERING PLC,9415293120,Industrials,Machinery
SQM,Sociedad Quimica y Minera de Chile (ADR),9010513800,Industrials,Electrical Equipment
SRBT,Shanrong Biotechnology Corp,97970,Industrials,Aerospace & Defense
SRCL,Stericycle Inc,4095948940,Industrials,Commercial Services & Supplies
SRFM,Surf Air Mobility Inc,145701890,Industrials,Passenger Airlines
SRT,Startek Inc,125339220,Industrials,Professional Services
SSCFF,SMARTCOOL SYSTEMS INC,15150,Industrials,Electrical Equipment
SSD,Simpson Manufacturing Co Inc,6700941190,Industrials,Building Products
SSNC,SS&C Technologies Holdings Inc,13961152200,Industrials,Professional Services
SSUMY,SUMITOMO CORP,25701362330,Industrials,Trading Companies & Distributors
ST,Sensata Technologies Holding PLC,5885013420,Industrials,Electrical Equipment
STAF,Staffing 360 Solutions Inc,3188850,Industrials,Professional Services
STCN,Steel Connect Inc,64375000,Industrials,Professional Services
STEEF,STEER TECHNOLOGIES INC,12496830,Industrials,Ground Transportation
STEM,Stem Inc,782126040,Industrials,Electrical Equipment
STER,Sterling Check Corp,1344780760,Industrials,Professional Services
STJO,St Joseph Inc,740030,Industrials,Professional Services
STN,Stantec Inc (USA),7458663980,Industrials,Construction & Engineering
STRC,Sarcos Technology and Robotics Corp,28521900,Industrials,Machinery
STRL,Sterling Infrastructure Inc,2489786220,Industrials,Construction & Engineering
STWC,STWC Holdings Inc,0,Industrials,Professional Services
STYS,Stinger Systems Inc,50,Industrials,Aerospace & Defense
SUNW,Sunworks Inc,34316890,Industrials,Electrical Equipment
SVT,Servotronics Inc,28454400,Industrials,Electrical Equipment
SVXA,Sovereign Exploration Associates Int Inc,3660,Industrials,Professional Services
SWK,Stanley Black & Decker Inc,14239663900,Industrials,Machinery
SWVL,Swvl Holdings Corp,5405000,Industrials,Ground Transportation
SXI,Standex International Corp,1774210020,Industrials,Machinery
SYM,Symbotic Inc,22561870320,Industrials,Machinery
TAER,Tarsier Ltd,11855030,Industrials,Electrical Equipment
TAKD,TransAKT Ltd,1775640,Industrials,Trading Companies & Distributors
TAKOF,DRONE DELIVERY CANADA CORP,44839800,Industrials,Aerospace & Defense
TASK,Taskus Inc,913122520,Industrials,Professional Services
TATT,TAT Technologies Ltd,78153080,Industrials,Aerospace & Defense
TAYD,Taylor Devices Inc,81510090,Industrials,Machinery
TBI,Trueblue Inc,454533300,Industrials,Professional Services
TDCX,TDCX Inc (ADR),936257230,Industrials,Professional Services
TDG,TransDigm Group Inc,49381611210,Industrials,Aerospace & Defense
TEUFF,Box Ships Inc,0,Industrials,Marine Transportation
TEX,Terex Corp,4115444000,Industrials,Machinery
TFII,TFI INTERNATIONAL INC,11672912200,Industrials,Ground Transportation
TFRY,Tasty Fries Inc,0,Industrials,Machinery
TGAFF,TAIGA BUILDING PRODUCTS LTD,230189100,Industrials,Trading Companies & Distributors
TGGI,Trans Global Group Inc,19918210,Industrials,Construction & Engineering
TGH,Textainer Group Holdings Ltd,1586927430,Industrials,Trading Companies & Distributors
TGHLF,TORNADO GLOBAL HYDROVACS LTD,51495110,Industrials,Machinery
TGI,Triumph Group Inc,696170470,Industrials,Aerospace & Defense
TGLS,Tecnoglass Inc,1804423050,Industrials,Building Products
TGSI,TGS International Ltd,45035620,Industrials,Building Products
THKLY,THK CO LTD,2237340500,Industrials,Machinery
THPHF,Thinkpath Inc,0,Industrials,Construction & Engineering
THR,Thermon Group Holdings Inc,912580830,Industrials,Electrical Equipment
TIKK,Tel-Instrument Electronics Corp,7423680,Industrials,Aerospace & Defense
TILE,"Interface, Inc.",598211560,Industrials,Commercial Services & Supplies
TISCY,TAISEI CORP,6231014400,Industrials,Construction & Engineering
TISI,Team Inc,37695840,Industrials,Commercial Services & Supplies
TITN,Titan Machinery Inc,658249680,Industrials,Trading Companies & Distributors
TIXT,TELUS INTERNATIONAL IN,643104180,Industrials,Professional Services
TJIPF,TIANJIN PORT DEV HOLDINGS,454460400,Industrials,Transportation Infrastructure
TJIPY,TIANJIN PORT DEV HOLDINGS,474578460,Industrials,Transportation Infrastructure
TKFHY,TEKFEN HOLDING CO INC,497650000,Industrials,Construction & Engineering
TKLS,Trutankless Inc,27430,Industrials,Building Products
TKR,Timken Co,5444582240,Industrials,Machinery
TLDN,Telidyne Inc,1140,Industrials,Construction & Engineering
TLSS,Transportation and Logistics Systems Inc,5245180,Industrials,Air Freight & Logistics
TMEN,ThermoEnergy Corp,0,Industrials,Machinery
TMGEF,THERMAL ENERGY INTL INC,13351200,Industrials,Machinery
TMRAY,Tomra Systems ASA - ADR,3824106440,Industrials,Machinery
TMTNF,TOROMONT INDUSTRIES LTD,6666766080,Industrials,Trading Companies & Distributors
TNC,Tennant Co,1452633110,Industrials,Machinery
TNET,TriNet Group Inc,6539843980,Industrials,Professional Services
TNTFF,POSTNL NV,1059579810,Industrials,Air Freight & Logistics
TOMZ,TOMI Environmental Solutions Inc,23400250,Industrials,Commercial Services & Supplies
TOPPY,Toppan Inc - ADR,7311994170,Industrials,Commercial Services & Supplies
TORO,Toro Corp,111358200,Industrials,Marine Transportation
TOSBF,TOSHIBA CORP,13485581050,Industrials,Industrial Conglomerates
TOSYY,Toshiba Corp (USA),13419280000,Industrials,Industrial Conglomerates
TPC,Tutor Perini Corp,444394800,Industrials,Construction & Engineering
TPCS,TechPrecision Corp,60503720,Industrials,Machinery
TPIC,TPI Composites Inc,209013790,Industrials,Electrical Equipment
TREP,Trucept Inc,2608560,Industrials,Professional Services
TREX,Trex Company Inc,7664547800,Industrials,Building Products
TRI,Thomson Reuters Corp,58306230240,Industrials,Professional Services
TRN,Trinity Industries Inc,1982503880,Industrials,Machinery
TRNS,Transcat Inc,871310010,Industrials,Trading Companies & Distributors
TRTI,Transtech Industries Inc,600,Industrials,Commercial Services & Supplies
TRTN,Triton International Ltd,4589884960,Industrials,Trading Companies & Distributors
TRTN-A,Triton International Ltd,--,Industrials,Trading Companies & Distributors
TRTN-B,Triton International Ltd,--,Industrials,Trading Companies & Distributors
TRTN-C,Triton International Ltd,--,Industrials,Trading Companies & Distributors
TRTN-D,Triton International Ltd,--,Industrials,Trading Companies & Distributors
TRTN-E,Triton International Ltd,--,Industrials,Trading Companies & Distributors
TRU,TransUnion,15498794000,Industrials,Professional Services
TRZBF,TRANSAT A T INC,121331360,Industrials,Passenger Airlines
TSP,Tusimple Holdings Inc,283136640,Industrials,Ground Transportation
TSSI,TSS Inc,8297090,Industrials,Commercial Services & Supplies
TSSP,TRENDSETTER SOLAR PRODUCTS,0,Industrials,Electrical Equipment
TSYI,Terra Systems Inc,6420,Industrials,Machinery
TT,Trane Technologies PLC,46015345060,Industrials,Building Products
TTC,Toro Co,10407224960,Industrials,Machinery
TTEC,TTEC Holdings Inc,1391718300,Industrials,Professional Services
TTEK,Tetra Tech Inc,8402485030,Industrials,Commercial Services & Supplies
TTNDY,Techtronic Industries Co Ltd (ADR),18384896400,Industrials,Machinery
TTNMF,TITANIUM TRANSPORTATION GP,93772640,Industrials,Air Freight & Logistics
TWI,Titan International Inc,768092110,Industrials,Machinery
TWIN,Twin Disc Inc,194279120,Industrials,Machinery
TXHG,TX Holdings Inc,1681860,Industrials,Trading Companies & Distributors
TXMC,Tirex Corp,0,Industrials,Commercial Services & Supplies
TXT,Textron Inc,15279196940,Industrials,Aerospace & Defense
TYGO,Tigo Energy Inc,527665880,Industrials,Electrical Equipment
TYIDY,TOYOTA INDUSTRIES CORP,22279973040,Industrials,Machinery
UAL,United Airlines Holdings Inc,15916869400,Industrials,Passenger Airlines
UATG,Umbra Applied Technologies Group Inc,4350000,Industrials,Aerospace & Defense
UAVS,Ageagle Aerial Systems Inc,19493140,Industrials,Machinery
UBER,Uber Technologies Inc,95136213260,Industrials,Ground Transportation
UCIX,Umbra Companies Inc,8745033000,Industrials,Electrical Equipment
UFPI,Ufp Industries Inc,6323840300,Industrials,Building Products
UGEIF,UGE INTERNATIONAL LTD,34465570,Industrials,Construction & Engineering
UGRO,urban-gro Inc,15872560,Industrials,Machinery
UHAL,U-Haul Holding Co,1130203160,Industrials,Ground Transportation
UHAL.B,U-HAUL HOLDING CO,9389968700,Industrials,Ground Transportation
UITA,UTILICRAFT AEROSPACE INDS,378400,Industrials,Aerospace & Defense
ULBI,Ultralife Corp,159733390,Industrials,Electrical Equipment
ULCC,Frontier Group Holdings Inc,1401311650,Industrials,Passenger Airlines
ULH,Universal Logistics Holdings Inc,702941120,Industrials,Ground Transportation
ULNV,Porter Holding International Inc,812976000,Industrials,Professional Services
UMAV,UAV CORP,473650,Industrials,Aerospace & Defense
UNDR,UNDERSEA RECOVERY CORP,111180,Industrials,Commercial Services & Supplies
UNF,UniFirst Corp,3303790620,Industrials,Commercial Services & Supplies
UNP,Union Pacific Corp,131605928640,Industrials,Ground Transportation
UP,Wheels Up Experience Inc,63693760,Industrials,Passenger Airlines
UPS,"United Parcel Service, Inc.",140159705750,Industrials,Air Freight & Logistics
UPWK,Upwork Inc,2016812540,Industrials,Professional Services
URAL,Green Vitality Investment Holdings Inc,320,Industrials,Ground Transportation
URI,"United Rentals, Inc.",32225479020,Industrials,Trading Companies & Distributors
USAE,US Aerospace Inc,0,Industrials,Aerospace & Defense
USEA,United Maritime Corp,20929100,Industrials,Marine Transportation
USEI,US Energy Initiatives Corp Inc,0,Industrials,Machinery
USRI,USA Recycling Industries Inc,569270,Industrials,Commercial Services & Supplies
VALV,Shengkai Innovations Inc,0,Industrials,Machinery
VATE,Innovate Corp,124398950,Industrials,Construction & Engineering
VCIG,VCI Global Ltd,150976320,Industrials,Professional Services
VCISY,VINCI SA,62401593600,Industrials,Construction & Engineering
VEGGD,BETTER PLT SCIENCES INC,585590,Industrials,Professional Services
VEV,VICINITY MOTOR CORP,46124680,Industrials,Machinery
VICR,Vicor Corp,2999229120,Industrials,Electrical Equipment
VIEW,View Inc,49716600,Industrials,Building Products
VINO,Gaucho Group Holdings Inc,2448670,Industrials,Industrial Conglomerates
VIRC,Virco Mfg Corp,72625280,Industrials,Commercial Services & Supplies
VIVK,Vivakor inc,18823730,Industrials,Commercial Services & Supplies
VJET,Voxeljet AG (ADR),11112730,Industrials,Machinery
VLD,Velo3D Inc,302990380,Industrials,Machinery
VLNSF,VELAN INC  -SVTG,166212200,Industrials,Machinery
VLRS,Controladr Vl Co de Avcn SAB de CV (ADR),1039735480,Industrials,Passenger Airlines
VLTTF,VOLATUS AEROSPACE CORP,17194780,Industrials,Passenger Airlines
VLVLY,VOLVO AB,31467312990,Industrials,Machinery
VMI,"Valmont Industries, Inc.",5155749680,Industrials,Construction & Engineering
VMTG,VICTOR MINING INDUSTRY GROUP,2124373200,Industrials,Electrical Equipment
VOLAF,VOLVO AB,8899740000,Industrials,Machinery
VPER,Viper Networks Inc,2347440,Industrials,Electrical Equipment
VRRM,Verra Mobility Corp,2970939210,Industrials,Professional Services
VRSK,"Verisk Analytics, Inc.",34878993500,Industrials,Professional Services
VRT,Vertiv Holdings Co,14928113440,Industrials,Electrical Equipment
VRTV,Veritiv Corp,2279142690,Industrials,Trading Companies & Distributors
VSEC,VSE Corporation,882250560,Industrials,Commercial Services & Supplies
VSOLF,THREE SIXTY SOLAR LTD,7862230,Industrials,Electrical Equipment
VSPC,Viaspace Inc.,0,Industrials,Commercial Services & Supplies
VTMC,VALENTINE MARK CORP,57185280,Industrials,Trading Companies & Distributors
VTSI,Virtra Inc,69932800,Industrials,Aerospace & Defense
VVI,Viad Corp,596095450,Industrials,Commercial Services & Supplies
VVX,V2X Inc,1501869600,Industrials,Aerospace & Defense
VWDRY,VESTAS WIND SYSTEMS A/S,22445811390,Industrials,Electrical Equipment
VWSYF,VESTAS WIND SYSTEMS A/S,22644035890,Industrials,Electrical Equipment
WAB,Westinghouse Air Brake Technologies Corp,19679221800,Industrials,Machinery
WBX,Wallbox NV,522964340,Industrials,Electrical Equipment
WCC,"WESCO International, Inc.",8085304080,Industrials,Trading Companies & Distributors
WCN,Waste Connections Inc (USA),35887998300,Industrials,Commercial Services & Supplies
WEGRY,WEIR GROUP PLC,6157996640,Industrials,Machinery
WERN,"Werner Enterprises, Inc.",2576169600,Industrials,Ground Transportation
WFCF,Where Food Comes From Inc,77684650,Industrials,Professional Services
WGEI,WindGen Energy Inc,20880,Industrials,Trading Companies & Distributors
WHLM,Wilhelmina International Inc,20267010,Industrials,Commercial Services & Supplies
WIRE,Encore Wire Corp,2762910050,Industrials,Electrical Equipment
WJRYY,WEST JAPAN RAILWAY CO,10636722950,Industrials,Ground Transportation
WJXFF,WAJAX CORP,447151710,Industrials,Trading Companies & Distributors
WLDN,"Willdan Group, Inc.",316355650,Industrials,Professional Services
WLFC,Willis Lease Finance Corporation,269005750,Industrials,Trading Companies & Distributors
WLGS,WANG & LEE GROUP Inc,12982560,Industrials,Construction & Engineering
WLMSQ,Williams Industrial Services Group Inc,89790,Industrials,Construction & Engineering
WLOLQ,Winland Ocean Shipping Corp,0,Industrials,Marine Transportation
WM,"Waste Management, Inc.",63659072440,Industrials,Commercial Services & Supplies
WMS,Advanced Drainage Systems Inc,10085953640,Industrials,Building Products
WNC,Wabash National Corporation,1047137720,Industrials,Machinery
WNS,WNS (Holdings) Limited (ADR),3151201320,Industrials,Professional Services
WPRT,WESTPORT FUEL SYSTEMS INC,123488250,Industrials,Machinery
WSC,Willscot Mobile Mini Holdings Corp,8072734080,Industrials,Construction & Engineering
WSCO,Wall Street Media Co Inc,2315290,Industrials,Professional Services
WSHE,Greenlink International Inc,11548770,Industrials,Commercial Services & Supplies
WSO,Watsco Inc,13708610300,Industrials,Trading Companies & Distributors
WSO.B,WATSCO INC,2031808100,Industrials,Trading Companies & Distributors
WSPOF,WSP GLOBAL INC,17322736000,Industrials,Construction & Engineering
WTKWY,Wolters Kluwer NV - ADR,29196812020,Industrials,Professional Services
WTS,Watts Water Technologies Inc,6079882400,Industrials,Machinery
WTSHF,WESTSHORE TERMS INVESTMNT CP,1325943150,Industrials,Transportation Infrastructure
WWD,Woodward Inc,7890590800,Industrials,Aerospace & Defense
WWR,Westwater Resources Inc,38601250,Industrials,Electrical Equipment
XCPL,Xcpcnl Business Services Corp,439560,Industrials,Professional Services
XDSL,mPhase Technologies Inc,2939840,Industrials,Electrical Equipment
XEBEQ,XEBEC ADSORPTION INC,1550,Industrials,Machinery
XELA,Exela Technologies Inc,27624100,Industrials,Professional Services
XERI,Xeriant Inc,10980570,Industrials,Aerospace & Defense
XLWH,XINLIWANG INTL HLDNGS CO LTD,157300,Industrials,Electrical Equipment
XMTR,Xometry Inc,975669120,Industrials,Trading Companies & Distributors
XNNHQ,Xenonics Holdings Inc,7940,Industrials,Aerospace & Defense
XOS,Xos Inc,58983970,Industrials,Machinery
XPO,XPO Inc,8480666710,Industrials,Ground Transportation
XPON,Expion360 Inc,33103690,Industrials,Electrical Equipment
XTRAF,XTRACT ONE TECHNOLOGIES INC,104080730,Industrials,Aerospace & Defense
XYIGY,XINYI GLASS HOLDINGS LTD,6314380580,Industrials,Building Products
XYL,Xylem Inc,23579567390,Industrials,Machinery
YASKY,YASKAWA ELECTRIC CORP,10489935680,Industrials,Machinery
YAYO,EVMO Inc,1140850,Industrials,Ground Transportation
YELLQ,Yellow Corp,78193500,Industrials,Ground Transportation
YEWTF,ENVIRONMENTAL WASTE INTL,4733370,Industrials,Commercial Services & Supplies
YGMZ,MingZhu Logistics Holdings Ltd,12166500,Industrials,Ground Transportation
YLLXF,YELLOWCAKE PLC,1236720100,Industrials,Trading Companies & Distributors
YMM,Full Truck Alliance Co Ltd - ADR,7423369640,Industrials,Ground Transportation
YRIV,Yangtze River Port and Logistics Ltd,17950,Industrials,Transportation Infrastructure
YRLLF,GLOBAL UAV TECHNOLOGIES LTD,142530,Industrials,Commercial Services & Supplies
ZEV,Lightning Emotors Inc,11308500,Industrials,Machinery
ZIM,ZIM Integrated Shipping Services Ltd,1411960410,Industrials,Marine Transportation
ZLIOY,ZOOMLION HEAVY IND SCIENCE,729283560,Industrials,Machinery
ZNRG,Znergy Inc,69980,Industrials,Electrical Equipment
ZTO,ZTO Express (Cayman) Inc (ADR),20622257700,Industrials,Air Freight & Logistics
ZWS,Zurn Elkay Water Solutions Corp,5031922060,Industrials,Building Products
