Symbol,CompanyName,MarketCap,Sector,Industry
AAVVF,ADVANTAGE ENERGY LTD,1203878850,Energy,"Oil, Gas & Consumable Fuels"
ABLE,Able Energy Inc,0,Energy,"Oil, Gas & Consumable Fuels"
ACDC,Profrac Holding Corp,1766815980,Energy,Energy Equipment & Services
ADHI,Arsenal Digital Holdings Inc,2144200,Energy,"Oil, Gas & Consumable Fuels"
AE,Adams Resources & Energy Inc,93034500,Energy,"Oil, Gas & Consumable Fuels"
AEDC,American Energy Development Corp,0,Energy,"Oil, Gas & Consumable Fuels"
AESI,Atlas Energy Solutions Inc,1262685060,Energy,Energy Equipment & Services
AETUF,ARC RESOURCES LTD,9432323500,Energy,"Oil, Gas & Consumable Fuels"
AFFCF,American Future Fuel Corp,22724950,Energy,"Oil, Gas & Consumable Fuels"
AKTAF,AKITA DRILLING LTD  -CL A,54334280,Energy,Energy Equipment & Services
AKVA,Arkanova Energy Corporation,540,Energy,"Oil, Gas & Consumable Fuels"
ALME,Alamo Energy Corp,13740,Energy,"Oil, Gas & Consumable Fuels"
ALOD,Allied Resources Inc,961690,Energy,"Oil, Gas & Consumable Fuels"
ALPSQ,ALPINE SUMMIT ENGY PTNRS INC,882960,Energy,"Oil, Gas & Consumable Fuels"
ALTX,"Altex Industries, Inc.",1636570,Energy,"Oil, Gas & Consumable Fuels"
ALVOF,ALVOPETRO ENERGY LTD,267486360,Energy,"Oil, Gas & Consumable Fuels"
AM,Antero Midstream Corp,5775323120,Energy,"Oil, Gas & Consumable Fuels"
AMCF,Andatee China Marine Fuel Services Corp,0,Energy,"Oil, Gas & Consumable Fuels"
AMEN,"AMEN Properties, Inc",27295000,Energy,"Oil, Gas & Consumable Fuels"
AMNI,American Noble Gas Inc,687750,Energy,"Oil, Gas & Consumable Fuels"
AMPY,Amplify Energy Corp,263473190,Energy,"Oil, Gas & Consumable Fuels"
AMTX,Aemetis Inc,190743680,Energy,"Oil, Gas & Consumable Fuels"
ANLDF,ANFIELD ENERGY INC,44651800,Energy,"Oil, Gas & Consumable Fuels"
AOGC,Australian Oil & Gas Corp,0,Energy,"Oil, Gas & Consumable Fuels"
AOIFF,AFRICA OIL CORP,1118816820,Energy,"Oil, Gas & Consumable Fuels"
APA,APA Corp (US),13952903650,Energy,"Oil, Gas & Consumable Fuels"
APAAF,APPIA RARE EARTH & URNM CORP,22219610,Energy,"Oil, Gas & Consumable Fuels"
APLN,AE HOLDING I INC,--,Energy,"Oil, Gas & Consumable Fuels"
AR,Antero Resources Corp,8140406400,Energy,"Oil, Gas & Consumable Fuels"
AREC,American Resources Corp,102459030,Energy,"Oil, Gas & Consumable Fuels"
ARET,Arete Industries Inc,1470,Energy,"Oil, Gas & Consumable Fuels"
ARGYF,AVANTI HELIUM CORP,32550840,Energy,"Oil, Gas & Consumable Fuels"
ARHVF,ARCHER LTD,177044890,Energy,Energy Equipment & Services
ARLP,"Alliance Resource Partners, L.P.",2504998120,Energy,"Oil, Gas & Consumable Fuels"
AROC,Archrock Inc,1996157500,Energy,Energy Equipment & Services
ARSEF,ALTAI RESOURCES INC,2801700,Energy,"Oil, Gas & Consumable Fuels"
ARSLF,ALTIMA RESOURCES LTD,1160920,Energy,"Oil, Gas & Consumable Fuels"
ARWJF,AROWAY ENERGY INC,620,Energy,"Oil, Gas & Consumable Fuels"
ASC,Ardmore Shipping Corp,512483360,Energy,"Oil, Gas & Consumable Fuels"
ATDEF,MONTANA EXPLORATION CORP,0,Energy,"Oil, Gas & Consumable Fuels"
ATHOF,ATHABASCA OIL CORP,1685462600,Energy,"Oil, Gas & Consumable Fuels"
ATMMF,ATOMIC MINERALS CORP,1365500,Energy,"Oil, Gas & Consumable Fuels"
ATUUF,TENAZ ENERGY CORP,78980810,Energy,"Oil, Gas & Consumable Fuels"
AVACF,AVANCE GAS HOLDINGS LTD,853155480,Energy,"Oil, Gas & Consumable Fuels"
AVNE,AVENTURA EQUITIES INC,0,Energy,"Oil, Gas & Consumable Fuels"
AXGC,AXIS ENERGY CORP,4170,Energy,"Oil, Gas & Consumable Fuels"
AZGSQ,Aztec Oil & Gas Inc,0,Energy,"Oil, Gas & Consumable Fuels"
AZURF,AZINCOURT ENERGY CORP,6431280,Energy,"Oil, Gas & Consumable Fuels"
BATL,Battalion Oil Corp,94051750,Energy,"Oil, Gas & Consumable Fuels"
BDCO,Blue Dolphin Energy Company,65209140,Energy,"Oil, Gas & Consumable Fuels"
BDGR,BLACK DRAGON RESOURCE COS,0,Energy,"Oil, Gas & Consumable Fuels"
BIOF,Blue Biofuels Inc,51033740,Energy,"Oil, Gas & Consumable Fuels"
BIREF,BIRCHCLIFF ENERGY LTD,1668275530,Energy,"Oil, Gas & Consumable Fuels"
BKBEF,PIPESTONE ENERGY CORP,478827570,Energy,"Oil, Gas & Consumable Fuels"
BKR,Baker Hughes Co,37402632430,Energy,Energy Equipment & Services
BKUCF,BLUE SKY URANIUM CORP,13429330,Energy,"Oil, Gas & Consumable Fuels"
BLMC,BILOXI MARSH LANDS CORP,11842200,Energy,"Oil, Gas & Consumable Fuels"
BMSPF,Biomass Secure Power Inc,327580,Energy,"Oil, Gas & Consumable Fuels"
BNEFF,BONTERRA ENERGY CORP,208566400,Energy,"Oil, Gas & Consumable Fuels"
BNGLF,BENGAL ENERGY LTD,15723850,Energy,"Oil, Gas & Consumable Fuels"
BNMV,BitNile Metaverse Inc,2245470,Energy,"Oil, Gas & Consumable Fuels"
BNNLF,Bannerman Energy Ltd,225766500,Energy,"Oil, Gas & Consumable Fuels"
BNXR,Brinx Resources Ltd,0,Energy,"Oil, Gas & Consumable Fuels"
BOOM,Dmc Global Inc,513567540,Energy,Energy Equipment & Services
BOPFF,BORDER PETROLEUM LTD,0,Energy,"Oil, Gas & Consumable Fuels"
BOPO,Biopower Operations Corp,4749150,Energy,"Oil, Gas & Consumable Fuels"
BORR,BORR DRILLING LTD SHS,1829899930,Energy,Energy Equipment & Services
BP,BP plc (ADR),110246440200,Energy,"Oil, Gas & Consumable Fuels"
BPIGF,BPI Energy Holdings Inc,7350,Energy,"Oil, Gas & Consumable Fuels"
BPT,BP Prudhoe Bay Royalty Trust,141454000,Energy,"Oil, Gas & Consumable Fuels"
BRN,Barnwell Industries Inc,26576060,Energy,"Oil, Gas & Consumable Fuels"
BROG,Brooge Energy Ltd,586514980,Energy,"Oil, Gas & Consumable Fuels"
BRY,Berry Corporation (Bry),661655440,Energy,"Oil, Gas & Consumable Fuels"
BSENF,BASELODE ENERGY CORP,36251160,Energy,"Oil, Gas & Consumable Fuels"
BSM,Black Stone Minerals LP,3689960970,Energy,"Oil, Gas & Consumable Fuels"
BTE,BAYTEX ENERGY CORP,3609178270,Energy,"Oil, Gas & Consumable Fuels"
BTU,Peabody Energy Corp,2986672000,Energy,"Oil, Gas & Consumable Fuels"
BWPC,BLUE WATER PETROLEUM CORP,364155750,Energy,"Oil, Gas & Consumable Fuels"
CAPL,Crossamerica Partners LP,758280870,Energy,"Oil, Gas & Consumable Fuels"
CAWLF,CWC ENERGY SERVICES CORP,85755050,Energy,Energy Equipment & Services
CBMDF,CBM ASIA DEVELOPMENT CORP,0,Energy,"Oil, Gas & Consumable Fuels"
CBVTF,COBRA VENTURE CORP,2019250,Energy,"Oil, Gas & Consumable Fuels"
CCGY,China Clean Energy Inc.,3150,Energy,"Oil, Gas & Consumable Fuels"
CCJ,Cameco Corp (USA),16112557980,Energy,"Oil, Gas & Consumable Fuels"
CCLP,CSI Compressco LP,168974050,Energy,Energy Equipment & Services
CCOZF,CHINA COAL ENERGY CO,2896840080,Energy,"Oil, Gas & Consumable Fuels"
CCOZY,CHINA COAL ENERGY CO,3125168260,Energy,"Oil, Gas & Consumable Fuels"
CCWF,Church & Crawford Inc,5366880,Energy,"Oil, Gas & Consumable Fuels"
CDDRF,HEADWATER EXPLORATION INC,1250535000,Energy,"Oil, Gas & Consumable Fuels"
CDID,QUAD ENERGY CORP,0,Energy,"Oil, Gas & Consumable Fuels"
CDVIQ,"Cal Dive International, Inc.",0,Energy,Energy Equipment & Services
CECAF,CANASIA ENERGY CORP,--,Energy,"Oil, Gas & Consumable Fuels"
CEI,Camber Energy Inc,35406530,Energy,"Oil, Gas & Consumable Fuels"
CEIEF,COELACANTH ENERGY INC,247305620,Energy,"Oil, Gas & Consumable Fuels"
CEIX,Consol Energy Inc,2944858950,Energy,"Oil, Gas & Consumable Fuels"
CEQP,Crestwood Equity Partners LP,3019545540,Energy,"Oil, Gas & Consumable Fuels"
CERX,Colombia Energy Resources Inc,3154680,Energy,"Oil, Gas & Consumable Fuels"
CESDF,CES ENERGY SOLUTIONS CORP,681550340,Energy,Energy Equipment & Services
CETEF,CATHEDRAL ENERGY SVCS LTD,166997250,Energy,Energy Equipment & Services
CETY,Clean Energy Technologies Inc,62397160,Energy,"Oil, Gas & Consumable Fuels"
CEYFF,PARENT CAPITAL CORP,--,Energy,"Oil, Gas & Consumable Fuels"
CFWFF,CALFRAC WELL SERVICES LTD,361444200,Energy,Energy Equipment & Services
CGGYY,CGG SA (ADR),535238250,Energy,Energy Equipment & Services
CGXEF,CGX Energy Inc,245169620,Energy,"Oil, Gas & Consumable Fuels"
CHK,Chesapeake Energy Corp,11746595000,Energy,"Oil, Gas & Consumable Fuels"
CHKR,Chesapeake Granite Wash Trust,50490000,Energy,"Oil, Gas & Consumable Fuels"
CHMR,Chimera Energy Corp,0,Energy,Energy Equipment & Services
CHRD,Chord Energy Corp,6829772950,Energy,"Oil, Gas & Consumable Fuels"
CHX,ChampionX Corp,7287294740,Energy,Energy Equipment & Services
CIVI,Civitas Resources Inc,7866079090,Energy,"Oil, Gas & Consumable Fuels"
CLB,Core Laboratories Inc,1149261600,Energy,Energy Equipment & Services
CLCO,COOL COMPANY LTD,743578800,Energy,"Oil, Gas & Consumable Fuels"
CLMPF,CANADIAN PREM SAND INC,24869120,Energy,Energy Equipment & Services
CLMT,"Calumet Specialty Products Partners, L.P",1496014180,Energy,"Oil, Gas & Consumable Fuels"
CLNE,Clean Energy Fuels Corp,959872930,Energy,"Oil, Gas & Consumable Fuels"
CLTH,CleanTech Biofuels Inc,10070,Energy,"Oil, Gas & Consumable Fuels"
CNDPF,CANADA ENERGY PARTNERS INC,248580,Energy,"Oil, Gas & Consumable Fuels"
CNENF,CLAREN ENERGY CORP,--,Energy,"Oil, Gas & Consumable Fuels"
CNNEF,CANACOL ENERGY LTD,282097970,Energy,"Oil, Gas & Consumable Fuels"
CNPRF,CONDOR ENERGIES INC,58972200,Energy,"Oil, Gas & Consumable Fuels"
CNQ,Canadian Natural Resources Ltd (USA),71083874040,Energy,"Oil, Gas & Consumable Fuels"
CNTO,Centor Energy Inc,6900,Energy,"Oil, Gas & Consumable Fuels"
CNUCF,CANUC RESOURCES CORP,10661180,Energy,"Oil, Gas & Consumable Fuels"
CNX,CNX Resources Corp,3582908350,Energy,"Oil, Gas & Consumable Fuels"
COCBF,Coastal Caribbean Oils and Minerals Ltd,9770,Energy,"Oil, Gas & Consumable Fuels"
COHG,Cheetah Oil & Gas Ltd.,2610,Energy,"Oil, Gas & Consumable Fuels"
COP,ConocoPhillips,147327317730,Energy,"Oil, Gas & Consumable Fuels"
CPE,Callon Petroleum Company,2763766350,Energy,"Oil, Gas & Consumable Fuels"
CPG,CRESCENT POINT ENERGY CORP,4535482140,Energy,"Oil, Gas & Consumable Fuels"
CPPXF,Continental Energy Corporation,17470,Energy,"Oil, Gas & Consumable Fuels"
CPYCF,COMPLIANCE ENERGY CORP,0,Energy,"Oil, Gas & Consumable Fuels"
CQP,Cheniere Energy Partners LP,25760395920,Energy,"Oil, Gas & Consumable Fuels"
CRBO,Carbon Energy Corp,166080,Energy,"Oil, Gas & Consumable Fuels"
CRC,California Resources Corp,3857665320,Energy,"Oil, Gas & Consumable Fuels"
CRDE,Cardinal Ethanol LLC,246000000,Energy,"Oil, Gas & Consumable Fuels"
CRGY,Crescent Energy Co,2274635340,Energy,"Oil, Gas & Consumable Fuels"
CRK,Comstock Resources Inc,3430885920,Energy,"Oil, Gas & Consumable Fuels"
CRLFF,CARDINAL ENERGY LTD,865881940,Energy,"Oil, Gas & Consumable Fuels"
CRNCY,CAPRICORN ENERGY PLC,303526500,Energy,"Oil, Gas & Consumable Fuels"
CRRDF,CHEETAH CANYON RSURCS COR,1810,Energy,"Oil, Gas & Consumable Fuels"
CRT,Cross Timbers Royalty Trust,120960000,Energy,"Oil, Gas & Consumable Fuels"
CSAN,Cosan SA - ADR,6649876500,Energy,"Oil, Gas & Consumable Fuels"
CSPUF,CANADIAN SPIRIT RESOURCES,13018730,Energy,"Oil, Gas & Consumable Fuels"
CSSV,Caspian Services Inc.,5270,Energy,Energy Equipment & Services
CSTPF,ARROW EXPLORATION CORP,52376500,Energy,"Oil, Gas & Consumable Fuels"
CSUAY,China Shenhua Energy Co Ltd - ADR,10086011590,Energy,"Oil, Gas & Consumable Fuels"
CTARF,CENTAURUS ENERGY INC,3666560,Energy,"Oil, Gas & Consumable Fuels"
CTNR,"Central Natural Resources, Inc.",3659500,Energy,"Oil, Gas & Consumable Fuels"
CTRA,Coterra Energy Inc,21265870590,Energy,"Oil, Gas & Consumable Fuels"
CTXAY,AMPOL LTD,5249793060,Energy,"Oil, Gas & Consumable Fuels"
CVE,Cenovus Energy Inc (US),38242781340,Energy,"Oil, Gas & Consumable Fuels"
CVI,"CVR Energy, Inc.",3497473490,Energy,"Oil, Gas & Consumable Fuels"
CVVUF,CanAlaska Uranium Ltd (USA),36593300,Energy,"Oil, Gas & Consumable Fuels"
CVX,Chevron Corporation,317538763080,Energy,"Oil, Gas & Consumable Fuels"
CWEGF,CREW ENERGY INC,750105200,Energy,"Oil, Gas & Consumable Fuels"
CWSFF,CIELO WASTE SOLUTIONS CORP,25394830,Energy,"Oil, Gas & Consumable Fuels"
CWVLF,CROWN POINT ENERGY INC,5103210,Energy,"Oil, Gas & Consumable Fuels"
CYPE,Century Petroleum Corp.,27190,Energy,"Oil, Gas & Consumable Fuels"
CYRS,Cheyenne Resources Corp,5740,Energy,"Oil, Gas & Consumable Fuels"
DALXF,SPARTAN DELTA CORP,561171240,Energy,"Oil, Gas & Consumable Fuels"
DBRM,Daybreak Oil and Gas Inc,6155760,Energy,"Oil, Gas & Consumable Fuels"
DELKY,DELEK GROUP LTD,2685336680,Energy,"Oil, Gas & Consumable Fuels"
DEN,Denbury Inc,4769008380,Energy,"Oil, Gas & Consumable Fuels"
DENR,Discovery Energy Corp,0,Energy,"Oil, Gas & Consumable Fuels"
DHT,DHT Holdings Inc,1442014320,Energy,"Oil, Gas & Consumable Fuels"
DINO,HF Sinclair Corp,10518375690,Energy,"Oil, Gas & Consumable Fuels"
DK,Delek US Holdings Inc,1765642320,Energy,"Oil, Gas & Consumable Fuels"
DKL,Delek Logistics Partners LP,1872890420,Energy,"Oil, Gas & Consumable Fuels"
DKLRF,DECKLAR RESOURCES INC,8868720,Energy,"Oil, Gas & Consumable Fuels"
DLNG,Dynagas LNG Partners LP,101205500,Energy,"Oil, Gas & Consumable Fuels"
DLNG-B,Dynagas LNG Partners LP,--,Energy,"Oil, Gas & Consumable Fuels"
DLTA,Delta Oil & Gas Inc,0,Energy,"Oil, Gas & Consumable Fuels"
DMEC,DOMESTIC ENERGY CORP,1380,Energy,"Oil, Gas & Consumable Fuels"
DMLP,Dorchester Minerals LP,1111507650,Energy,"Oil, Gas & Consumable Fuels"
DNN,Denison Mines Corp,1216199580,Energy,"Oil, Gas & Consumable Fuels"
DO,Diamond Offshore Drilling Inc,1620780480,Energy,Energy Equipment & Services
DOMR,Dominion Resources Black Warrior Trust,780,Energy,"Oil, Gas & Consumable Fuels"
DRQ,Dril-Quip Inc,982873000,Energy,Energy Equipment & Services
DRYN,DRAYTON RICHDALE CORP,0,Energy,Energy Equipment & Services
DTI,Drilling Tools International Corp,128304390,Energy,Energy Equipment & Services
DTM,DT Midstream Inc,5063129500,Energy,"Oil, Gas & Consumable Fuels"
DVN,Devon Energy Corp,34360741000,Energy,"Oil, Gas & Consumable Fuels"
DVNGF,DEVIN ENERGY CORP,0,Energy,"Oil, Gas & Consumable Fuels"
DWOG,"Deep Well Oil & Gas, Inc.",0,Energy,"Oil, Gas & Consumable Fuels"
DWSN,Dawson Geophysical Co,52502100,Energy,Energy Equipment & Services
DXIEF,DXI Capital Corp,598300,Energy,"Oil, Gas & Consumable Fuels"
E,Eni SpA (ADR),52590971120,Energy,"Oil, Gas & Consumable Fuels"
EBYH,Strainsforpains Inc,3056630,Energy,"Oil, Gas & Consumable Fuels"
EC,Ecopetrol SA (ADR),24413040630,Energy,"Oil, Gas & Consumable Fuels"
ECAOF,ECO (ATLANTIC) OIL & GAS LTD,55139520,Energy,"Oil, Gas & Consumable Fuels"
ECCE,Eagle Ford Oil & Gas Corp,4210,Energy,"Oil, Gas & Consumable Fuels"
ECTM,Eca Marcellus Trust I,12341100,Energy,"Oil, Gas & Consumable Fuels"
EE,Excelerate Energy Inc,2076733680,Energy,"Oil, Gas & Consumable Fuels"
EEYUF,ESSENTIAL ENERGY SVCS LTD,32937740,Energy,Energy Equipment & Services
EFIR,EGPI Firecreek Inc,0,Energy,"Oil, Gas & Consumable Fuels"
EFVIF,EF ENERGYFUNDERS VENTURE INC,877220,Energy,"Oil, Gas & Consumable Fuels"
EFXT,ENERFLEX LTD,774281250,Energy,Energy Equipment & Services
EGTK,American Mobile Power Inc,76550,Energy,"Oil, Gas & Consumable Fuels"
EGY,"VAALCO Energy, Inc.",462638220,Energy,"Oil, Gas & Consumable Fuels"
EHYD,EHYDROGEN SOLUTIONS INC,63320,Energy,"Oil, Gas & Consumable Fuels"
EMBYF,NEXERA ENERGY INC,1192490,Energy,"Oil, Gas & Consumable Fuels"
ENB,Enbridge Inc (USA),71440386520,Energy,"Oil, Gas & Consumable Fuels"
ENG,ENGlobal Corp,13198430,Energy,Energy Equipment & Services
ENGT,Energy and Technology Corp,2844910,Energy,Energy Equipment & Services
ENGY,Central Energy Partners LP,200,Energy,"Oil, Gas & Consumable Fuels"
ENLC,EnLink Midstream LLC,5900251930,Energy,"Oil, Gas & Consumable Fuels"
ENSRF,ENSECO ENERGY SERVICES CORP,2240,Energy,Energy Equipment & Services
ENSV,Enservco Corp,9176400,Energy,Energy Equipment & Services
ENYNF,Enernorth Industries Inc,0,Energy,"Oil, Gas & Consumable Fuels"
EOG,EOG Resources Inc,77638681740,Energy,"Oil, Gas & Consumable Fuels"
EP,Empire Petroleum Corp,201334640,Energy,"Oil, Gas & Consumable Fuels"
EPD,Enterprise Products Partners LP,58061789720,Energy,"Oil, Gas & Consumable Fuels"
EPM,Evolution Petroleum Corp,298589270,Energy,"Oil, Gas & Consumable Fuels"
EPSN,Epsilon Energy Ltd,122129150,Energy,"Oil, Gas & Consumable Fuels"
EQNR,Equinor ASA (ADR),94209585560,Energy,"Oil, Gas & Consumable Fuels"
EQT,EQT Corp,17784808970,Energy,"Oil, Gas & Consumable Fuels"
ERAO,ENERGY REVENUE AMERICA INC,4001160,Energy,"Oil, Gas & Consumable Fuels"
ERF,Enerplus Corp,3668461100,Energy,"Oil, Gas & Consumable Fuels"
ERHE,ERHC Energy Inc,2591500,Energy,"Oil, Gas & Consumable Fuels"
ERINQ,Erin Energy Corp,21530,Energy,"Oil, Gas & Consumable Fuels"
ESOA,Energy Services Of America Corp,63120270,Energy,Energy Equipment & Services
ESTE,Earthstone Energy Inc,2987516250,Energy,"Oil, Gas & Consumable Fuels"
ESVIF,ENSIGN ENERGY SERVICES INC,448011810,Energy,Energy Equipment & Services
ET,Energy Transfer LP,43454836770,Energy,"Oil, Gas & Consumable Fuels"
ET-C,Energy Transfer LP,--,Energy,"Oil, Gas & Consumable Fuels"
ET-D,Energy Transfer LP,--,Energy,"Oil, Gas & Consumable Fuels"
ET-E,Energy Transfer LP,--,Energy,"Oil, Gas & Consumable Fuels"
ETRN,Equitrans Midstream Corp,4167970820,Energy,"Oil, Gas & Consumable Fuels"
EU,ENCORE ENERGY CORP COM NEW,384684760,Energy,"Oil, Gas & Consumable Fuels"
EURN,EURONAV,3301277550,Energy,"Oil, Gas & Consumable Fuels"
EVA,Enviva Inc,627690530,Energy,"Oil, Gas & Consumable Fuels"
EWPMF,EAST WEST PETROLEUM CORP,3735740,Energy,"Oil, Gas & Consumable Fuels"
EXCE,EXCO Resources Inc,162966750,Energy,"Oil, Gas & Consumable Fuels"
EXER,EXACT ENERGY RESOURCES INC,0,Energy,"Oil, Gas & Consumable Fuels"
EZFL,EzFill Holdings Inc,11209040,Energy,"Oil, Gas & Consumable Fuels"
FANG,Diamondback Energy Inc,27559430160,Energy,"Oil, Gas & Consumable Fuels"
FCUUF,FISSION URANIUM CORP,411625500,Energy,"Oil, Gas & Consumable Fuels"
FDCFF,FORUM ENERGY METALS CORP,18279950,Energy,"Oil, Gas & Consumable Fuels"
FDEI,Fidelis Energy Inc,24980,Energy,"Oil, Gas & Consumable Fuels"
FDGMF,SOUTHSTONE MINERALS LTD,118560,Energy,"Oil, Gas & Consumable Fuels"
FECCF,FRONTERA ENERGY CORP,672050780,Energy,"Oil, Gas & Consumable Fuels"
FECOF,FEC Resources Inc,1463840,Energy,"Oil, Gas & Consumable Fuels"
FET,Forum Energy Technologies Inc,260600640,Energy,Energy Equipment & Services
FHELF,FIRST HELIUM INC,8940960,Energy,"Oil, Gas & Consumable Fuels"
FLNG,FLEX LNG LTD SHS,1624417320,Energy,"Oil, Gas & Consumable Fuels"
FLST,Fuelstream Inc,440,Energy,"Oil, Gas & Consumable Fuels"
FNRC,1st NRG Corp,0,Energy,"Oil, Gas & Consumable Fuels"
FOLGF,FALCON OIL & GAS LTD,97124270,Energy,"Oil, Gas & Consumable Fuels"
FOSYF,FORSYS METALS CORP,73042000,Energy,"Oil, Gas & Consumable Fuels"
FPPP,FieldPoint Petroleum Corp,1070,Energy,"Oil, Gas & Consumable Fuels"
FRGY,Frontier Energy Corp,0,Energy,"Oil, Gas & Consumable Fuels"
FRHLF,FREEHOLD ROYALTIES LTD,1628829180,Energy,"Oil, Gas & Consumable Fuels"
FRMC,Matrix Ventures Corp,0,Energy,"Oil, Gas & Consumable Fuels"
FRO,Frontline Plc,3716690980,Energy,"Oil, Gas & Consumable Fuels"
FTI,TechnipFMC PLC,8857755180,Energy,Energy Equipment & Services
FUUFF,F3 URANIUM CORP,109265460,Energy,"Oil, Gas & Consumable Fuels"
GAEC,GULF ALTERNATIVE ENERGY CORP,0,Energy,"Oil, Gas & Consumable Fuels"
GASE,Gase Energy Inc,3472060,Energy,"Oil, Gas & Consumable Fuels"
GASS,StealthGas Inc,178387560,Energy,"Oil, Gas & Consumable Fuels"
GASXF,NG ENERGY INTERNATIONAL CORP,77887100,Energy,"Oil, Gas & Consumable Fuels"
GBNXF,GIBSON ENERGY INC,2124405000,Energy,"Oil, Gas & Consumable Fuels"
GCEI,Global Clean Energy Inc,28248120,Energy,"Oil, Gas & Consumable Fuels"
GEL,Genesis Energy LP,1285853710,Energy,"Oil, Gas & Consumable Fuels"
GELV,"Green Energy Live, Inc.",0,Energy,"Oil, Gas & Consumable Fuels"
GENGF,GEAR ENERGY LTD,170060210,Energy,"Oil, Gas & Consumable Fuels"
GEOS,Geospace Technologies Corp,135440760,Energy,Energy Equipment & Services
GERS,CleanTech Alpha Corp,1003000,Energy,"Oil, Gas & Consumable Fuels"
GEVO,Gevo Inc,313371960,Energy,"Oil, Gas & Consumable Fuels"
GFGY,Granite Falls Energy LLC,111600000,Energy,"Oil, Gas & Consumable Fuels"
GGBL,Guar Global Ltd,0,Energy,Energy Equipment & Services
GIFI,"Gulf Island Fabrication, Inc.",53747100,Energy,Energy Equipment & Services
GLKFF,CLEANTEK INDUSTRIES INC,2902720,Energy,Energy Equipment & Services
GLNG,Golar LNG Limited (USA),2404610000,Energy,"Oil, Gas & Consumable Fuels"
GLP,Global Partners LP,1095351120,Energy,"Oil, Gas & Consumable Fuels"
GLP-A,Global Partners LP,--,Energy,"Oil, Gas & Consumable Fuels"
GLP-B,Global Partners LP,--,Energy,"Oil, Gas & Consumable Fuels"
GLPEY,GALP ENERGIA SGPS SA,10727143440,Energy,"Oil, Gas & Consumable Fuels"
GLRI,Glori Energy Inc,6470,Energy,Energy Equipment & Services
GMEI,Gambit Energy Inc,0,Energy,"Oil, Gas & Consumable Fuels"
GNOLF,Genoil Inc,723980,Energy,Energy Equipment & Services
GPOR,Gulfport Energy Corp,2299478290,Energy,"Oil, Gas & Consumable Fuels"
GPP,Green Plains Partners LP,303584990,Energy,"Oil, Gas & Consumable Fuels"
GPRE,Green Plains Inc,1853701920,Energy,"Oil, Gas & Consumable Fuels"
GPRK,GeoPark Ltd,528363800,Energy,"Oil, Gas & Consumable Fuels"
GPTC,"Golden Patriot, Corp.",0,Energy,"Oil, Gas & Consumable Fuels"
GRCMF,GREEN SHIFT COMMODITIES LTD,5189810,Energy,"Oil, Gas & Consumable Fuels"
GRDSF,GROUNDSTAR RESOURCES LTD,6380,Energy,"Oil, Gas & Consumable Fuels"
GRGR,Green Energy Resources Inc,0,Energy,"Oil, Gas & Consumable Fuels"
GRNT,Granite Ridge Resources Inc,1065251800,Energy,"Oil, Gas & Consumable Fuels"
GRNWF,GREENLANE RENEWABLES INC,25435390,Energy,"Oil, Gas & Consumable Fuels"
GRSFF,GREENCASTLE RESOURCES LTD,1520870,Energy,"Oil, Gas & Consumable Fuels"
GSPE,GulfSlope Energy Inc,952340,Energy,"Oil, Gas & Consumable Fuels"
GSPH,Geospatial Corp,0,Energy,Energy Equipment & Services
GSVI,GSV Inc,750,Energy,"Oil, Gas & Consumable Fuels"
GTCP,Georgetown Corp,680,Energy,Energy Equipment & Services
GTE,Gran Tierra Energy Inc,219274780,Energy,"Oil, Gas & Consumable Fuels"
GTMAY,Grupo TMM SAB (ADR),6382480,Energy,"Oil, Gas & Consumable Fuels"
GTMIF,GASTEM INC,0,Energy,"Oil, Gas & Consumable Fuels"
GUKYF,GULF KEYSTONE PETROLEUM LTD,271380460,Energy,"Oil, Gas & Consumable Fuels"
GULTU,Gulf Coast Ultra Deep Royalty Trust,2762080,Energy,"Oil, Gas & Consumable Fuels"
GVXXF,GOVIEX URANIUM INC,74267780,Energy,"Oil, Gas & Consumable Fuels"
GWTI,Greenway Technologies Inc,2705020,Energy,Energy Equipment & Services
GXRFF,PROSPERA ENERGY INC,34696210,Energy,"Oil, Gas & Consumable Fuels"
GXUSF,GUARDIAN EXPLORATION INC,3954890,Energy,"Oil, Gas & Consumable Fuels"
HAL,Halliburton Company,36373142080,Energy,Energy Equipment & Services
HDYNQ,Hyperdynamics Corporation,0,Energy,"Oil, Gas & Consumable Fuels"
HENC,Hero Technologies Inc,5626540,Energy,"Oil, Gas & Consumable Fuels"
HEOL,"Highwater Ethanol, LLC",75000000,Energy,"Oil, Gas & Consumable Fuels"
HEP,"Holly Energy Partners, L.P.",2794324000,Energy,"Oil, Gas & Consumable Fuels"
HES,Hess Corp.,48491073120,Energy,"Oil, Gas & Consumable Fuels"
HESM,Hess Midstream LP,6926257560,Energy,"Oil, Gas & Consumable Fuels"
HGHAF,HIGH ARCTIC ENERGY SERVICES,45281420,Energy,Energy Equipment & Services
HGTXU,Hugoton Royalty Trust,28612000,Energy,"Oil, Gas & Consumable Fuels"
HHRS,HAMMERHEAD ENERGY INC,957664140,Energy,"Oil, Gas & Consumable Fuels"
HLBYL,Heron Lake BioEnergy LLC,19483000,Energy,"Oil, Gas & Consumable Fuels"
HLX,Helix Energy Solutions Group Inc,1602441250,Energy,Energy Equipment & Services
HMENF,HEMISPHERE ENERGY CORP,96782310,Energy,"Oil, Gas & Consumable Fuels"
HNRG,Hallador Energy Co,363236320,Energy,"Oil, Gas & Consumable Fuels"
HNTHF,HIGH NORTH RESOURCES LTD,0,Energy,"Oil, Gas & Consumable Fuels"
HP,Helmerich and Payne Inc,4223658960,Energy,Energy Equipment & Services
HPK,Highpeak Energy Inc,1919468370,Energy,"Oil, Gas & Consumable Fuels"
HPMCF,AFRICA ENERGY CORP,108401520,Energy,"Oil, Gas & Consumable Fuels"
HPST,Hempstract Inc,1420890,Energy,"Oil, Gas & Consumable Fuels"
HRST,Harvest Oil & Gas Corp,6102000,Energy,"Oil, Gas & Consumable Fuels"
HUSA,Houston American Energy Corporation,23556960,Energy,"Oil, Gas & Consumable Fuels"
IAHL,IAHL CORP,1200,Energy,"Oil, Gas & Consumable Fuels"
ICD,Independence Contract Drilling Inc,43100100,Energy,Energy Equipment & Services
IGPG,"Ignis Petroleum Group, Inc.",0,Energy,"Oil, Gas & Consumable Fuels"
IMO,Imperial Oil Ltd (USA),33556385230,Energy,"Oil, Gas & Consumable Fuels"
IMPP,Imperial Petroleum Inc,36794110,Energy,"Oil, Gas & Consumable Fuels"
INDO,Indonesia Energy Corp Ltd,38594120,Energy,"Oil, Gas & Consumable Fuels"
INSW,International Seaways Inc,2052157750,Energy,"Oil, Gas & Consumable Fuels"
INUMF,INFINITUM COPPER CORP,2200140,Energy,"Oil, Gas & Consumable Fuels"
IONAF,IONA ENERGY INC,35110,Energy,"Oil, Gas & Consumable Fuels"
IPCFF,INTERNATIONAL PETROLEUM,1255263680,Energy,"Oil, Gas & Consumable Fuels"
IPOOF,INPLAY OIL CORP,177862220,Energy,"Oil, Gas & Consumable Fuels"
IPXHY,INPEX CORP,19355097840,Energy,"Oil, Gas & Consumable Fuels"
ISENF,ISOENERGY LTD,305756000,Energy,"Oil, Gas & Consumable Fuels"
ISRJF,REGEN III CORP,35850030,Energy,"Oil, Gas & Consumable Fuels"
ITEEF,I3 ENERGY PLC,216337320,Energy,"Oil, Gas & Consumable Fuels"
IXOG,Index Oil and Gas Inc,70,Energy,"Oil, Gas & Consumable Fuels"
JECFF,JURA ENERGY CORP,2763040,Energy,"Oil, Gas & Consumable Fuels"
JMBRF,JAMES BAY RESOURCES LTD,2432280,Energy,"Oil, Gas & Consumable Fuels"
JRNGF,JOURNEY ENERGY INC,258922750,Energy,"Oil, Gas & Consumable Fuels"
JROOF,JERICHO ENERGY VENTURES INC,49628000,Energy,"Oil, Gas & Consumable Fuels"
KALG,KAL Energy Inc,0,Energy,"Oil, Gas & Consumable Fuels"
KDKN,Kodiak Energy Inc.,0,Energy,"Oil, Gas & Consumable Fuels"
KEGX,Key Energy Services Inc,10337130,Energy,Energy Equipment & Services
KELTF,KELT EXPLORATION LTD,1023253500,Energy,"Oil, Gas & Consumable Fuels"
KEYUF,KEYERA CORP,5712784290,Energy,"Oil, Gas & Consumable Fuels"
KGEIF,KOLIBRI GLOBAL ENERGY INC,155494390,Energy,"Oil, Gas & Consumable Fuels"
KGS,Kodiak Gas Services Inc,1387782000,Energy,Energy Equipment & Services
KLNG,Koil Energy Solutions Inc,6782100,Energy,Energy Equipment & Services
KLXE,KLX Energy Services Holdings Inc,191961900,Energy,Energy Equipment & Services
KMI,Kinder Morgan Inc,38068199030,Energy,"Oil, Gas & Consumable Fuels"
KNOP,KNOT Offshore Partners LP,207728640,Energy,"Oil, Gas & Consumable Fuels"
KNTK,Kinetik Holdings Inc,4958838850,Energy,"Oil, Gas & Consumable Fuels"
KOS,Kosmos Energy Ltd,3439314770,Energy,"Oil, Gas & Consumable Fuels"
KRP,Kimbell Royalty Partners LP,1455183000,Energy,"Oil, Gas & Consumable Fuels"
KVLQF,VALORE METALS CORP,8466010,Energy,"Oil, Gas & Consumable Fuels"
KWTEF,KIWETINOHK ENERGY CORP,474850870,Energy,"Oil, Gas & Consumable Fuels"
LBRT,Liberty Energy Inc,3020215930,Energy,Energy Equipment & Services
LBYE,Liberty Energy Corp,10210,Energy,"Oil, Gas & Consumable Fuels"
LCNTU,LOUISIANA CENTRAL OIL & GAS,7650000,Energy,Energy Equipment & Services
LEU,Centrus Energy Corp,793533860,Energy,"Oil, Gas & Consumable Fuels"
LKCRU,LAKE AREA CORN PROCESSRS LLC,125885000,Energy,"Oil, Gas & Consumable Fuels"
LMRXF,LARAMIDE RESOURCES LTD,103606680,Energy,"Oil, Gas & Consumable Fuels"
LNDT,LianDi Clean Technology Inc,3640,Energy,Energy Equipment & Services
LNG,"Cheniere Energy, Inc.",40021620470,Energy,"Oil, Gas & Consumable Fuels"
LODE,Comstock Inc,45021860,Energy,"Oil, Gas & Consumable Fuels"
LOECF,LOGAN ENERGY CORP,--,Energy,"Oil, Gas & Consumable Fuels"
LOGL,Legend Oil and Gas Ltd,0,Energy,"Oil, Gas & Consumable Fuels"
LPG,Dorian LPG Ltd,1108861380,Energy,"Oil, Gas & Consumable Fuels"
LRDC,Laredo Oil Inc,4744390,Energy,Energy Equipment & Services
LTBR,Lightbridge Corp,56376990,Energy,"Oil, Gas & Consumable Fuels"
LUKOY,NK Lukoil PAO (ADR),4526394240,Energy,"Oil, Gas & Consumable Fuels"
MARPS,Marine Petroleum Trust,10100000,Energy,"Oil, Gas & Consumable Fuels"
MCCHF,MCCHIP RESOURCES INC,3230150,Energy,"Oil, Gas & Consumable Fuels"
MCCRF,MCCOY GLOBAL INC,29836480,Energy,Energy Equipment & Services
MCFNF,MCF ENERGY LTD,37875660,Energy,"Oil, Gas & Consumable Fuels"
MDMP,Mdm Permian Inc,5495270,Energy,"Oil, Gas & Consumable Fuels"
MEGEF,MEG ENERGY CORP,5316461730,Energy,"Oil, Gas & Consumable Fuels"
MEIL,Methes Energies International Ltd,1726510,Energy,"Oil, Gas & Consumable Fuels"
MGAFF,MEGA URANIUM LTD,78590580,Energy,"Oil, Gas & Consumable Fuels"
MGY,Magnolia Oil & Gas Corp,4911876600,Energy,"Oil, Gas & Consumable Fuels"
MGYOY,MOL Magyar Olajes Gazipari Nyrt - ADR,4662243520,Energy,"Oil, Gas & Consumable Fuels"
MIND,Mind Technology Inc,8341660,Energy,Energy Equipment & Services
MIRXF,SERRANO RESOURCES LTD,4273500,Energy,"Oil, Gas & Consumable Fuels"
MKRYF,MANITOK ENERGY INC,1069520,Energy,"Oil, Gas & Consumable Fuels"
MKSEF,MARKSMEN ENERGY INC,7575320,Energy,"Oil, Gas & Consumable Fuels"
MMEX,MMEX Resources Corp,681180,Energy,"Oil, Gas & Consumable Fuels"
MMLP,Martin Midstream Partners LP,122582250,Energy,"Oil, Gas & Consumable Fuels"
MMP,Magellan Midstream Partners LP,13475761280,Energy,"Oil, Gas & Consumable Fuels"
MNAP,MNP Petroleum Corp,0,Energy,"Oil, Gas & Consumable Fuels"
MNVN,MONDIAL VENTURES INC,197600,Energy,"Oil, Gas & Consumable Fuels"
MNVWF,MOUNTAINVIEW ENERGY LTD,0,Energy,"Oil, Gas & Consumable Fuels"
MOOIF,SENSOR TECHNOLOGIES CORP,799190,Energy,Energy Equipment & Services
MOTNF,POWERTAP HYDROGEN CPTL CORP,11916060,Energy,"Oil, Gas & Consumable Fuels"
MPC,Marathon Petroleum Corp,58857036800,Energy,"Oil, Gas & Consumable Fuels"
MPLX,MPLX LP,34927455040,Energy,"Oil, Gas & Consumable Fuels"
MRGE,Mirage Energy Corp,20695940,Energy,"Oil, Gas & Consumable Fuels"
MRO,Marathon Oil Corp,16505031320,Energy,"Oil, Gas & Consumable Fuels"
MTDR,Matador Resources Co,7620110340,Energy,"Oil, Gas & Consumable Fuels"
MTLRF,METALORE RESOURCES LTD,3553730,Energy,"Oil, Gas & Consumable Fuels"
MTR,Mesa Royalty Trust,34744960,Energy,"Oil, Gas & Consumable Fuels"
MUR,Murphy Oil Corp,7271357570,Energy,"Oil, Gas & Consumable Fuels"
MVO,MV Oil Trust,149155000,Energy,"Oil, Gas & Consumable Fuels"
MWCAF,MATACHEWAN CONS MINES LTD,1144940,Energy,"Oil, Gas & Consumable Fuels"
MXC,Mexco Energy Corp,26373310,Energy,"Oil, Gas & Consumable Fuels"
NAT,Nordic American Tanker Ltd,797600720,Energy,"Oil, Gas & Consumable Fuels"
NBR,Nabors Industries Ltd.,1168403450,Energy,Energy Equipment & Services
NC,"NACCO Industries, Inc.",245904000,Energy,"Oil, Gas & Consumable Fuels"
NCSM,NCS Multistage Holdings Inc,41950800,Energy,Energy Equipment & Services
NE,Noble Corporation PLC,7295610480,Energy,Energy Equipment & Services
NESR,National Energy Services Reunited Corp,456805000,Energy,Energy Equipment & Services
NEXT,Nextdecade Corp,1451078850,Energy,"Oil, Gas & Consumable Fuels"
NFE,New Fortress Energy Inc,6605811780,Energy,"Oil, Gas & Consumable Fuels"
NFEI,New Frontier Energy Inc.,0,Energy,"Oil, Gas & Consumable Fuels"
NGL,NGL Energy Partners LP,509040330,Energy,"Oil, Gas & Consumable Fuels"
NGL-B,NGL Energy Partners LP,--,Energy,"Oil, Gas & Consumable Fuels"
NGL-C,NGL Energy Partners LP,--,Energy,"Oil, Gas & Consumable Fuels"
NGS,"Natural Gas Services Group, Inc.",137988520,Energy,Energy Equipment & Services
NINE,Nine Energy Service Inc,163671590,Energy,Energy Equipment & Services
NKRSF,NIKO RESOURCES LTD,28210,Energy,"Oil, Gas & Consumable Fuels"
NMEX,Northern Minerals & Exploration Ltd,5784340,Energy,"Oil, Gas & Consumable Fuels"
NOA,North American Construction Group Ltd,647885970,Energy,Energy Equipment & Services
NOG,Northern Oil and Gas Inc,3955337960,Energy,"Oil, Gas & Consumable Fuels"
NOV,Nov Inc,8462267730,Energy,Energy Equipment & Services
NR,Newpark Resources Inc,528257110,Energy,Energy Equipment & Services
NRGT,Energy Today Inc,1179480,Energy,"Oil, Gas & Consumable Fuels"
NRIS,Norris Industries Inc,5734720,Energy,"Oil, Gas & Consumable Fuels"
NRP,Natural Resource Partners LP,824496920,Energy,"Oil, Gas & Consumable Fuels"
NRT,North European Oil Royalty Trust,101468640,Energy,"Oil, Gas & Consumable Fuels"
NRUNF,NORTHERN URANIUM CORP,--,Energy,"Oil, Gas & Consumable Fuels"
NS,NuStar Energy L.P.,2152154700,Energy,"Oil, Gas & Consumable Fuels"
NS-A,NuStar Energy LP,--,Energy,"Oil, Gas & Consumable Fuels"
NS-B,NuStar Energy LP,--,Energy,"Oil, Gas & Consumable Fuels"
NS-C,NuStar Energy LP,--,Energy,"Oil, Gas & Consumable Fuels"
NSFDF,NXT ENERGY SOLUTIONS INC,15462300,Energy,Energy Equipment & Services
NSLPQ,New Source Energy Partners LP,1870,Energy,"Oil, Gas & Consumable Fuels"
NTOIF,NESTE OYJ,28031618000,Energy,"Oil, Gas & Consumable Fuels"
NTOIY,NESTE OYJ,27670545990,Energy,"Oil, Gas & Consumable Fuels"
NUVSF,NUVISTA ENERGY LTD,2064871050,Energy,"Oil, Gas & Consumable Fuels"
NVGS,Navigator Holdings Ltd,998157160,Energy,"Oil, Gas & Consumable Fuels"
NVTQF,TRENCH METALS CORP,8955360,Energy,"Oil, Gas & Consumable Fuels"
NWOL,North West Oil Group Inc,0,Energy,"Oil, Gas & Consumable Fuels"
NWPIF,FLINT CORP,2530020,Energy,Energy Equipment & Services
NXE,NEXGEN ENERGY LTD,2754055990,Energy,"Oil, Gas & Consumable Fuels"
NXTFF,NEXTRACTION ENERGY CORP,4250,Energy,"Oil, Gas & Consumable Fuels"
NZERF,NEW ZEALAND ENERGY CORP,1079360,Energy,"Oil, Gas & Consumable Fuels"
OAOFY,Tatneft' PAO (ADR),3347284550,Energy,"Oil, Gas & Consumable Fuels"
OBE,Obsidian Energy Ltd,591958400,Energy,"Oil, Gas & Consumable Fuels"
OCTX,Octagon 88 Resources Inc,2690,Energy,"Oil, Gas & Consumable Fuels"
ODEFF,PETRICHOR ENERGY INC,3530,Energy,"Oil, Gas & Consumable Fuels"
OECPF,ORACLE ENERGY CORP COM NEW,1642510,Energy,"Oil, Gas & Consumable Fuels"
OEDVQ,Osage Exploration and Development Inc,0,Energy,"Oil, Gas & Consumable Fuels"
OII,Oceaneering International Inc,2440891600,Energy,Energy Equipment & Services
OILCF,PERMEX PETROLEUM CORP,4522300,Energy,"Oil, Gas & Consumable Fuels"
OILSF,SATURN OIL & GAS INC,277232870,Energy,"Oil, Gas & Consumable Fuels"
OIS,Oil States International Inc,524324120,Energy,Energy Equipment & Services
OKE,"ONEOK, Inc.",29416724250,Energy,"Oil, Gas & Consumable Fuels"
OMVKY,OMV AG (ADR),15663032280,Energy,"Oil, Gas & Consumable Fuels"
OOAG,OMDA OIL & GAS INC,0,Energy,"Oil, Gas & Consumable Fuels"
OOGI,C2e Energy Inc,30318790,Energy,"Oil, Gas & Consumable Fuels"
OPAL,Opal Fuels Inc,1244232390,Energy,"Oil, Gas & Consumable Fuels"
ORXGF,ORCA ENERGY GROUP INC,68206400,Energy,"Oil, Gas & Consumable Fuels"
ORXPF,FORZA PETROLEUM LTD,53187110,Energy,"Oil, Gas & Consumable Fuels"
OSG,Overseas Shipholding Group Inc.,324398700,Energy,"Oil, Gas & Consumable Fuels"
OVV,Ovintiv Inc,12978130620,Energy,"Oil, Gas & Consumable Fuels"
OXY,Occidental Petroleum Corp,58548254760,Energy,"Oil, Gas & Consumable Fuels"
PAA,"Plains All American Pipeline, L.P.",10720286500,Energy,"Oil, Gas & Consumable Fuels"
PAGP,Plains GP Holdings LP,3151068960,Energy,"Oil, Gas & Consumable Fuels"
PALAF,PALADIN ENERGY LTD,1766318930,Energy,"Oil, Gas & Consumable Fuels"
PARR,Par Pacific Holdings Inc,2176427880,Energy,"Oil, Gas & Consumable Fuels"
PARXF,PAREX RESOURCES INC,2049578440,Energy,"Oil, Gas & Consumable Fuels"
PBA,PEMBINA PIPELINE CORP,17085549780,Energy,"Oil, Gas & Consumable Fuels"
PBEGF,TOUCHSTONE EXPLORATION INC,216551160,Energy,"Oil, Gas & Consumable Fuels"
PBF,PBF Energy Inc,6091997550,Energy,"Oil, Gas & Consumable Fuels"
PBR,Petroleo Brasileiro SA Petrobras (ADR),55128333540,Energy,"Oil, Gas & Consumable Fuels"
PBR.A,PETROLEO BRASILEIRO SA- PETR,37519194070,Energy,"Oil, Gas & Consumable Fuels"
PBT,Permian Basin Royalty Trust,999063910,Energy,"Oil, Gas & Consumable Fuels"
PCCYF,PETROCHINA CO LTD,15613186000,Energy,"Oil, Gas & Consumable Fuels"
PCQRF,PETROLYMPIC LTD,2370990,Energy,"Oil, Gas & Consumable Fuels"
PDER,Pardee Resources Co,147375000,Energy,"Oil, Gas & Consumable Fuels"
PDGO,Paradigm Oil and Gas Inc,379430,Energy,"Oil, Gas & Consumable Fuels"
PDS,Precision Drilling Corp (USA),908275200,Energy,Energy Equipment & Services
PED,Pedevco Corp,88780800,Energy,"Oil, Gas & Consumable Fuels"
PEXNY,PTT Exploration and Production PCL (ADR),62527279500,Energy,"Oil, Gas & Consumable Fuels"
PEYUF,PEYTO EXPLORATION & DEVELPMT,1651853520,Energy,"Oil, Gas & Consumable Fuels"
PFIE,"Profire Energy, Inc.",138443250,Energy,Energy Equipment & Services
PFRRF,PETROFRONTIER CORP,11684250,Energy,"Oil, Gas & Consumable Fuels"
PGAS,Petrogress Inc,3610,Energy,"Oil, Gas & Consumable Fuels"
PGIE,PGI Energy Inc,0,Energy,"Oil, Gas & Consumable Fuels"
PGPM,PILGRIM PETROLEUM CORP,0,Energy,"Oil, Gas & Consumable Fuels"
PGYC,Patriot Energy Corp (TEXAS),19950,Energy,"Oil, Gas & Consumable Fuels"
PHX,PHX Minerals Inc,132645000,Energy,"Oil, Gas & Consumable Fuels"
PHXHF,PHX ENERGY SERVICES CORP,292415800,Energy,Energy Equipment & Services
PIFYF,PINE CLIFF ENERGY LTD,377068500,Energy,"Oil, Gas & Consumable Fuels"
PKDC,Parker Drilling Co,165495000,Energy,Energy Equipment & Services
PKIUF,PARKLAND CORP,4748586200,Energy,"Oil, Gas & Consumable Fuels"
PLSDF,PULSE SEISMIC INC,77258900,Energy,Energy Equipment & Services
PMDP,Plateau Mineral Development Inc,0,Energy,"Oil, Gas & Consumable Fuels"
PMGYF,PERPETUAL ENERGY INC,30362900,Energy,"Oil, Gas & Consumable Fuels"
PNRG,Primeenergy Resources Corp,179701550,Energy,"Oil, Gas & Consumable Fuels"
PNRXF,PORTO ENERGY CORP,19900,Energy,"Oil, Gas & Consumable Fuels"
POFCY,PETROFAC LTD,494276470,Energy,Energy Equipment & Services
POGS,Pioneer Oil and Gas,891970,Energy,"Oil, Gas & Consumable Fuels"
POLR,Polar Petroleum Corp,43990,Energy,"Oil, Gas & Consumable Fuels"
PPEVF,OLIVIER VENTURES INC,152910,Energy,"Oil, Gas & Consumable Fuels"
PQEFF,PETROTEQ ENERGY INC,0,Energy,"Oil, Gas & Consumable Fuels"
PR,Permian Resources Corp,8311049180,Energy,"Oil, Gas & Consumable Fuels"
PRCX,Phoenix Rising Companies,80740,Energy,"Oil, Gas & Consumable Fuels"
PREKF,PRAIRIESKY ROYALTY LTD,4499466160,Energy,"Oil, Gas & Consumable Fuels"
PREXF,Power Resource Exploration Inc,0,Energy,"Oil, Gas & Consumable Fuels"
PRMRF,Paramount Resources Ltd,3427976100,Energy,"Oil, Gas & Consumable Fuels"
PRPRF,PRAIRIE PROVIDENT RESOURCES,67950080,Energy,"Oil, Gas & Consumable Fuels"
PRRY,PLANET RESOURCE RECOVERY INC,121710,Energy,Energy Equipment & Services
PRSEF,PROSAFE SE,131316600,Energy,Energy Equipment & Services
PRT,PermRock Royalty Trust,77862400,Energy,"Oil, Gas & Consumable Fuels"
PSHIF,LUCERO ENERGY CORP,315893280,Energy,"Oil, Gas & Consumable Fuels"
PSTRQ,PostRock Energy Corporation,660,Energy,"Oil, Gas & Consumable Fuels"
PSX,Phillips 66,52178847840,Energy,"Oil, Gas & Consumable Fuels"
PSYTF,PASON SYSTEMS INC,842515530,Energy,Energy Equipment & Services
PTALF,PETROTAL CORP,527743490,Energy,"Oil, Gas & Consumable Fuels"
PTEN,"Patterson-UTI Energy, Inc.",3574185210,Energy,Energy Equipment & Services
PTOAF,PIERIDAE ENERGY LTD,72354070,Energy,"Oil, Gas & Consumable Fuels"
PTOI,Plastic2Oil Inc,137230,Energy,"Oil, Gas & Consumable Fuels"
PTRC,Petro River Oil Corp,0,Energy,"Oil, Gas & Consumable Fuels"
PTRUF,PETRUS RESOURCES LTD,145034370,Energy,"Oil, Gas & Consumable Fuels"
PTTN,Patten Energy Solutions Group Inc,0,Energy,"Oil, Gas & Consumable Fuels"
PTUUF,PUREPOINT URANIUM GROUP INC,12720160,Energy,"Oil, Gas & Consumable Fuels"
PTVRF,PETRO-VICTORY ENERGY CORP,22577860,Energy,"Oil, Gas & Consumable Fuels"
PUMP,Propetro Holding Corp,1118134380,Energy,Energy Equipment & Services
PUTKY,UNITED TRACTORS,6428286000,Energy,"Oil, Gas & Consumable Fuels"
PVL,Permianville Royalty Trust,88694100,Energy,"Oil, Gas & Consumable Fuels"
PVRS,Pukang Group Holdings Ltd,3782470,Energy,"Oil, Gas & Consumable Fuels"
PXD,Pioneer Natural Resources Co,56698725490,Energy,"Oil, Gas & Consumable Fuels"
QEXXF,QUATTRO EXPLORATION AND PROD,0,Energy,"Oil, Gas & Consumable Fuels"
QSEP,QS Energy Inc,23184240,Energy,Energy Equipment & Services
QTEYF,QUESTERRE ENERGY CORP,72847720,Energy,"Oil, Gas & Consumable Fuels"
QUTIF,QUESTOR TECHNOLOGY INC,18329640,Energy,Energy Equipment & Services
RBRXF,Rhino Biotech Ltd,3100,Energy,"Oil, Gas & Consumable Fuels"
RCON,Recon Technology Ltd,14748140,Energy,Energy Equipment & Services
RCTRF,TRANS CANADA GOLD CORP,895160,Energy,"Oil, Gas & Consumable Fuels"
RDOIF,RODINIA OIL CORP,0,Energy,"Oil, Gas & Consumable Fuels"
RECAF,Reconnaissance Energy (Africa) Ltd,198767160,Energy,"Oil, Gas & Consumable Fuels"
REGX,Red Trail Energy LLC,150555000,Energy,"Oil, Gas & Consumable Fuels"
REI,Ring Energy Inc,377039010,Energy,"Oil, Gas & Consumable Fuels"
REOS,ReoStar Energy Corp,752530,Energy,"Oil, Gas & Consumable Fuels"
REPX,Riley Exploration Permian Inc,680166670,Energy,"Oil, Gas & Consumable Fuels"
REPYF,REPSOL SA,20182856800,Energy,"Oil, Gas & Consumable Fuels"
REPYY,Repsol SA (ADR),20072239200,Energy,"Oil, Gas & Consumable Fuels"
RES,RPC Inc,1787538340,Energy,Energy Equipment & Services
REX,REX American Resources Corp,675775400,Energy,"Oil, Gas & Consumable Fuels"
RFXRF,RUNNING FOX RESOURCE CORP,10950,Energy,"Oil, Gas & Consumable Fuels"
RHCCF,ROYAL HELIUM LTD,56987470,Energy,"Oil, Gas & Consumable Fuels"
RIG,Transocean LTD,6324903750,Energy,Energy Equipment & Services
RNGR,Ranger Energy Services Inc,307015440,Energy,Energy Equipment & Services
ROAOF,LGX OIL PLUS GAS INC,8870,Energy,"Oil, Gas & Consumable Fuels"
ROKRF,ROK RESOURCES INC,62413440,Energy,"Oil, Gas & Consumable Fuels"
ROYE,Royal Energy Resources Inc,9039500,Energy,"Oil, Gas & Consumable Fuels"
ROYL,Royale Energy Funds Inc,2687050,Energy,"Oil, Gas & Consumable Fuels"
ROYTL,Pacific Coast Oil Trust,17362350,Energy,"Oil, Gas & Consumable Fuels"
RRC,Range Resources Corp,7807737200,Energy,"Oil, Gas & Consumable Fuels"
RSRV,Reserve Petroleum Co,25272000,Energy,"Oil, Gas & Consumable Fuels"
RTSO,RTS Oil Holdings Inc,6670,Energy,"Oil, Gas & Consumable Fuels"
RUBLF,RUBELLITE ENERGY INC,103271130,Energy,"Oil, Gas & Consumable Fuels"
RVTI,Rival Technologies Inc,1281920,Energy,Energy Equipment & Services
RYDAF,SHELL PLC,207842830350,Energy,"Oil, Gas & Consumable Fuels"
RYPE,Royalite Petroleum Company Inc,0,Energy,"Oil, Gas & Consumable Fuels"
SAPMY,SAIPEM S P A,3042592160,Energy,Energy Equipment & Services
SAWLF,Shawcor Ltd (USA),939414960,Energy,Energy Equipment & Services
SBFFY,SBM OFFSHORE NV,2655863700,Energy,Energy Equipment & Services
SBOW,SilverBow Resources Inc,948598920,Energy,"Oil, Gas & Consumable Fuels"
SBR,Sabine Royalty Trust,958423460,Energy,"Oil, Gas & Consumable Fuels"
SCEYF,SOURCE ENERGY SERVICES LTD,42666750,Energy,Energy Equipment & Services
SD,SandRidge Energy Inc,604024440,Energy,"Oil, Gas & Consumable Fuels"
SDPI,Superior Drilling Products Inc,28233660,Energy,Energy Equipment & Services
SDRL,SEADRILL 2021 LTD COM,3891120240,Energy,Energy Equipment & Services
SDTTU,Sandridge Mississippian Trust I,2100000,Energy,"Oil, Gas & Consumable Fuels"
SECYF,SECURE ENERGY SERVICES INC,1673691000,Energy,Energy Equipment & Services
SEUSF,SINTANA ENERGY INC,59515280,Energy,"Oil, Gas & Consumable Fuels"
SFL,SFL Corporation Ltd,1554964280,Energy,"Oil, Gas & Consumable Fuels"
SFPI,Santa Fe Petroleum Inc,4880,Energy,"Oil, Gas & Consumable Fuels"
SGLRF,SPYGLASS RESOURCES CORP,0,Energy,"Oil, Gas & Consumable Fuels"
SGQRF,SOUTHGOBI RESOURCES LTD,23620880,Energy,"Oil, Gas & Consumable Fuels"
SHASF,SHAMARAN PETROLEUM CORP,118623200,Energy,"Oil, Gas & Consumable Fuels"
SHEL,Shell PLC (ADR),209458824790,Energy,"Oil, Gas & Consumable Fuels"
SHGP,Sharpe Resources Corp,0,Energy,"Oil, Gas & Consumable Fuels"
SHPNF,SHOAL POINT ENERGY LTD,1735760,Energy,"Oil, Gas & Consumable Fuels"
SILEF,SILVER ELEPHANT MINING CORP,5828560,Energy,"Oil, Gas & Consumable Fuels"
SJT,San Juan Basin Royalty Trust,308318530,Energy,"Oil, Gas & Consumable Fuels"
SKKFF,STRIKEWELL ENERGY CORP,621140,Energy,"Oil, Gas & Consumable Fuels"
SKPI,Sky Petroleum Inc,3826700,Energy,"Oil, Gas & Consumable Fuels"
SLB,Schlumberger NV,85704621730,Energy,Energy Equipment & Services
SLCA,US Silica Holdings Inc,1018715570,Energy,Energy Equipment & Services
SLNG,Stabilis Solutions Inc,80383650,Energy,"Oil, Gas & Consumable Fuels"
SM,SM Energy Co,5028471750,Energy,"Oil, Gas & Consumable Fuels"
SMBZF,SIMBA ESSEL ENERGY  INC,0,Energy,"Oil, Gas & Consumable Fuels"
SMGI,SMG Industries Inc,100520620,Energy,Energy Equipment & Services
SMHI,SEACOR Marine Holdings Inc,353067000,Energy,Energy Equipment & Services
SMLP,Summit Midstream Partners LP,139171200,Energy,"Oil, Gas & Consumable Fuels"
SND,Smart Sand Inc,83694870,Energy,Energy Equipment & Services
SNMP,Evolve Transition Infrastructure LP,26201200,Energy,"Oil, Gas & Consumable Fuels"
SNPMF,CHINA PETROLEUM & CHEMICAL,14695095640,Energy,"Oil, Gas & Consumable Fuels"
SNUYF,SERINUS ENERGY PLC SHS,6537260,Energy,"Oil, Gas & Consumable Fuels"
SNVFF,Sonoro Energy Ltd (USA),8038400,Energy,"Oil, Gas & Consumable Fuels"
SNVP,Savoy Energy Corp,0,Energy,"Oil, Gas & Consumable Fuels"
SNVVF,STEP ENERGY SERVICES LTD,222928750,Energy,Energy Equipment & Services
SOGFF,STRATEGIC OIL & GAS LTD,0,Energy,"Oil, Gas & Consumable Fuels"
SOI,Solaris Oilfield Infrastructure Inc,471732070,Energy,Energy Equipment & Services
SOIS,Striker Oil & Gas Inc,20,Energy,"Oil, Gas & Consumable Fuels"
SOQDQ,SONDE RESOURCES CORP,560,Energy,"Oil, Gas & Consumable Fuels"
SOUTF,SOUTHERN ENERGY CORP,36065520,Energy,"Oil, Gas & Consumable Fuels"
SPGYF,WHITECAP RESOURCES INC,5180496300,Energy,"Oil, Gas & Consumable Fuels"
SPLM,Sentry Petroleum Ltd,0,Energy,"Oil, Gas & Consumable Fuels"
SPND,Spindletop Oil and Gas Co,17254400,Energy,"Oil, Gas & Consumable Fuels"
SPNRF,SPARTON RESOURCES INC,6749560,Energy,"Oil, Gas & Consumable Fuels"
SPOWF,Strata Power Corp,100430,Energy,"Oil, Gas & Consumable Fuels"
SPRL,Strat Petroleum Ltd,0,Energy,"Oil, Gas & Consumable Fuels"
SPRN,Supernova Energy Inc,1559460,Energy,"Oil, Gas & Consumable Fuels"
SQZZF,SERICA ENERGY PLC,1156554000,Energy,"Oil, Gas & Consumable Fuels"
SRNW,Stratos Renewables Corp,26380710,Energy,"Oil, Gas & Consumable Fuels"
SRSIF,Strateco Resources Inc (USA),0,Energy,"Oil, Gas & Consumable Fuels"
SSLZY,Santos Ltd (ADR),16401253650,Energy,"Oil, Gas & Consumable Fuels"
STDE,Standard Energy Corp,0,Energy,"Oil, Gas & Consumable Fuels"
STMGF,Stamper Oil & Gas Corp,416830,Energy,"Oil, Gas & Consumable Fuels"
STNG,Scorpio Tankers Inc,2614158900,Energy,"Oil, Gas & Consumable Fuels"
STPJF,Southern Pacific Resource Corp,0,Energy,"Oil, Gas & Consumable Fuels"
STR,Sitio Royalties Corp,4078769100,Energy,"Oil, Gas & Consumable Fuels"
STTDF,STANDARD URANIUM LTD,6446230,Energy,"Oil, Gas & Consumable Fuels"
STTX,Stratex Oil & Gas Holdings Inc,310330,Energy,"Oil, Gas & Consumable Fuels"
SU,Suncor Energy Inc (USA),44649852030,Energy,"Oil, Gas & Consumable Fuels"
SUBCY,Subsea 7 SA (ADR),4005762050,Energy,Energy Equipment & Services
SUN,Sunoco LP,3890107870,Energy,"Oil, Gas & Consumable Fuels"
SUNYF,SUNSHINE OILSANDS LTD,18504400,Energy,"Oil, Gas & Consumable Fuels"
SUUFF,STRATHMORE PLUS URANIUM CORP,17739800,Energy,"Oil, Gas & Consumable Fuels"
SVSE,Silver Star Energy Inc,9620,Energy,"Oil, Gas & Consumable Fuels"
SWIOU,SOUTHWEST IOWA RENEWAB E LLC,72000000,Energy,"Oil, Gas & Consumable Fuels"
SWN,Southwestern Energy Co,7291685060,Energy,"Oil, Gas & Consumable Fuels"
SYHBF,SKYHARBOUR RESOURCES LTD,51144260,Energy,"Oil, Gas & Consumable Fuels"
SYNE,Synthesis Energy Systems Inc,306960,Energy,Energy Equipment & Services
TAGP,Tristar Acquisition Group,33415380,Energy,Energy Equipment & Services
TALO,Talos Energy Inc,2128800960,Energy,"Oil, Gas & Consumable Fuels"
TAOIF,TAG OIL LTD,65737440,Energy,"Oil, Gas & Consumable Fuels"
TBDYF,GORDON CREEK ENERGY INC,0,Energy,"Oil, Gas & Consumable Fuels"
TBTEF,TWIN BUTTE ENERGY LTD,3550,Energy,"Oil, Gas & Consumable Fuels"
TCEC,TransCoastal Corp,3000,Energy,"Oil, Gas & Consumable Fuels"
TCEFF,TISDALE CLEAN ENERGY CORP,2264350,Energy,"Oil, Gas & Consumable Fuels"
TDW,Tidewater Inc,3593469410,Energy,Energy Equipment & Services
TDWRF,TIDEWATER RENEWABLES LTD,203022090,Energy,"Oil, Gas & Consumable Fuels"
TEGR,Terra Energy & Resource Technologies Inc,12650,Energy,Energy Equipment & Services
TELL,Tellurian Inc,659498510,Energy,"Oil, Gas & Consumable Fuels"
TETHF,TETHYS PETROLEUM LTD,66877630,Energy,"Oil, Gas & Consumable Fuels"
TGRO,Tiger Oil and Energy Inc,0,Energy,"Oil, Gas & Consumable Fuels"
TGS,Transportadora de Gas del Sur SA (ADR),834168000,Energy,"Oil, Gas & Consumable Fuels"
THNPY,TECHNIP ENERGIES,4235489600,Energy,Energy Equipment & Services
TK,Teekay Corp,564213210,Energy,"Oil, Gas & Consumable Fuels"
TNEN,True North Energy Corp,39000,Energy,"Oil, Gas & Consumable Fuels"
TNEYF,TAMARACK VALLEY ENERGY LTD,1605326580,Energy,"Oil, Gas & Consumable Fuels"
TNGRF,THUNGELA RESOURCES LIMITED,1179181800,Energy,"Oil, Gas & Consumable Fuels"
TNK,Teekay Tankers Ltd,1320683130,Energy,"Oil, Gas & Consumable Fuels"
TNP,Tsakos Energy Navigation Ltd,585103980,Energy,"Oil, Gas & Consumable Fuels"
TNP-E,Tsakos Energy Navigation Ltd,--,Energy,"Oil, Gas & Consumable Fuels"
TNP-F,Tsakos Energy Navigation Ltd,--,Energy,"Oil, Gas & Consumable Fuels"
TOLWF,TRICAN WELL SERVICE LTD,774989600,Energy,Energy Equipment & Services
TOPS,TOP SHIPS Inc,14474350,Energy,"Oil, Gas & Consumable Fuels"
TOTZF,TOTAL ENERGY SERVICES INC,288475200,Energy,Energy Equipment & Services
TPL,Texas Pacific Land Corp,14051123900,Energy,"Oil, Gas & Consumable Fuels"
TPNEF,CARCETTI CAPITAL CORP,52140,Energy,"Oil, Gas & Consumable Fuels"
TPZEF,TOPAZ ENERGY CORP,2374332160,Energy,"Oil, Gas & Consumable Fuels"
TRGP,Targa Resources Corp,19445047040,Energy,"Oil, Gas & Consumable Fuels"
TRLEF,TRILLION ENERGY INTL INC,86235520,Energy,"Oil, Gas & Consumable Fuels"
TRLM,Truleum Inc,72815600,Energy,"Oil, Gas & Consumable Fuels"
TRMD,TORM PLC,2084062500,Energy,"Oil, Gas & Consumable Fuels"
TRMLF,TOURMALINE OIL CORP,17675615700,Energy,"Oil, Gas & Consumable Fuels"
TRP,TC Energy Corp (USA),37378425000,Energy,"Oil, Gas & Consumable Fuels"
TRRVF,TERRAVEST INDUSTRIES INC,466965840,Energy,Energy Equipment & Services
TRSI,Trophy Resources Inc,417510,Energy,"Oil, Gas & Consumable Fuels"
TRXO,Columbine Valley Resources Inc,649420,Energy,"Oil, Gas & Consumable Fuels"
TS,Tenaris SA  (ADR),18944651460,Energy,Energy Equipment & Services
TSCAF,TUSCANY ENERGY LTD,5060,Energy,"Oil, Gas & Consumable Fuels"
TTE,TotalEnergies SE (ADR),155285897690,Energy,"Oil, Gas & Consumable Fuels"
TTFNF,TOTALENERGIES SE,153973827830,Energy,"Oil, Gas & Consumable Fuels"
TTI,Tetra Technologies Inc,742659590,Energy,Energy Equipment & Services
TTNN,Titan NRG Inc,30133880,Energy,"Oil, Gas & Consumable Fuels"
TUSK,Mammoth Energy Services Inc,236833480,Energy,Energy Equipment & Services
TUWOY,TULLOW OIL PLC,641520330,Energy,"Oil, Gas & Consumable Fuels"
TWMIF,TIDEWATER MIDSTREAM INFRASTR,338610250,Energy,"Oil, Gas & Consumable Fuels"
TXHE,Texhoma Energy Inc,0,Energy,"Oil, Gas & Consumable Fuels"
TXLZF,Tesla Exploration Ltd,0,Energy,Energy Equipment & Services
TXO,TXO Partners LP,668200570,Energy,"Oil, Gas & Consumable Fuels"
UAPC,UAPC INC,668550,Energy,"Oil, Gas & Consumable Fuels"
UEC,Uranium Energy Corp.,1783829250,Energy,"Oil, Gas & Consumable Fuels"
UGP,Ultrapar Participacoes SA (ADR),3987423600,Energy,"Oil, Gas & Consumable Fuels"
UNRG,United Energy Corp,17566850,Energy,"Oil, Gas & Consumable Fuels"
UNTC,Unit Corp,484741100,Energy,"Oil, Gas & Consumable Fuels"
URG,Ur-Energy Inc. (USA),372184500,Energy,"Oil, Gas & Consumable Fuels"
UROY,URANIUM ROYALTY CORP,264994230,Energy,"Oil, Gas & Consumable Fuels"
URVNF,NUCLEAR FUELS INC,12102610,Energy,"Oil, Gas & Consumable Fuels"
URXZF,TENTH AVENUE PETROLEUM CORP,2120630,Energy,"Oil, Gas & Consumable Fuels"
USAC,Usa Compression Partners LP,2137546500,Energy,Energy Equipment & Services
USDP,USD Partners LP,18452670,Energy,"Oil, Gas & Consumable Fuels"
USEG,U.S. Energy Corp.,35454730,Energy,"Oil, Gas & Consumable Fuels"
UUUU,Energy Fuels Inc,1190823720,Energy,"Oil, Gas & Consumable Fuels"
UVSE,Universal Energy Corp.,0,Energy,"Oil, Gas & Consumable Fuels"
VAL,Valaris Ltd,5613469560,Energy,Energy Equipment & Services
VCYE,Velocity Energy Inc,630,Energy,"Oil, Gas & Consumable Fuels"
VELXF,CANADIAN OVERSEAS PETRO LTD,30228810,Energy,"Oil, Gas & Consumable Fuels"
VET,VERMILION ENERGY INC,2489054100,Energy,"Oil, Gas & Consumable Fuels"
VGAS,Verde Clean Fuels Inc,127552000,Energy,"Oil, Gas & Consumable Fuels"
VIST,VISTA ENERGY SAB DE CV,2414647880,Energy,"Oil, Gas & Consumable Fuels"
VLERF,VALEURA ENERGY INC,172688300,Energy,"Oil, Gas & Consumable Fuels"
VLO,Valero Energy Corporation,47005533630,Energy,"Oil, Gas & Consumable Fuels"
VLOWY,VALLOUREC SA,3471905150,Energy,Energy Equipment & Services
VNLEF,VANOIL ENERGY LTD,0,Energy,"Oil, Gas & Consumable Fuels"
VNOM,Viper Energy Partners LP,4623776540,Energy,"Oil, Gas & Consumable Fuels"
VOC,VOC Energy Trust,146030000,Energy,"Oil, Gas & Consumable Fuels"
VOPKY,VOPAK (KONINKLIJKE) NV,4564480500,Energy,"Oil, Gas & Consumable Fuels"
VTDRF,Vantage Drilling International,327285460,Energy,Energy Equipment & Services
VTGDF,Vantage Drilling Company,31100,Energy,Energy Equipment & Services
VTLE,Vital Energy Inc,1132185360,Energy,"Oil, Gas & Consumable Fuels"
VTNR,Vertex Energy Inc,438001250,Energy,"Oil, Gas & Consumable Fuels"
VTOL,Bristow Group Inc,778221120,Energy,Energy Equipment & Services
VTS,Vitesse Energy Inc,679085330,Energy,"Oil, Gas & Consumable Fuels"
VYEY,Victory Oilfield Tech Inc,15757360,Energy,Energy Equipment & Services
WCYN,West Canyon Energy Corp,4440,Energy,"Oil, Gas & Consumable Fuels"
WDS,WOODSIDE ENERGY GROUP LTD,46120637500,Energy,"Oil, Gas & Consumable Fuels"
WEEEF,WESTERN ENERGY SERVICES CORP,87797090,Energy,Energy Equipment & Services
WEIIF,WOLVERINE ENERGY & INFRA INC,15579750,Energy,Energy Equipment & Services
WENEF,SUMMUS SOLUTIONS NV,0,Energy,"Oil, Gas & Consumable Fuels"
WES,Western Midstream Partners LP,10403835750,Energy,"Oil, Gas & Consumable Fuels"
WFRD,Weatherford International plc,6560626880,Energy,Energy Equipment & Services
WFTSF,WAVEFRONT TECHNOLOGY SOLTNS,9100,Energy,Energy Equipment & Services
WHD,Cactus Inc,4461583100,Energy,Energy Equipment & Services
WHITF,WHITEHAVEN COAL LIMITED,3404966070,Energy,"Oil, Gas & Consumable Fuels"
WKC,World Kinect Corporation,1329149760,Energy,"Oil, Gas & Consumable Fuels"
WLTNF,WILTON RESOURCES INC,22371530,Energy,"Oil, Gas & Consumable Fuels"
WMB,Williams Companies Inc,42003017130,Energy,"Oil, Gas & Consumable Fuels"
WNWG,Wentworth Energy Inc,0,Energy,"Oil, Gas & Consumable Fuels"
WOEN,Wolf Energy Services Inc,1017480,Energy,Energy Equipment & Services
WOPEF,WOODSIDE ENERGY GROUP LTD,47791537500,Energy,"Oil, Gas & Consumable Fuels"
WRLC,WINDROCK LD CO,53010000,Energy,"Oil, Gas & Consumable Fuels"
WSTRF,WESTERN URANM & VNDM CORP,40515040,Energy,"Oil, Gas & Consumable Fuels"
WTI,"W&T Offshore, Inc.",622544250,Energy,"Oil, Gas & Consumable Fuels"
WTTR,Select Water Solutions Inc,994208290,Energy,Energy Equipment & Services
WWNG,WW ENERGY INC,25340,Energy,Energy Equipment & Services
WYGPY,WORLEY LTD,5933528300,Energy,Energy Equipment & Services
XBOR,Cross Border Resources Inc,1730,Energy,"Oil, Gas & Consumable Fuels"
XCPT,Xcana Petroleum Corp,14977490,Energy,"Oil, Gas & Consumable Fuels"
XEPRF,XEMPLAR ENERGY CORP,0,Energy,"Oil, Gas & Consumable Fuels"
XLEFF,XXL ENERGY CORP,1363560,Energy,"Oil, Gas & Consumable Fuels"
XLPI,XCELPLUS INTERNATIONAL INC,5970,Energy,"Oil, Gas & Consumable Fuels"
XOM,Exxon Mobil Corp,455543347440,Energy,"Oil, Gas & Consumable Fuels"
XPRO,Expro Group Holdings NV,2604538550,Energy,Energy Equipment & Services
XREG,XR Energy Inc,0,Energy,"Oil, Gas & Consumable Fuels"
YGRAF,YANGARRA RESOURCES LTD,134617420,Energy,"Oil, Gas & Consumable Fuels"
YPF,YPF SA  (ADR),5354094030,Energy,"Oil, Gas & Consumable Fuels"
YUMAQ,Yuma Energy Inc,160,Energy,"Oil, Gas & Consumable Fuels"
YZCAY,Yankuang Energy Group Co Ltd (ADR),4936182680,Energy,"Oil, Gas & Consumable Fuels"
ZAZA,ZaZa Energy Corp,1380,Energy,"Oil, Gas & Consumable Fuels"
ZEON,ZEONS CORP,128800,Energy,"Oil, Gas & Consumable Fuels"
ZNOG,Zion Oil and Gas Inc,33587570,Energy,"Oil, Gas & Consumable Fuels"
ZPTAF,SURGE ENERGY INC,631462540,Energy,"Oil, Gas & Consumable Fuels"
