Symbol,CompanyName,MarketCap,Sector,Industry
AA,Alcoa Corp,5405250500,Materials,Metals & Mining
AAEEF,ALTAIR RESOURCES INC,927730,Materials,Metals & Mining
AAGC,All American Gold Corp,541110,Materials,Metals & Mining
AAGFF,AFTERMATH SILVER LTD,23750490,Materials,Metals & Mining
AAMMF,ALMADEX MINERALS LTD,12384620,Materials,Metals & Mining
AAU,Almaden Minerals Ltd. (USA),16672350,Materials,Metals & Mining
AAUGF,ANGOLD RESOURCES LTD,739470,Materials,Metals & Mining
AAUKF,ANGLO AMERICAN PLC,36045185700,Materials,Metals & Mining
ABBRF,ABRASILVER RESOURCE CORP,117135430,Materials,Metals & Mining
ABCAF,ATHABASCA MINERALS INC,6585260,Materials,Construction Materials
ABCFF,ABACUS MINING & EXPL CORP,4833760,Materials,Metals & Mining
ABEPF,VISION LITHIUM INC,14822020,Materials,Metals & Mining
ABLT,American Biltrite Inc.,4480000,Materials,Chemicals
ABMBF,ABCOURT MINES INC,11773000,Materials,Metals & Mining
ABML,American Battery Technology Co,456285630,Materials,Metals & Mining
ABNAF,ABEN MINERALS LTD,1740020,Materials,Metals & Mining
ABRMF,ARBOR METALS CORP,129169380,Materials,Metals & Mining
ABSSF,AIRBOSS OF AMERICA CORP,103097800,Materials,Chemicals
ACAZF,ACADIAN TIMBER CORP,232326640,Materials,Paper & Forest Products
ACKRF,AMERICAN CREEK RESOURCES LTD,36281710,Materials,Metals & Mining
ACNT,Ascent Industries Co,96243610,Materials,Metals & Mining
ACRB,Asia Carbon Industries Inc,0,Materials,Chemicals
ACRG,American Clean Resources Group Inc,74930200,Materials,Metals & Mining
ACRL,Atacama Resources International Inc,4920310,Materials,Metals & Mining
ACTX,Advanced Container Technologies Inc,15570,Materials,Containers & Packaging
ADBRF,ALDEBARAN RES INC,98912540,Materials,Metals & Mining
ADES,Advanced Emissions Solutions Inc,59603180,Materials,Chemicals
ADFJF,ADF GROUP INC,57910010,Materials,Metals & Mining
ADMT,ADM Tronics Unlimited Inc,8651260,Materials,Chemicals
ADVZF,ADVENTUS MINING CORP,39123410,Materials,Metals & Mining
ADXDF,ADEX MINING INC,2031630,Materials,Metals & Mining
AEM,Agnico Eagle Mines Ltd (USA),23416964480,Materials,Metals & Mining
AEXE,AIM Energy Inc,0,Materials,Metals & Mining
AFMJF,ALPHAMIN RESOURCES CORP,846828420,Materials,Metals & Mining
AFPW,Alumifuel Power Corp,0,Materials,Chemicals
AG,FIRST MAJESTIC SILVER CORP,1661313120,Materials,Metals & Mining
AGCCF,GENSOURCE POTASH CORP,9342580,Materials,Chemicals
AGDXF,ANTIOQUIA GOLD INC,8734460,Materials,Metals & Mining
AGI,ALAMOS GOLD INC,4743046020,Materials,Metals & Mining
AGIN,American Graphite Technologies Inc,1177040,Materials,Metals & Mining
AGLAF,T2 METALS CORP,3613000,Materials,Metals & Mining
AGLDF,AUSTRAL GOLD LTD,11940060,Materials,Metals & Mining
AGMRF,SILVER MOUNTAIN RESOURCE INC,19072120,Materials,Metals & Mining
AGPPF,ANGLO AMERICAN PLATINUM LTD,8383568000,Materials,Metals & Mining
AGRDF,MINNOVA CORP,1244010,Materials,Metals & Mining
AGSVF,ARGENTUM SILVER CORP,629510,Materials,Metals & Mining
AGXPF,SILVER X MINING CORP,26802880,Materials,Metals & Mining
AHCHY,ANHUI CONCH CEMENT CO LTD,3750645600,Materials,Construction Materials
AHKSY,ASAHI KASEI CORP,8960916690,Materials,Chemicals
AIQUF,L'AIR LIQUIDE SA,91714738050,Materials,Chemicals
AIQUY,L'AIR LIQUIDE SA,91502673280,Materials,Chemicals
AIRRF,AURION RESOURCES LTD,48916830,Materials,Metals & Mining
AISSF,A I S RESOURCES LTD,1123180,Materials,Metals & Mining
AIVN,"American International Ventures, Inc.",44120,Materials,Metals & Mining
AKEMF,ALASKA ENERGY METALS CORP,16804530,Materials,Metals & Mining
AKZOY,Akzo Nobel NV  (ADR),13537110000,Materials,Chemicals
ALB,Albemarle Corporation,23556236780,Materials,Chemicals
ALDVF,KIPLIN METALS INC,8569480,Materials,Metals & Mining
ALGLF,ALMA GOLD INC,697640,Materials,Metals & Mining
ALKN,Alkane Inc.,0,Materials,Chemicals
ALMTF,ALMONTY INDUSTRIES INC,85147150,Materials,Metals & Mining
ALTO,Alto Ingredients Inc,278593370,Materials,Chemicals
ALTPF,ALTIPLANO METALS INC,11866400,Materials,Metals & Mining
ALVLF,BIG RIDGE GOLD CORP,7882450,Materials,Metals & Mining
ALXEF,ALX RESOURCES CORP,5179890,Materials,Metals & Mining
AMBP,Ardagh Metal Packaging SA,2073633830,Materials,Containers & Packaging
AMCR,Amcor PLC,13789518030,Materials,Containers & Packaging
AMIQF,ASHANTI SANKOFA INC,41520,Materials,Metals & Mining
AMLI,AMERICAN LITHIUM CORP,334861800,Materials,Metals & Mining
AMLM,American Lithium Minerals Inc,3930670,Materials,Metals & Mining
AMNL,Applied Minerals Inc,40320,Materials,Metals & Mining
AMNP,American Sierra Gold Corp.,8136400,Materials,Metals & Mining
AMR,Alpha Metallurgical Resources Inc,2935177150,Materials,Metals & Mining
AMRSQ,Amyris Inc,15144830,Materials,Chemicals
AMXEF,AMEX EXPLORATION INC,96015990,Materials,Metals & Mining
AMYZF,RECYLICO BATTER MATERILS INC,72126710,Materials,Metals & Mining
ANGCF,EON LITHIUM CORP,702070,Materials,Metals & Mining
ANGPY,ANGLO AMERICAN PLATINUM LTD,8484192000,Materials,Metals & Mining
ANGVF,ANGUS GOLD INC,23224770,Materials,Metals & Mining
ANIOY,ACERINOX SA,2468421450,Materials,Metals & Mining
ANKOF,ANGKOR RESOURCE CORP,7572800,Materials,Metals & Mining
ANLBF,ATON RESOURCES INC,1176570,Materials,Metals & Mining
ANPMF,ANDEAN PRECIOUS METALS CORP,70626150,Materials,Metals & Mining
AOTVF,ASCOT RESOURCES LTD,191521770,Materials,Metals & Mining
AP,Ampco-Pittsburgh Corp,63769860,Materials,Metals & Mining
APD,"Air Products & Chemicals, Inc.",65251825770,Materials,Chemicals
APEMY,APERAM SA,2099917180,Materials,Metals & Mining
APEUF,ATLAS ENGINEERED PRODCTS LTD,52088950,Materials,Paper & Forest Products
APGOF,APOLLO SILVER CORP,13450870,Materials,Metals & Mining
APHLF,ALPHA LITHIUM CORP,166462340,Materials,Metals & Mining
APMCF,MORIEN RESOURCES CORP,21026030,Materials,Metals & Mining
APMFF,EAGLE GRAPHITE INC,465510,Materials,Metals & Mining
APRAF,TRAILBREAKER RESOURCES LTD,5429120,Materials,Metals & Mining
ARAAF,ACLARA RESOURCES INC,47399960,Materials,Metals & Mining
ARBTF,ARGO GOLD INC,5976310,Materials,Metals & Mining
ARCH,Arch Resources Inc,2509864420,Materials,Metals & Mining
ARGTF,ARTEMIS GOLD INC,892629080,Materials,Metals & Mining
ARIZF,AFFINITY METALS CORP,684000,Materials,Metals & Mining
ARKAY,Arkema SA - ADR,7832853360,Materials,Chemicals
ARNGF,ARGONAUT GOLD INC,421253310,Materials,Metals & Mining
ARREF,AMERIGO RESOURCES LTD,171423200,Materials,Metals & Mining
ARRKF,ARRAS MINERALS CORP,12515680,Materials,Metals & Mining
ARSMF,ARES STRATEGIC MINING  INC,22657160,Materials,Metals & Mining
ARXRF,IMAGINE LITHIUM INC,12221340,Materials,Metals & Mining
ASCUF,ARIZONA SONORAN COPP COM INC,122981330,Materials,Metals & Mining
ASDRF,ASCENDANT RESOURCES INC,10903580,Materials,Metals & Mining
ASDZF,ARCTIC STAR EXPLORATION CP,2985080,Materials,Metals & Mining
ASGOF,ASANTE GOLD CORP,567439360,Materials,Metals & Mining
ASH,Ashland Inc,4392890930,Materials,Chemicals
ASIX,AdvanSix Inc,884558570,Materials,Chemicals
ASLRF,ALIEN METALS LTD,53851570,Materials,Metals & Mining
ASM,Avino Silver & Gold Mines Ltd,72064370,Materials,Metals & Mining
ASPI,ASP Isotopes Inc,44863200,Materials,Chemicals
ASPN,Aspen Aerogels Inc,433177190,Materials,Chemicals
ASTL,Algoma Steel Group Inc,792044930,Materials,Metals & Mining
ASWRF,Gungnir Resources Inc,4462200,Materials,Metals & Mining
ATAO,Altair International Corp,1185220,Materials,Metals & Mining
ATBHF,ASTON BAY HOLDINGS LTD,28927390,Materials,Metals & Mining
ATCMF,ATICO MINING CORP,13438490,Materials,Metals & Mining
ATCUF,ALTA COPPER CORP,26274750,Materials,Metals & Mining
ATCV,ATC Venture Group Inc,0,Materials,Metals & Mining
ATI,ATI Inc,5808184450,Materials,Metals & Mining
ATLDF,Atlanta Gold Inc,7610,Materials,Metals & Mining
ATLMF,ATALAYA MINING PLC,516153510,Materials,Metals & Mining
ATLX,Atlas Lithium Corp,275087060,Materials,Metals & Mining
ATR,"AptarGroup, Inc.",8395300480,Materials,Containers & Packaging
ATUSF,ALTIUS MINERALS CORP,747602780,Materials,Metals & Mining
AU,AngloGold Ashanti Limited (ADR),6957382500,Materials,Metals & Mining
AUCOY,POLYMETAL INTL PLC,805164200,Materials,Metals & Mining
AUGG,AUGUSTA GOLD CORP,51729860,Materials,Metals & Mining
AUIAF,AURANIA RESOURCES LTD,14476440,Materials,Metals & Mining
AUMBF,1911 GOLD CORP,4101150,Materials,Metals & Mining
AUMC,AURYN MINING CORP,31500000,Materials,Metals & Mining
AUMN,Golden Minerals Co,7015290,Materials,Metals & Mining
AUNFF,AURCANA SILVER CORP,3493190,Materials,Metals & Mining
AURQF,AURELIUS MINERALS INC,3526200,Materials,Metals & Mining
AUST,Austin Gold Corp,11228110,Materials,Metals & Mining
AUSVF,GOLD79 MINES LTD,3443380,Materials,Metals & Mining
AUXXF,ALLEGIANT GOLD LTD,11056900,Materials,Metals & Mining
AVD,American Vanguard Corp.,396974350,Materials,Chemicals
AVGDF,AVIDIAN GOLD CORP,2317640,Materials,Metals & Mining
AVLNF,AVALON ADVANCED MATERIALS,54632560,Materials,Metals & Mining
AVNT,Avient Corp,3581304920,Materials,Chemicals
AVPMF,AVRUPA MINERALS LTD,1064100,Materials,Metals & Mining
AVY,Avery Dennison Corp,14901005440,Materials,Containers & Packaging
AWCMY,Alumina Limited (ADR),2016447980,Materials,Metals & Mining
AWLIF,AMERIWEST LITHIUM INC,6751650,Materials,Metals & Mining
AXDDF,AZUCAR MINERALS LTD,4525720,Materials,Metals & Mining
AXMIF,AXMIN INC,4483130,Materials,Metals & Mining
AXREF,AMARC RESOURCES LTD,14256470,Materials,Metals & Mining
AXTA,Axalta Coating Systems Ltd,6066875230,Materials,Chemicals
AXVEF,CDN MAVERICK CAP CORP,7975280,Materials,Metals & Mining
AXXDF,ALDERON IRON ORE CORP,1420,Materials,Metals & Mining
AYASF,AYA GOLD & SILVER INC,674035560,Materials,Metals & Mining
AZGFF,AZTECA GOLD CORP,0,Materials,Metals & Mining
AZMCF,ARIZONA METALS CORP,226746070,Materials,Metals & Mining
AZMTF,AZIMUT EXPLORATION INC,63171560,Materials,Metals & Mining
AZZTF,AZTEC MINERALS CORP,15507320,Materials,Metals & Mining
BAJFF,CAMROVA RESOURCES INC,2300,Materials,Metals & Mining
BALL,Ball Corp,16872984750,Materials,Containers & Packaging
BARUF,BARU GOLD CORP,8472480,Materials,Metals & Mining
BASA,Basanite Inc,11597280,Materials,Chemicals
BASFY,BASF SE (ADR),43680038910,Materials,Chemicals
BBBMF,HUNTSMAN EXPLORATION INC,735930,Materials,Metals & Mining
BBBXF,BRIXTON METALS CORP,47732660,Materials,Metals & Mining
BBSRF,BLUESTONE RESOURCES INC,32234360,Materials,Metals & Mining
BCEKF,BEAR CREEK MINING CORP,50567280,Materials,Metals & Mining
BCPC,Balchem Corp,4320804800,Materials,Chemicals
BCUFF,BELL COPPER CORP,15107160,Materials,Metals & Mining
BDRGF,JAEGER RESOURCES CORP,137900,Materials,Metals & Mining
BELDF,BATERO GOLD CORP,2303640,Materials,Metals & Mining
BELMF,BELMONT RESOURCES INC,12650,Materials,Metals & Mining
BENZF,BENZ MINING CORP,40682650,Materials,Metals & Mining
BERY,Berry Global Group Inc,7443252500,Materials,Containers & Packaging
BEVVF,BEE VECTORING TECHNOLOGIES,6860640,Materials,Chemicals
BFFAF,BASF SE,45884556020,Materials,Chemicals
BGADF,BRIGADIER GOLD LTD,5110560,Materials,Metals & Mining
BGAVF,BRAVADA GOLD CORP,3883350,Materials,Metals & Mining
BHLL,Bunker Hill Mining Corp,31744400,Materials,Metals & Mining
BHP,BHP Group Ltd (ADR),148412476440,Materials,Metals & Mining
BHPLF,BHP GROUP LTD,146952910080,Materials,Metals & Mining
BHSIF,BAYHORSE SILVER INC,3742190,Materials,Metals & Mining
BIONQ,BIONITROGEN HOLDINGS CORP,0,Materials,Chemicals
BIOX,Bioceres Crop Solutions Corp,740659590,Materials,Chemicals
BITTF,BITTERROOT RESOURCES LTD,2651260,Materials,Metals & Mining
BKIRF,BLACK IRON INC,19129150,Materials,Metals & Mining
BKMM,Bekem Metals Inc,0,Materials,Metals & Mining
BKMNF,BARKER MINERALS LTD,17990,Materials,Metals & Mining
BKRRF,BLACKROCK SILVER CORP,42816220,Materials,Metals & Mining
BKSLF,BANKS ISLAND GOLD LTD,0,Materials,Metals & Mining
BLAGF,BLUE LAGOON RESOURS INC,11351870,Materials,Metals & Mining
BLGO,BioLargo Inc,48108360,Materials,Chemicals
BLIDF,BOLIDEN AB,8060369170,Materials,Metals & Mining
BLNMF,BLUE NOTE MINING INC,793810,Materials,Metals & Mining
BLSFY,BLUESCOPE STEEL LTD,5984628000,Materials,Metals & Mining
BLTH,American Battery Materials Inc,36328070,Materials,Metals & Mining
BLXX,Blox Inc,1322710,Materials,Metals & Mining
BMOOF,BLUE MOON METALS INC,1491830,Materials,Metals & Mining
BMTLF,BEMETALS CORP,21911960,Materials,Metals & Mining
BMXI,Brookmount Gold Corp,3160230,Materials,Metals & Mining
BNCHD,THESIS GOLD INC,99205550,Materials,Metals & Mining
BNTRF,BENTON RESOURCES INC,4502070,Materials,Metals & Mining
BOALY,BORAL LTD,3251351880,Materials,Construction Materials
BON,Bon Natural Life Ltd,6966250,Materials,Chemicals
BONXF,BONTERRA RESOURCES INC,18470050,Materials,Metals & Mining
BORK,BOURQUE INDUSTRIES INC,1222840,Materials,Metals & Mining
BRCNF,BURCON NUTRASCIENCE CORP,12179270,Materials,Chemicals
BRGC,BrightRock Gold Corp,185078880,Materials,Metals & Mining
BRIOF,MAGNA TERRA MINERALS INC,820270,Materials,Metals & Mining
BRLL,Barrel Energy Inc,4346770,Materials,Metals & Mining
BRNE,Borneo Resource Investments Ltd,3568140,Materials,Metals & Mining
BRSGF,QUEEN'S RD CAP INVST LTD,211856730,Materials,Metals & Mining
BRSLF,BARSELE MINERALS CORP,19261620,Materials,Metals & Mining
BRTE,"Brightec, Inc.",0,Materials,Chemicals
BRUZF,CANADA CARBON INC,6800160,Materials,Metals & Mining
BRVMF,BRAVO MINING CORP,349358750,Materials,Metals & Mining
BRVVF,QUANTUM BATTERY METALS CORP,11659800,Materials,Metals & Mining
BRWXF,BRUNSWICK EXPLORATION INC,134891580,Materials,Metals & Mining
BSND,BOSTON SAND & GRAVEL CO,108000000,Materials,Construction Materials
BSXGF,BELO SUN MINING CORP,20031220,Materials,Metals & Mining
BTG,B2GOLD CORP,3896718720,Materials,Metals & Mining
BTLLF,NORTH PEAK RESOURCES LTD,24531360,Materials,Metals & Mining
BTRMF,BATTERY MINRL RESO CORP,21196720,Materials,Metals & Mining
BTUMF,BTU METALS CORP,2690670,Materials,Metals & Mining
BVLDF,BOLD VENTURES INC,1283910,Materials,Metals & Mining
BVN,Compania de Minas Buenaventura SAA (ADR),2119788830,Materials,Metals & Mining
BVTEF,ICONIC MINERALS LTD,2696090,Materials,Metals & Mining
BWCGF,BLACKWOLF COPPER & GOLD LTD,8504340,Materials,Metals & Mining
BXXRF,EXGEN RESOURCES INC,3271320,Materials,Metals & Mining
BYAGF,BANYAN GOLD CORP,67874080,Materials,Metals & Mining
BZDLF,KINCORA COPPER LTD,1832310,Materials,Metals & Mining
CADNF,CASCADES INC,977495990,Materials,Containers & Packaging
CAEN,California-Engels Mining Company,2006050,Materials,Paper & Forest Products
CAFZF,CANAF INVESTMENTS INC,3556950,Materials,Metals & Mining
CAHPF,EVOLUTION MINING LTD,4261222880,Materials,Metals & Mining
CAMZF,CAMINO MINERALS CORP,8666500,Materials,Metals & Mining
CASXF,CASA MINERALS INC,4545820,Materials,Metals & Mining
CATPF,GIYANI METALS CORP,38430600,Materials,Metals & Mining
CBBLF,CBLT INC,2056780,Materials,Metals & Mining
CBEEF,CABO DRILLING CORP,0,Materials,Metals & Mining
CBGZF,CABRAL GOLD INC,17719020,Materials,Metals & Mining
CBLRF,CAMPBELL RESOURCES INC,4690,Materials,Metals & Mining
CBNT,C-Bond Systems Inc,1935970,Materials,Chemicals
CBRSF,CHAMPION BEAR RESOURCES LTD,731450,Materials,Metals & Mining
CBT,Cabot Corp,4035854550,Materials,Chemicals
CBULF,GRATOMIC INC,35846150,Materials,Metals & Mining
CBUMF,CHINA NATIONAL BUILDING,4779984730,Materials,Construction Materials
CBUMY,CHINA NATIONAL BUILDING,2414561450,Materials,Construction Materials
CC,Chemours Co,4953916030,Materials,Chemicals
CCAJ,COASTAL CAPITAL ACQUISITION,3399740,Materials,Construction Materials
CCARF,COLONIAL COAL INTL CORP,214242860,Materials,Metals & Mining
CCDBF,CCL INDUSTRIES  -CL B,7370347570,Materials,Containers & Packaging
CCEDF,CASCADERO COPPER CORP,3091340,Materials,Metals & Mining
CCF,Chase Corporation,1203109040,Materials,Chemicals
CCHI,"Cambridge Capital Holdings, Inc.",0,Materials,Metals & Mining
CCK,"Crown Holdings, Inc.",11143141640,Materials,Containers & Packaging
CCLLF,CCL INDUSTRIES  -CL B,565771640,Materials,Containers & Packaging
CCNCF,KAIZEN DISCOVERY INC,9232020,Materials,Metals & Mining
CCOB,Century Cobalt Corp,10440,Materials,Metals & Mining
CCWOF,CANADA SILVER COBLT WRKS INC,7831350,Materials,Metals & Mining
CDBMF,CORDOBA MINERALS CORP,22594040,Materials,Metals & Mining
CDBT,China Dasheng Biotechnology Co,2048800,Materials,Chemicals
CDE,Coeur Mining Inc,828169580,Materials,Metals & Mining
CDELF,CANDELARIA MINING CORP,2697750,Materials,Metals & Mining
CE,Celanese Corporation,13720250340,Materials,Chemicals
CEGMF,CERRO GRANDE MINING CORP,843580,Materials,Metals & Mining
CELTF,CENTAMIN PLC,1297444960,Materials,Metals & Mining
CENX,Century Aluminum Co,689192100,Materials,Metals & Mining
CEUMF,CENTURY GLOBAL COMMODITIES,8747170,Materials,Metals & Mining
CF,"CF Industries Holdings, Inc.",15980918100,Materials,Chemicals
CFPUF,CANFOR PULP PRODUCTS INC,89696750,Materials,Paper & Forest Products
CFPZF,CANFOR CORP,1784864320,Materials,Paper & Forest Products
CFXTF,CONIFEX TIMBER INC,36469670,Materials,Paper & Forest Products
CGA,"China Green Agriculture, Inc",30777640,Materials,Chemicals
CGAU,CENTERRA GOLD INC,1233003040,Materials,Metals & Mining
CGCO,Commerce Group Corp.,0,Materials,Metals & Mining
CGDXF,XALI GOLD CORP,4432600,Materials,Metals & Mining
CGIFF,CHEMTRADE LOGISTICS INCM FD,758478120,Materials,Chemicals
CGLCF,CASSIAR GOLD CORP,25632480,Materials,Metals & Mining
CGLD,Eon Discovery Group Inc,532460,Materials,Metals & Mining
CGMLF,CHALICE MINING LTD,723471180,Materials,Metals & Mining
CGOLF,CONTACT GOLD CORP,4284050,Materials,Metals & Mining
CHCC,China Chemical Corp,6000,Materials,Chemicals
CHELF,CHAMPION ELECTRIC METALS INC,21143570,Materials,Metals & Mining
CHGS,Ke Ju Holding Group Co Ltd,2680,Materials,Chemicals
CHKKF,CHAKANA COPPER CORP,6357340,Materials,Metals & Mining
CHNR,China Natural Resources Inc,16068080,Materials,Metals & Mining
CHPGF,CHESAPEAKE GOLD CORP,84202010,Materials,Metals & Mining
CHXMF,TROILUS GOLD CORP,62802620,Materials,Metals & Mining
CHYHY,Chr Hansen Holding A/S - ADR,8769973940,Materials,Chemicals
CIAFF,CHAMPION IRON LTD,2043319200,Materials,Metals & Mining
CJCFF,QUEBEC PRECIOUS METALS CORP,5099840,Materials,Metals & Mining
CJIMF,GUNPOINT EXPLORATION LTD,20358000,Materials,Metals & Mining
CLF,Cleveland-Cliffs Inc,7719249350,Materials,Metals & Mining
CLKTF,CalciTech Ltd,2010,Materials,Chemicals
CLLXF,CALLINEX MINES INC,27467970,Materials,Metals & Mining
CLRMF,CLEAN AIR METALS INC,8954440,Materials,Metals & Mining
CLW,Clearwater Paper Corp,598241840,Materials,Paper & Forest Products
CMAUF,CHIBOUGAMAU INDEPENDNT MINES,6411930,Materials,Metals & Mining
CMC,Commercial Metals Company,6594321490,Materials,Metals & Mining
CMCL,Caledonia Mining Corporation Plc (USA),191496240,Materials,Metals & Mining
CMCXF,CMC METALS LTD,10418100,Materials,Metals & Mining
CMDRF,COMMANDER RESOURCES LTD,3374080,Materials,Metals & Mining
CMILF,CAPELLA MINERALS LTD,3338090,Materials,Metals & Mining
CMLGF,CANICKEL MINING LTD,1921020,Materials,Metals & Mining
CMMMF,COMSTOCK METALS LTD,599370,Materials,Metals & Mining
CMP,"Compass Minerals International, Inc.",1192761740,Materials,Metals & Mining
CMRZF,COMMERCE RESOURCES CORP,6639830,Materials,Metals & Mining
CMT,"Core Molding Technologies, Inc.",217655900,Materials,Chemicals
CMTOY,CEMENTOS ARGOS SA,992567040,Materials,Construction Materials
CNDGF,CONDOR GOLD PLC,63716630,Materials,Metals & Mining
CNEY,CN ENERGY GROUP Inc,8762440,Materials,Chemicals
CNIKF,CANADA NICKEL CO INC,127314660,Materials,Metals & Mining
CNLMF,COLLECTIVE MINING LTD,267772990,Materials,Metals & Mining
CNMXF,CANAMEX GOLD CORP,0,Materials,Metals & Mining
CNOBF,HEMLO EXPLORERS INC,2644800,Materials,Metals & Mining
CNRIF,CONDOR RESOURCES INC,39502400,Materials,Metals & Mining
CNRSF,CANADIAN NORTH RESOURCES INC,--,Materials,Metals & Mining
CNSUF,CANASIL RESOURCES INC,1371480,Materials,Metals & Mining
CODQL,CORONADO GLOBAL RESOURCES,1575866760,Materials,Metals & Mining
COIHY,CRODA INTERNATIONAL PLC,9387694670,Materials,Chemicals
COLTF,COLT RESOURCES INC,0,Materials,Metals & Mining
COLUF,COLOSSUS MINERALS INC,90,Materials,Metals & Mining
COMCF,CANADA ONE MINING CORP,--,Materials,Metals & Mining
CONXF,NICKEL 28 CAPITAL CORP,77967950,Materials,Metals & Mining
COPAF,COPAUR MINERALS INC,20206650,Materials,Metals & Mining
COSRF,COSIGO RESOURCES LTD,2196620,Materials,Metals & Mining
COVTY,COVESTRO AG,9728629070,Materials,Chemicals
CPAC,Cementos Pacasmayo SAA - ADR,440824800,Materials,Construction Materials
CPCPF,COPPERCORP RESOURCES INC,--,Materials,Metals & Mining
CPEFF,VOYAGEUR MINERAL EXPLORERS,9487370,Materials,Metals & Mining
CPFXF,COPPER FOX METALS INC,82335300,Materials,Metals & Mining
CPKOF,AKWAABA MINING LTD,430890,Materials,Metals & Mining
CPNFF,EURO SUN MINING INC,8617660,Materials,Metals & Mining
CPPKF,FARADAY COPPER CORP,91174150,Materials,Metals & Mining
CQRLF,CONQUEST RESOURCES LTD,1961520,Materials,Metals & Mining
CRCUF,Canagold Resources Ltd (USA),26525350,Materials,Metals & Mining
CRDOF,CERRADO GOLD INC,41713870,Materials,Metals & Mining
CRECF,CRITICAL ELEMENTS LITHM CORP,262648710,Materials,Metals & Mining
CRGP,Calissio Resources Group Inc,77680,Materials,Metals & Mining
CRH,CRH PLC (ADR),39714487940,Materials,Construction Materials
CRHCF,CRH PLC,40155029870,Materials,Construction Materials
CRKN,Crown Electrokinetics Corp.,3683180,Materials,Chemicals
CROOF,CARIBOO ROSE RESOURCES LTD,1898480,Materials,Metals & Mining
CRPOF,CEAPRO INC,26533500,Materials,Chemicals
CRS,Carpenter Technology Corporation,3033949280,Materials,Metals & Mining
CRSXF,CORSA COAL CORP,55182760,Materials,Metals & Mining
CSCCF,CAPSTONE COPPER CORP,3154659730,Materials,Metals & Mining
CSGH,China Sun Group High-Tech Co,0,Materials,Chemicals
CSNVY,CORBION NV,1416624700,Materials,Chemicals
CSRNF,CANSTAR RESOURCES INC,2758580,Materials,Metals & Mining
CSTF,CuraScientific Corp,391990,Materials,Chemicals
CSTM,Constellium SE,2592107100,Materials,Metals & Mining
CTCGF,C2C GOLD CORP,4373460,Materials,Metals & Mining
CTCK,Coattec Industries Inc,0,Materials,Chemicals
CTGO,Contango ORE Inc,175312840,Materials,Metals & Mining
CTMCF,CANTERRA MINERALS CORP,4610760,Materials,Metals & Mining
CTVA,Corteva Inc,36347014440,Materials,Chemicals
CTXDF,CANTEX MINE DEVELOPMENT CORP,15069300,Materials,Metals & Mining
CTXXF,CEMATRIX CORP,19364300,Materials,Construction Materials
CUAUF,C3 METALS INC,20271420,Materials,Metals & Mining
CUIRF,CURRIE ROSE RESOURCES INC,2437970,Materials,Metals & Mining
CURUF,CONSOLIDATED URANIUM INC,121106480,Materials,Metals & Mining
CVVTF,COVESTRO AG,10519353600,Materials,Chemicals
CWVWF,STORM EXPLORATION INC,7077610,Materials,Metals & Mining
CX,Cemex SAB de CV (ADR),11716394040,Materials,Construction Materials
CXBMF,CALIBRE MINING CORP,499308010,Materials,Metals & Mining
CYDVF,CENTURY LITHIUM CORP,77689080,Materials,Metals & Mining
CYLYF,CEYLON GRAPHITE CORP,6022430,Materials,Metals & Mining
CYMHF,CYMAT TECHNOLOGIES LTD,9886940,Materials,Metals & Mining
CYUXF,BC MOLY LTD,4454450,Materials,Metals & Mining
DANR,Dana Resources Peru SAC,0,Materials,Metals & Mining
DAUGF,DESERT GOLD VENTURES INC,5863980,Materials,Metals & Mining
DBGF,Panex Resources Inc,0,Materials,Metals & Mining
DBLVF,DOUBLEVIEW GOLD CORP,45906570,Materials,Metals & Mining
DC,Dakota Gold Corp,214224200,Materials,Metals & Mining
DD,DuPont de Nemours Inc,34661400800,Materials,Chemicals
DDNFF,ADAMERA MINERALS CORP,3384730,Materials,Metals & Mining
DECXF,DECADE RESOURCES LTD,10985700,Materials,Metals & Mining
DFIFF,DFR GOLD INC,9083550,Materials,Metals & Mining
DFMTF,DEFENSE METALS CORP,37049730,Materials,Metals & Mining
DGDCF,DYNASTY GOLD CORP,12561950,Materials,Metals & Mining
DIOSF,DIOS EXPLORATION INC,13341020,Materials,Metals & Mining
DMDD,Diamond Discoveries International Corp,44830,Materials,Metals & Mining
DMEHF,DESERT MOUNTAIN ENERGY CORP,27658520,Materials,Metals & Mining
DMIFF,DIAMCOR MINING INC,10280240,Materials,Metals & Mining
DMNKF,DNI METALS INC,13270,Materials,Metals & Mining
DMXCF,DISTRICT METALS CORP,12837720,Materials,Metals & Mining
DNA,Ginkgo Bioworks Holdings Inc,4402947930,Materials,Chemicals
DNCVF,DEFIANCE SILVER CORP,19236170,Materials,Metals & Mining
DNGDF,DYNACOR GROUP INC,88193500,Materials,Metals & Mining
DNMR,Danimer Scientific Inc,195907200,Materials,Chemicals
DNRSF,DENARIUS METALS CORP,24029110,Materials,Metals & Mining
DOLLF,DOLLY VARDEN SILVER CORP,127500000,Materials,Metals & Mining
DOW,Dow Inc,38166426380,Materials,Chemicals
DPMLF,DUNDEE PRECIOUS METLS  -CL A,1123623600,Materials,Metals & Mining
DRCMF,DORE COPPER MINING CORP,9425270,Materials,Metals & Mining
DRD,DRDGOLD Ltd (ADR),839172750,Materials,Metals & Mining
DRRSF,ARIANNE PHOSPHATE INC,48119800,Materials,Metals & Mining
DSCR,Discovery Minerals Ltd,743790,Materials,Metals & Mining
DSCVF,DISCOVERY CORP ENTERPRISES,720930,Materials,Metals & Mining
DSMTF,DEEP-SOUTH RESOURCES INC,7113750,Materials,Metals & Mining
DSVSF,DISCOVERY SILVER CORP,228671730,Materials,Metals & Mining
DTARF,DELTA RESOURCES LTD,28918980,Materials,Metals & Mining
DTEMF,Ditem Explorations Inc,920,Materials,Metals & Mining
DTWOF,D2 LITHIUM CORP,3279000,Materials,Metals & Mining
DUVNF,PERUVIAN METALS CORP,3989720,Materials,Metals & Mining
DYNR,Dynaresource Inc,56729850,Materials,Metals & Mining
ECL,Ecolab Inc,52034381870,Materials,Chemicals
ECMLF,ECOMETALS LTD,9310,Materials,Metals & Mining
ECMXF,UNIVERSAL COPPER LTD,2669580,Materials,Metals & Mining
ECORF,ELCORA ADVANCED MATERIALS CP,4327290,Materials,Metals & Mining
ECPN,El Capitan Precious Metals Inc,875520,Materials,Metals & Mining
ECRAF,ECORA RESOURCES PLC,340431960,Materials,Metals & Mining
ECRFF,CARTIER RESOURCES INC,27734990,Materials,Metals & Mining
ECRTF,ATEX RESOURCES INC,106025650,Materials,Metals & Mining
ECSNF,ECOSYNTHETIX INC,184437320,Materials,Chemicals
ECVT,Ecovyst Inc,1181020500,Materials,Chemicals
EDVMF,ENDEAVOUR MINING PLC,4935426300,Materials,Metals & Mining
EDWZF,EDGEWATER EXPLORATION LTD,2335440,Materials,Metals & Mining
EEMMF,E3 LITHIUM LTD,204652910,Materials,Metals & Mining
EESE,Energy and Environmental Services Inc,8599360,Materials,Chemicals
EFRGF,PASOFINO GOLD LTD,17752880,Materials,Metals & Mining
EFRMF,EAST AFRICA METALS INC,2451360,Materials,Metals & Mining
EGDD,Eastern Goldfields Inc,943530,Materials,Metals & Mining
EGDFF,ENERGOLD DRILLING CORP,0,Materials,Metals & Mining
EGMCF,EMERGENT METALS CORP,1998610,Materials,Metals & Mining
EGO,Eldorado Gold Corp (USA),1944326840,Materials,Metals & Mining
EGPLF,EAGLE PLAINS RESOURCES LTD,11378000,Materials,Metals & Mining
EKWX,EKWAN X INC,0,Materials,Metals & Mining
ELBM,ELECTRA BATTERY MATERIALS CO,38985380,Materials,Metals & Mining
ELCGF,ELECTRA STONE LTD,0,Materials,Metals & Mining
ELEMF,ELEMENTAL ALTUS ROYALTS CORP,153449570,Materials,Metals & Mining
ELRFF,EASTERN PLATINUM LTD,15606950,Materials,Metals & Mining
ELRRF,ELORO RESOURCES LTD,133879670,Materials,Metals & Mining
EMEXF,EMERALD PLANTATION HOLDINGS,3300000,Materials,Paper & Forest Products
EMGDF,EMINENT GOLD CORP,10866670,Materials,Metals & Mining
EMN,Eastman Chemical Co,9713293080,Materials,Chemicals
EMOTF,EMERITA RESOURCES CORP,77073190,Materials,Metals & Mining
EMPYF,EMPRESS ROYALTY CORP,26123300,Materials,Metals & Mining
EMTRF,ELEMENT 29 RESOURCES INC,11772410,Materials,Metals & Mining
EMX,EMX ROYALTY CORP,205998720,Materials,Metals & Mining
ENCTF,ENCANTO POTASH CORP,90090,Materials,Chemicals
ENDGF,ENDURANCE GOLD CORP,22591900,Materials,Metals & Mining
ENDMF,ENDURO METALS CORP,13013730,Materials,Metals & Mining
ENEVF,ENEREV5 METALS INC,2748350,Materials,Metals & Mining
ENRT,Enertopia Corp,2505930,Materials,Metals & Mining
EOXFF,EUROMAX RESOURCES LTD,26127490,Materials,Metals & Mining
EQMEF,EQUITY METALS CORP,12584480,Materials,Metals & Mining
EQTRF,ALTAMIRA GOLD CORP,18039780,Materials,Metals & Mining
EQTXF,LAKE WINN RESOURCES CORP,3448600,Materials,Metals & Mining
EQX,Equinox Gold Corp,1477109840,Materials,Metals & Mining
ERDCF,ERDENE RESOURCE DEVELOPMENT,79595000,Materials,Metals & Mining
ERLFF,Entree Resources Ltd,202413900,Materials,Metals & Mining
ERMAF,ERAMET,2142933360,Materials,Metals & Mining
ERMAY,ERAMET,2116603930,Materials,Metals & Mining
ERO,ERO COPPER CORP,1884746640,Materials,Metals & Mining
EROSF,EROS RESOURCES CORP,2251560,Materials,Metals & Mining
ERRSF,EURO RESSOURCES SA,215593950,Materials,Metals & Mining
ERVFF,BORON ONE HOLDINGS INC,8001530,Materials,Metals & Mining
ESGI,EnSurge Inc,78410,Materials,Metals & Mining
ESI,Element Solutions Inc,5036294810,Materials,Chemicals
ESKYF,ESKAY MINING CORP,117818620,Materials,Metals & Mining
ESXMD,OPTEGRA VENTURES INC,458180,Materials,Metals & Mining
ETCK,EnerTeck Corp,764000,Materials,Chemicals
ETEK,Eco-Tek Group Inc,2201920,Materials,Chemicals
ETFLF,EASTFIELD RESOURCES LTD,1433500,Materials,Metals & Mining
ETPHF,AGRIMINCO CORP,0,Materials,Metals & Mining
EUBG,Entrepreneur Universe Bright Group,612425160,Materials,Metals & Mining
EUUNF,Azarga Metals Corp (USA),1123630,Materials,Metals & Mining
EVGDF,ELEVATION GOLD MINING CORP,8982950,Materials,Metals & Mining
EVGUF,EVERGOLD CORP,2658520,Materials,Metals & Mining
EVKRF,GRID BATTERY METALS INC,20664690,Materials,Metals & Mining
EVXXF,EUROPEAN ELECTRIC METALS INC,18109080,Materials,Metals & Mining
EXK,Endeavour Silver Corp,513233400,Materials,Metals & Mining
EXMGF,EXCELSIOR MINING CORP,38115550,Materials,Metals & Mining
EXNRF,EXCELLON RESOURCES INC,2952880,Materials,Metals & Mining
EXP,Eagle Materials Inc,6546416320,Materials,Construction Materials
EXRG,Ecologix Resource Group Inc,0,Materials,Paper & Forest Products
FCSMF,FOCUS GRAPHITE INC,11005750,Materials,Metals & Mining
FCX,Freeport-McMoRan Inc,58528189700,Materials,Metals & Mining
FDMIF,FOUNDERS METALS INC,--,Materials,Metals & Mining
FEAM,5E Advanced Materials Inc,100817040,Materials,Metals & Mining
FEERF,FREEPORT RESOURCES INC,3524120,Materials,Metals & Mining
FEMFF,FE Battery Metals Corp,17313540,Materials,Metals & Mining
FEOVF,OCEANIC IRON ORE CORP,6223260,Materials,Metals & Mining
FEXXF,FJORDLAND EXPLORATION INC,1136220,Materials,Metals & Mining
FF,FutureFuel Corp,300651810,Materials,Chemicals
FFMGF,FIRST MINING GOLD CORP,84594010,Materials,Metals & Mining
FFOXF,FIREFOX GOLD CORP,5836520,Materials,Metals & Mining
FGOVF,Freegold Ventures Ltd (ADR),132738250,Materials,Metals & Mining
FKMCF,FOKUS MINING CORPORATION,4759360,Materials,Metals & Mining
FLDPF,FRONTLINE GOLD CORP,73280,Materials,Metals & Mining
FLMMF,FILO CORP,2087103330,Materials,Metals & Mining
FLMTF,FULL METAL MINERALS LTD,1007790,Materials,Metals & Mining
FMANF,FREEMAN GOLD CORP,12891840,Materials,Metals & Mining
FMC,FMC Corp,10306782890,Materials,Chemicals
FMCXF,FORAN MINING CORP,759846800,Materials,Metals & Mining
FMST,FOREMOST LTHM RES & TECH LTD,23341910,Materials,Metals & Mining
FMXVF,AMILOT CAPITAL INC,524120,Materials,Metals & Mining
FNCJF,FANCAMP EXPLORATION LTD,11950270,Materials,Metals & Mining
FNLPF,FRESNILLO PLC,5025617080,Materials,Metals & Mining
FNV,FRANCO-NEVADA CORP,27198970720,Materials,Metals & Mining
FOYJ,FOY JOHNSTON INC,0,Materials,Chemicals
FPLSF,5N PLUS INC,238828500,Materials,Chemicals
FPOCF,FPX NICKEL CORP,83122880,Materials,Metals & Mining
FPRGF,FALCO RESOURCES LTD,25555490,Materials,Metals & Mining
FPVTF,GOLDEN PURSUIT RESOURCES LTD,4620670,Materials,Metals & Mining
FQVLF,FIRST QUANTUM MINERALS LTD,17823097560,Materials,Metals & Mining
FRACF,FORACO INTL SA,130020120,Materials,Metals & Mining
FRD,Friedman Industries Inc,100078750,Materials,Metals & Mining
FREDF,FREDONIA MINING INC,43739570,Materials,Metals & Mining
FRERF,FREMONT GOLD LTD,1597930,Materials,Metals & Mining
FRMA,Firma Holdings Corp,2043150,Materials,Metals & Mining
FSI,Flexible Solutions International Inc,35940040,Materials,Chemicals
FSM,FORTUNA SILVER MINES INC,840017060,Materials,Metals & Mining
FSTTF,FIRST TELLURIUM CORP,5835330,Materials,Metals & Mining
FSUGY,FORTESCUE METAL GROUP,41539840430,Materials,Metals & Mining
FSUMF,FORTESCUE METAL GROUP,38171745260,Materials,Metals & Mining
FSVEF,FIRESTONE VENTURES INC,11260,Materials,Metals & Mining
FSXLF,FOSTERVILLE SOUTH EXPLOR LTD,18765730,Materials,Metals & Mining
FTBYF,FORTUNE BAY CORP,5965050,Materials,Metals & Mining
FTCO,Fortitude Gold Corp,145714250,Materials,Metals & Mining
FTK,Flotek Industries Inc,125883230,Materials,Chemicals
FTMDF,FORTUNE MINERALS LTD,13135210,Materials,Metals & Mining
FUL,H.B. Fuller Company,3836352050,Materials,Chemicals
FUPBY,FUCHS SE,2692847150,Materials,Chemicals
FURY,FURY GOLD MINES LTD,59528720,Materials,Metals & Mining
FUSEF,FUSE BATTERY METALS INC,5356550,Materials,Metals & Mining
FUTS,Future Science Holdings Inc,2278910,Materials,Metals & Mining
FWEDF,FIREWEED METALS CORP,145380900,Materials,Metals & Mining
FXRVF,FOX RIVER RESOURCES CORP,13133150,Materials,Metals & Mining
FYMNF,FINLAY MINERALS LTD,2789840,Materials,Metals & Mining
GALKF,GALANTAS GOLD CORP,19440510,Materials,Metals & Mining
GALOF,GALORE RESOURCES INC,1888130,Materials,Metals & Mining
GARWF,GOLDEN ARROW RESOURCES CORP,7795990,Materials,Metals & Mining
GATO,Gatos Silver Inc,317107770,Materials,Metals & Mining
GAU,Galiano Gold Inc,143513630,Materials,Metals & Mining
GAYGF,MONTAUK METALS INC,1248840,Materials,Metals & Mining
GAYMF,GALWAY METALS INC,15378190,Materials,Metals & Mining
GBARF,MONARCH MINING CORP,3608820,Materials,Metals & Mining
GBBFF,GRANADA GOLD MINE INC,3010860,Materials,Metals & Mining
GBBGF,GLOBAL LI ION GRAPHITE CORP,1172660,Materials,Metals & Mining
GBGD,Global Gold Corp,177600,Materials,Metals & Mining
GBMIF,GREEN BATTERY MINERALS INC,2321780,Materials,Metals & Mining
GBMS,GLOBAL MATERIALS & SERVICES,0,Materials,Chemicals
GBRCF,Gold Bull Resources Corp,3688010,Materials,Metals & Mining
GBRIF,Golden Band Resources Inc,28470,Materials,Metals & Mining
GBRRF,GABRIEL RESOURCES LTD,328364000,Materials,Metals & Mining
GCCFF,GOLDEN CARIBOO RESOURCES LTD,2450960,Materials,Metals & Mining
GCFFF,GOLDCLIFF RESOURCE CORP,1431170,Materials,Metals & Mining
GCRIF,ROGUE RESOURCES INC,482750,Materials,Metals & Mining
GCXXF,GRANITE CREEK COPPER LTD,6269950,Materials,Metals & Mining
GDMRF,CANXGOLD MINING CORP,331570,Materials,Metals & Mining
GDNPF,GOOD NATURED PRODS INC,17518170,Materials,Chemicals
GDPEF,RESOURCE CAP GOLD CORP,0,Materials,Metals & Mining
GDQMF,GOLDQUEST MINING CORP,17149120,Materials,Metals & Mining
GDRZF,GOLD RESERVE INC,291675640,Materials,Metals & Mining
GDSKF,NEVADA ZINC CORP,2169180,Materials,Metals & Mining
GDXRF,GOLDEX RESOURCES CORP,907670,Materials,Metals & Mining
GEF,"Greif, Inc.",1783180000,Materials,Containers & Packaging
GEF.B,GREIF INC  -CL A,1553110110,Materials,Containers & Packaging
GELGF,CHATHAM ROCK PHOSPHATE LTD,7039640,Materials,Chemicals
GENMF,GENERATION MINING LTD,55422130,Materials,Metals & Mining
GEODF,GEODRILL LTD,87273060,Materials,Metals & Mining
GERFF,GLEN EAGLE RESOURCES INC,901420,Materials,Metals & Mining
GESI,GENERAL EUROPEAN STRATEGIC,23938640,Materials,Metals & Mining
GFGSF,GFG RESOURCES INC,16333450,Materials,Metals & Mining
GFI,Gold Fields Limited (ADR),10950344960,Materials,Metals & Mining
GFKRF,OPUS ONE GOLD CORP,4730130,Materials,Metals & Mining
GFTRF,GOLD'N FUTURES MINERALS CORP,1353480,Materials,Metals & Mining
GGAZF,GOLDGROUP MINING INC,735640,Materials,Metals & Mining
GGGOF,GOLCONDA GOLD LTD,7205700,Materials,Metals & Mining
GGIFF,GARIBALDI RESOURCES CORP,12425920,Materials,Metals & Mining
GGLDF,GETCHELL GOLD CORP,14505530,Materials,Metals & Mining
GGLXF,GGL RESOURCES CORP,2443350,Materials,Metals & Mining
GGSM,Gold and GemStone Mining Inc,678700,Materials,Metals & Mining
GGTHF,Golden Goliath Resources Ltd (USA),1742550,Materials,Metals & Mining
GIGGF,GIGA METALS CORP,17916430,Materials,Metals & Mining
GILXF,GITENNES EXPLORATION INC,1093560,Materials,Metals & Mining
GLATF,GLOBAL ATOMIC CORP,270816770,Materials,Metals & Mining
GLBKF,GOLDBANK MINING CORP,12593070,Materials,Metals & Mining
GLBXF,GLOBEX MINING ENTERPRISES,33174860,Materials,Metals & Mining
GLCNF,GLENCORE PLC,66578988630,Materials,Metals & Mining
GLDG,GOLDMINING INC,144455750,Materials,Metals & Mining
GLGDF,GOGOLD RESOURCES INC,326659930,Materials,Metals & Mining
GLGI,Greystone Logistics Inc,27714400,Materials,Chemicals
GLKIF,GREAT LAKES GRAPHITE INC,0,Materials,Metals & Mining
GLNCY,GLENCORE PLC,66609864030,Materials,Metals & Mining
GLT,Glatfelter Corp,92664130,Materials,Paper & Forest Products
GMINF,G MINING VENTURES CORP,392785670,Materials,Metals & Mining
GMTNF,GOLD MOUNTAIN MINING CORP,6622740,Materials,Metals & Mining
GMVMF,GMV MINERALS INC,14844420,Materials,Metals & Mining
GNGXF,INVENTUS MINING CORP,7222490,Materials,Metals & Mining
GNYPF,MASIVO SILVER CORP,1752560,Materials,Metals & Mining
GODZF,GOLDHILLS HOLDING LTD,301200,Materials,Metals & Mining
GOLD,Barrick Gold Corp (USA),28061155980,Materials,Metals & Mining
GOMRF,GEOMEGA RESOURCES INC,18295680,Materials,Metals & Mining
GORAF,GOLDREA RESOURCES CORP,899050,Materials,Metals & Mining
GORIF,GOLDEN RIDGE RESOURCES LTD,3477240,Materials,Metals & Mining
GORO,Gold Resource Corporation,41943150,Materials,Metals & Mining
GOTRF,GOLIATH RESOURCES LTD,40277270,Materials,Metals & Mining
GPHBF,G6 MATERIALS CORP,2537040,Materials,Chemicals
GPHOF,GRAPHITE ONE INC,121318020,Materials,Metals & Mining
GPK,Graphic Packaging Holding Company,6738673280,Materials,Containers & Packaging
GPLDF,Great Panther Mining Ltd,0,Materials,Metals & Mining
GPMTF,GPM METALS INC,2513370,Materials,Metals & Mining
GPPRF,CERRO DE PASCO RESOURCES INC,23351260,Materials,Metals & Mining
GPTRF,GRANDE PORTAGE RESOURCES LTD,16850490,Materials,Metals & Mining
GPXM,"Golden Phoenix Minerals, Inc.",0,Materials,Metals & Mining
GQMLF,GREAT QUEST FERTILIZER LTD,848460,Materials,Metals & Mining
GRCAF,GOLD SPRINGS RESOURCE CORP,20544470,Materials,Metals & Mining
GRLVF,GROUP ELEVEN RES CORP,8223500,Materials,Metals & Mining
GRMC,Goldrich Mining Co,117140,Materials,Metals & Mining
GROY,Gold Royalty Corp,205132550,Materials,Metals & Mining
GRSLF,GR SILVER MINING LTD,6064780,Materials,Metals & Mining
GSDC,GoldSands Development Co,0,Materials,Metals & Mining
GSHRF,GOLDSHORE RESOURCES INC,17301900,Materials,Metals & Mining
GSM,Ferroglobe PLC,1035572850,Materials,Metals & Mining
GSMGF,INDIANA RESOURCES LTD,3214060,Materials,Metals & Mining
GSML,G&S MINERALS INC,14660,Materials,Metals & Mining
GSPI,GREEN STAR PRODUCTS INC,1340790,Materials,Chemicals
GSSRF,GOSSAN RESOURCES LTD,2070830,Materials,Metals & Mining
GSTX,Graphene & Solar Technologies Ltd,37671230,Materials,Metals & Mining
GSVRF,GUANAJUATO SILVER CO LTD,67390680,Materials,Metals & Mining
GTAGF,GOLDEN TAG RESOURCES LTD,16240190,Materials,Metals & Mining
GTCDF,GETTY COPPER INC,1352990,Materials,Metals & Mining
GURE,"Gulf Resources, Inc.",22741760,Materials,Chemicals
GUYGF,G2 GOLDFIELDS INC,92240400,Materials,Metals & Mining
GVDBF,GIVAUDAN SA,27335264310,Materials,Chemicals
GVDNY,GIVAUDAN SA,29993143620,Materials,Chemicals
GWMGF,GREAT WESTERN MINERALS GROUP,0,Materials,Metals & Mining
GWRRF,ENGOLD MINES LTD,981600,Materials,Metals & Mining
GWSAF,GOWEST GOLD LTD,49488400,Materials,Metals & Mining
GXSFF,GOLDSOURCE MINES INC,8311780,Materials,Metals & Mining
GYPHQ,Gryphon Gold Corp,0,Materials,Metals & Mining
GYSLF,ECO ORO MINERALS CORP,2015450,Materials,Metals & Mining
GYST,Graystone Company Inc,682170,Materials,Metals & Mining
GZDIF,GRIZZLY DISCOVERIES INC,5686400,Materials,Metals & Mining
HANNF,HANNAN METALS,17847990,Materials,Metals & Mining
HAYN,"Haynes International, Inc.",603242160,Materials,Metals & Mining
HBEIF,HONEY BADGER SILVER INC,2440150,Materials,Metals & Mining
HBKRF,HIGHBANK RESOURCES LTD,560450,Materials,Metals & Mining
HBM,HUDBAY MINERALS INC,1686120620,Materials,Metals & Mining
HCC,Warrior Met Coal Inc,2155886010,Materials,Metals & Mining
HCGS,HighCom Global Security Inc,77200,Materials,Chemicals
HCMLF,HOLCIM LTD,35698872000,Materials,Construction Materials
HCMLY,Holcim AG (ADR),35105704550,Materials,Construction Materials
HDELY,HEIDELBERG MATERIALS AG,14247853040,Materials,Construction Materials
HDRSF,HIGHLAND COPPER CO INC,49557300,Materials,Metals & Mining
HEEVF,HELIUM EVOLUTION INC,14270650,Materials,Chemicals
HELOF,WINSHEAR GOLD CORP,7834000,Materials,Metals & Mining
HEMP,Hemp Inc,2374050,Materials,Chemicals
HEXPF,ANGEL WING METALS INC,10881540,Materials,Metals & Mining
HFGVF,HANFENG EVERGREEN INC,6020,Materials,Chemicals
HGMCF,HARMONY GOLD MINING CO LTD,2750420400,Materials,Metals & Mining
HGMIF,HIGHGOLD MINING INC,29838740,Materials,Metals & Mining
HGYN,Hong Yuan Holding Group,1336070,Materials,Chemicals
HHHEF,37 CAPITAL INC,1230270,Materials,Metals & Mining
HL,Hecla Mining Company,2577394500,Materials,Metals & Mining
HL-B,Hecla Mining Co,--,Materials,Metals & Mining
HLBZF,HEIDELBERG MATERIALS AG,14894880000,Materials,Construction Materials
HLLXF,HELLIX VENTURES INC,0,Materials,Metals & Mining
HLP,Hongli Group Inc,22764480,Materials,Metals & Mining
HMRFF,HOMERUN RESOURCES INC,30228380,Materials,Metals & Mining
HMY,Harmony Gold Mining Company Ltd(ADR),2506091370,Materials,Metals & Mining
HMZMF,HMZ METALS INC,9870,Materials,Metals & Mining
HNDI,Handeni Gold Inc,460,Materials,Metals & Mining
HPQFF,HPQ SILICON INC,92111950,Materials,Chemicals
HPYCF,HAPPY CREEK MINERALS LTD,3050770,Materials,Metals & Mining
HREEF,STANS ENERGY CORP,18980,Materials,Metals & Mining
HRFEF,HARFANG EXPLORATION INC,7607380,Materials,Metals & Mining
HSHL,Home Solutions Health Inc,0,Materials,Metals & Mining
HSTXF,HELIOSTAR METALS LTD,23939390,Materials,Metals & Mining
HTPRF,HTC PURENERGY INC,284810,Materials,Chemicals
HUDI,"Huadi International Group Co., Ltd.",56335880,Materials,Metals & Mining
HUDRF,HUDSON RESOURCES INC,5376630,Materials,Metals & Mining
HUMT,"Humatech, Inc.",38000,Materials,Chemicals
HUN,Huntsman Corporation,4852086120,Materials,Chemicals
HUSIF,NICOLA MINING INC,43491870,Materials,Metals & Mining
HVGDF,HARVEST GOLD CORP,1065320,Materials,Metals & Mining
HWIN,Makamer Holdings Inc,63607250,Materials,Chemicals
HWKDF,HAWKEYE GOLD & DIAMOND INC,40260,Materials,Metals & Mining
HWKN,"Hawkins, Inc.",1293913320,Materials,Chemicals
HWTHF,WILDSKY RESOURCES INC,5424280,Materials,Metals & Mining
HYDI,"Hydromer, Inc.",2099680,Materials,Chemicals
HYMC,Hycroft Mining Holding Corporation,67654590,Materials,Metals & Mining
HZMMF,HORIZONTE MINERALS PLC,425776820,Materials,Metals & Mining
HZNM,Horizon Minerals Corp,0,Materials,Metals & Mining
IAALF,IBC ADVANCED ALLOYS CORP,5320830,Materials,Metals & Mining
IAG,Iamgold Corp,1123454900,Materials,Metals & Mining
IAUFF,AIC MINES LTD,110993040,Materials,Metals & Mining
IAUX,I-80 GOLD CORP COM,552400080,Materials,Metals & Mining
IBATF,INTERNATIONAL BATTERY METALS,177984400,Materials,Metals & Mining
ICLTF,GREENFIRST FOREST PRDCTS INC,148272620,Materials,Paper & Forest Products
IDND,International Dispensing Corporation,1458800,Materials,Containers & Packaging
IDR,Idaho Strategic Resources Inc,65574950,Materials,Metals & Mining
IE,Ivanhoe Electric Inc,1679225120,Materials,Metals & Mining
IEAM,"Industrial Enterprises of America, Inc.",0,Materials,Chemicals
IEGCF,INDEPENDENCE GOLD CORP,13487640,Materials,Metals & Mining
IFAM,Infrastructure Materials Corp,0,Materials,Metals & Mining
IFF,International Flavors & Fragrances Inc,18138278180,Materials,Chemicals
IFLXF,IMAFLEX INC,38279500,Materials,Containers & Packaging
IFSPF,INTERFOR CORP,862218200,Materials,Paper & Forest Products
IGNE,"IGENE Biotechnology, Inc.",156540,Materials,Chemicals
ILHMF,INTERNATIONAL LITHIUM CORP,8302810,Materials,Metals & Mining
ILST,International Star Inc,871360,Materials,Metals & Mining
IMII,Inception Mining Inc,1737160,Materials,Metals & Mining
IMPUY,Impala Platinum Holdings Ltd - ADR,3857797740,Materials,Metals & Mining
IMRFF,IMETAL RESOURCES INC,3866880,Materials,Metals & Mining
IMTCF,INTREPID METALS CORP,5420840,Materials,Metals & Mining
INCAF,INCA ONE GOLD CORP,4643980,Materials,Metals & Mining
INCZY,INCITEC PIVOT LTD,3709649750,Materials,Chemicals
INTK,Industrial Nanotech Inc.,2454060,Materials,Chemicals
IONR,IONEER LTD,330121100,Materials,Metals & Mining
IOSP,Innospec Inc.,2556224800,Materials,Chemicals
IP,International Paper Co,11924855540,Materials,Containers & Packaging
IPI,Intrepid Potash Inc,353794560,Materials,Chemicals
IPMLF,IMPERIAL METALS CORP,288060060,Materials,Metals & Mining
IPX,IPERIONX LIMITED,153828800,Materials,Metals & Mining
IRVRF,IRVING RESOURCES INC,38408760,Materials,Metals & Mining
ISVLF,IMPACT SILVER CORP,33521670,Materials,Metals & Mining
ITEC,Intertech Solutions Inc,70930,Materials,Metals & Mining
ITP,IT Tech Packaging Inc,4554870,Materials,Paper & Forest Products
ITRG,INTEGRA RESOURCES CORP,63956660,Materials,Metals & Mining
ITRO,Itronics Inc.,5350,Materials,Chemicals
IVPAF,IVANHOE MINES LTD,10822162560,Materials,Metals & Mining
JAGGF,Jaguar Mining Inc (USA),80008500,Materials,Metals & Mining
JAMGF,TUKTU RESOURCES LTD,5519970,Materials,Metals & Mining
JDNRF,JAYDEN RESOURCES INC,4763370,Materials,Metals & Mining
JEWL,Adamas One Corp,19182960,Materials,Metals & Mining
JGLDF,JAPAN GOLD CORP,18340820,Materials,Metals & Mining
JHX,James Hardie Industries plc (ADR),13065878000,Materials,Construction Materials
JINFF,CHINA GOLD INTL RSRCS CP LTD,1662560320,Materials,Metals & Mining
JMPLY,JOHNSON MATTHEY PLC,3972237740,Materials,Chemicals
JORFF,CONSOLIDATED LTHM METALS INC,18050500,Materials,Metals & Mining
JSCPY,JSR CORP,5807218350,Materials,Chemicals
JUBAF,MAJUBA HILL COPPER CORP,6895460,Materials,Metals & Mining
JUGRF,JUGGERNAUT EXPL LTD,7181410,Materials,Metals & Mining
JXMNF,JAXON MINING INC,739220,Materials,Metals & Mining
JZRIF,JZR GOLD INC,10541030,Materials,Metals & Mining
KALU,Kaiser Aluminum Corp.,1198573050,Materials,Metals & Mining
KATX,Kat Exploration Inc,1076560,Materials,Metals & Mining
KBGCF,LION ROCK RESOURCES INC,247370,Materials,Metals & Mining
KBLB,Kraig Biocraft Laboratories Inc,33377980,Materials,Chemicals
KCCFF,KUTCHO COPPER CORP,14473250,Materials,Metals & Mining
KDKCF,KODIAK COPPER CORP,32524980,Materials,Metals & Mining
KDKGF,KLONDIKE GOLD CORP,11149610,Materials,Metals & Mining
KEWL,Keweenaw Land Association Ltd,28934620,Materials,Metals & Mining
KGC,Kinross Gold Corporation (USA),5990585520,Materials,Metals & Mining
KGHZF,PANGOLIN DIAMONDS CORP,465580,Materials,Metals & Mining
KGLDF,KING GLOBAL VENTURES INC,569730,Materials,Metals & Mining
KLBAY,Klabin SA (ADR),4240385010,Materials,Containers & Packaging
KLDCF,KENORLAND MINERALS LTD,34253340,Materials,Metals & Mining
KLSVF,KLONDIKE SILVER CORP,5259180,Materials,Metals & Mining
KMGLF,ASIAMET RESOURCES LIMITED,6891890,Materials,Metals & Mining
KNF,Knife River Corp,2820380760,Materials,Construction Materials
KNGRF,KINGSMEN RESOURCES LTD,3976420,Materials,Metals & Mining
KNGW,Kenongwo Group US Inc,32602240,Materials,Chemicals
KNTNF,K92 MINING INC,1058278900,Materials,Metals & Mining
KOGMF,KGL RESOURCES LTD,326870,Materials,Metals & Mining
KOOYF,KOOTENAY SILVER INC,26356740,Materials,Metals & Mining
KOP,Koppers Holdings Inc.,797101680,Materials,Chemicals
KOREF,KORE MINING LTD,9082170,Materials,Metals & Mining
KPLUF,K&S AG,3545685000,Materials,Chemicals
KPLUY,K&S AG,3628944000,Materials,Chemicals
KRLTF,KARNALYTE RESOURCES INC,8525440,Materials,Chemicals
KRO,"Kronos Worldwide, Inc.",955874370,Materials,Chemicals
KRRGF,KARORA RESOURCES INC,562772870,Materials,Metals & Mining
KSSRF,KESSELRUN RESOURCES LTD,1962430,Materials,Metals & Mining
KTGDF,K2 GOLD CORPORATION,8782380,Materials,Metals & Mining
KURRY,KURARAY CO LTD,3827399800,Materials,Chemicals
KWGBF,KWG Resources Inc,14494800,Materials,Metals & Mining
KWR,Quaker Chemical Corp,3094584150,Materials,Chemicals
LAC,Lithium Americas Corp,3040117220,Materials,Metals & Mining
LBCMF,LIBERO COPPER & GOLD CORP,4046820,Materials,Metals & Mining
LBNKF,LITHIUMBANK RESOURCES CORP,34018310,Materials,Metals & Mining
LBSR,Liberty Star Uranium & Metals Corp,1132870,Materials,Metals & Mining
LBTI,Lithium & Boron Technology Inc,37200,Materials,Chemicals
LCGMF,LION COPPER AND GOLD CORP,17335810,Materials,Metals & Mining
LCKYF,GOLDEN SKY MINERALS CORP,1672380,Materials,Metals & Mining
LEMIF,LEADING EDGE MATERIALS CORP,17876590,Materials,Metals & Mining
LFEX,LUCKY FRIDAY EXTN MINING CO,0,Materials,Metals & Mining
LGDTF,LIBERTY GOLD COR,76927920,Materials,Metals & Mining
LGO,LARGO INC,219051000,Materials,Metals & Mining
LIFZF,LABRADOR IRON ORE ROYALTY CP,1497664000,Materials,Metals & Mining
LIN,Linde PLC,187054099100,Materials,Chemicals
LISMF,LITHIUM SOUTH DEVELOPMT CORP,31008000,Materials,Metals & Mining
LITM,Snow Lake Resources Ltd,34505630,Materials,Metals & Mining
LITOF,FRONTIER LITHIUM,207777930,Materials,Metals & Mining
LKAI,LKA Gold Inc,5540,Materials,Metals & Mining
LKMNF,LUCKY MINERALS INC,1043630,Materials,Metals & Mining
LMEFF,LAURION MINERALS EXPL INC,77713750,Materials,Metals & Mining
LMGDF,LUMINA GOLD CORP,114944870,Materials,Metals & Mining
LMRMF,LOMIKO METALS INC,6255480,Materials,Metals & Mining
LMSQF,LATIN METALS INC,4574460,Materials,Metals & Mining
LNCLF,LINCOLN GOLD MINING INC,889180,Materials,Metals & Mining
LNGYF,ESREY RESOURCES LTD,0,Materials,Metals & Mining
LNXSF,LANXESS AG,2719899000,Materials,Chemicals
LNXSY,LANXESS AG,2892604400,Materials,Chemicals
LOMA,Loma Negra Compania Indl Argntna SA-ADR,734911480,Materials,Construction Materials
LOMLF,LION ONE METALS LTD,134987350,Materials,Metals & Mining
LONCF,LONCOR GOLD INC,30628800,Materials,Metals & Mining
LOOP,Loop Industries Inc,140186950,Materials,Chemicals
LPKGF,LUPAKA GOLD CORP,879420,Materials,Metals & Mining
LPX,Louisiana-Pacific Corp,4562209890,Materials,Paper & Forest Products
LQMT,Liquidmetal Technologies Inc,43571040,Materials,Metals & Mining
LQRCF,BLACK MAMMOTH METALS CORP,1282190,Materials,Metals & Mining
LRAXF,LARA EXPLORATION LTD,23816520,Materials,Metals & Mining
LRCFF,LOVITT RESOURCES INC,223770,Materials,Metals & Mining
LRDJF,ST. JAMES GOLD CORP,3855020,Materials,Metals & Mining
LRDR,Laredo Resources Corp,60000,Materials,Metals & Mining
LRTNF,PURE GOLD MINING INC,7290,Materials,Metals & Mining
LSANF,LOS ANDES COPPER LTD,268159640,Materials,Metals & Mining
LTHCF,LITHIUM IONIC CORP,210805020,Materials,Metals & Mining
LTHIF,INZINC MINING LTD,4565870,Materials,Metals & Mining
LTHM,Livent Corp,3890829750,Materials,Chemicals
LTMCF,LITHIUM CHILE INC,115712290,Materials,Metals & Mining
LTUM,Lithium Corp,7733420,Materials,Metals & Mining
LUCMF,LUCA MINING CORP,32438110,Materials,Metals & Mining
LUCRF,LUCARA DIAMOND CORP,142269370,Materials,Metals & Mining
LUGDF,LUNDIN GOLD INC,2670533840,Materials,Metals & Mining
LUMIF,LUMINEX RES CORP,27541820,Materials,Metals & Mining
LUNMF,Lundin Mining Corp (USA),6134101150,Materials,Metals & Mining
LXU,LSB Industries Inc,774292760,Materials,Chemicals
LYB,LyondellBasell Industries NV,32127922700,Materials,Chemicals
LZM,Lifezone Metals Ltd,1065707680,Materials,Metals & Mining
MAAFF,MAGINDUSTRIES CORP,0,Materials,Paper & Forest Products
MACQF,THEMAC RESOURCES GROUP LTD,3247460,Materials,Metals & Mining
MAG,MAG Silver Corp (USA),1104589120,Materials,Metals & Mining
MAIFF,MINERA ALAMOS INC,96126350,Materials,Metals & Mining
MAKOF,MAKO MNG CORP,60184890,Materials,Metals & Mining
MAOMF,MAUDORE MINERALS LTD,0,Materials,Metals & Mining
MARIF,MARIMACA COPPER CORP,297222400,Materials,Metals & Mining
MARVF,MARVEL DISCOVERY CORP,3333200,Materials,Metals & Mining
MATV,Mativ Holdings Inc,890919780,Materials,Chemicals
MAUTF,MONTAGE GOLD CORP,76222060,Materials,Metals & Mining
MBCF,ITAFOS INC,190551300,Materials,Chemicals
MBYMF,MTB METALS CORP,13947830,Materials,Metals & Mining
MCDMF,MACDONALD MINES EXPLORATION,1094920,Materials,Metals & Mining
MCEM,Monarch Cement Co,359100000,Materials,Construction Materials
MCKRF,JADE LEADER CORP,1946460,Materials,Metals & Mining
MCNO,Mucinno Holding Inc,61344640,Materials,Chemicals
MCREF,METALS CREEK RESOURCES CORP,3515880,Materials,Metals & Mining
MDMN,MEDINAH MINERALS INC,3458740,Materials,Metals & Mining
MDSMF,TEN SIXTY FOUR LIMITED,78110410,Materials,Metals & Mining
MDSQF,MINSUD RESOURCES CORP,131424190,Materials,Metals & Mining
MEAUF,MONETA GOLD INC,88979900,Materials,Metals & Mining
MEEEF,METAL ENERGY CORP,3292590,Materials,Metals & Mining
MEOH,Methanex Corp (USA),2899906080,Materials,Chemicals
MERC,Mercer International Inc.,588081000,Materials,Paper & Forest Products
METC,Ramaco Resources Inc,354728160,Materials,Metals & Mining
METCB,RAMACO RESOURCES INC,96799680,Materials,Metals & Mining
MEXGF,MEXICAN GOLD MINING CORP,1274040,Materials,Metals & Mining
MFGCF,MAYFAIR GOLD CORP,147722750,Materials,Metals & Mining
MFMLF,INTERNATIONAL IC GL EXPL CRP,749810,Materials,Metals & Mining
MGDPF,MARATHON GOLD CORP,214898320,Materials,Metals & Mining
MGLDF,MEDGOLD RESOURCES CORP,1347890,Materials,Metals & Mining
MGLQF,MAGNA GOLD CORP,734090,Materials,Metals & Mining
MGMLF,MAPLE GOLD MINES LTD,17556490,Materials,Metals & Mining
MGMNF,MAGNA MINING INC,70130930,Materials,Metals & Mining
MGPHF,MASON GRAPHITE INC,23169810,Materials,Metals & Mining
MGROF,MUSTGROW BIOLOGICS CORP,56487110,Materials,Chemicals
MGXMF,MGX MINERALS INC,0,Materials,Metals & Mining
MIDLF,MIDLAND EXPLORATION INC,29440420,Materials,Metals & Mining
MIMZF,NIGHTHAWK GOLD CORP,32422430,Materials,Metals & Mining
MISVF,MINCO SILVER CORP,7420640,Materials,Metals & Mining
MJDLF,MAJOR DRILLING GRP INTL INC,525960060,Materials,Metals & Mining
MJGCF,MAJESTIC GOLD CORP,57763590,Materials,Metals & Mining
MKNGF,MKANGO RESOURCES LTD,32534560,Materials,Metals & Mining
MKRIF,MELKIOR RESOURCES INC,2994210,Materials,Metals & Mining
MLGAF,MALAGA INC,0,Materials,Metals & Mining
MLGCF,M3 METALS CORP,834470,Materials,Metals & Mining
MLKKF,"Mercator Minerals, Ltd.",0,Materials,Metals & Mining
MLLOF,MEDALLION RESOURCES LTD,1544270,Materials,Metals & Mining
MLM,Martin Marietta Materials Inc,27341471560,Materials,Construction Materials
MLYCF,MULTI METAL DEVELOPMENT LTD,9953860,Materials,Metals & Mining
MLYF,WESTERN MAGNESIUM CORP,45660,Materials,Metals & Mining
MMNGF,METALLIC MINERALS CORP,48149310,Materials,Metals & Mining
MMRGF,MINAURUM GOLD INC,38711220,Materials,Metals & Mining
MMSDF,MACARTHUR MINERALS LIMITED,22788200,Materials,Metals & Mining
MMTMF,MONUMENT MINING LTD,32720500,Materials,Metals & Mining
MNDJF,MANDALAY RESOURCES CORP,112428360,Materials,Metals & Mining
MNHFF,MAYR-MELNHOF KARTON AG,3097600000,Materials,Containers & Packaging
MNRLF,MINERAL MOUNTAIN RES LTD,5811950,Materials,Metals & Mining
MNXXF,MANGANESE X ENERGY CORP,10168720,Materials,Metals & Mining
MONDY,MONDI PLC/LTD (GBR),7977652220,Materials,Paper & Forest Products
MOS,Mosaic Co,13118414400,Materials,Chemicals
MP,Mp Materials Corp,3830112440,Materials,Metals & Mining
MPVDF,MOUNTAIN PROVINCE DIAMONDS,66259500,Materials,Metals & Mining
MQMIF,METALQUEST MINING INC,1569140,Materials,Metals & Mining
MRLLF,MINERA IRL LTD,3467020,Materials,Metals & Mining
MRRDF,MERIDIAN MINING UK SOCIETAS,60934340,Materials,Metals & Mining
MRTMF,MARITIME RESOURCES CORP,14229270,Materials,Metals & Mining
MRZLF,MIRASOL RESOURCES LTD,32982560,Materials,Metals & Mining
MSB,Mesabi Trust,255708800,Materials,Metals & Mining
MSGCF,MAS GOLD CORP,2012610,Materials,Metals & Mining
MSLM,MASCOT SILVER LEAD MINES,0,Materials,Metals & Mining
MSMGF,GRID METALS CORP,16827300,Materials,Metals & Mining
MSTXF,MADORO METALS CORP,361780,Materials,Metals & Mining
MT,ArcelorMittal SA (ADR),22403938920,Materials,Metals & Mining
MTA,METALLA RYLTY STRMNG LTD,211888400,Materials,Metals & Mining
MTAL,Metals Acquisition Ltd,566385300,Materials,Metals & Mining
MTALF,METALLICA METALS CORP,5135500,Materials,Metals & Mining
MTEHD,SPARK ENERGY MINERALS INC,2746550,Materials,Metals & Mining
MTLFF,METALLIS RESOURCES INC,5191140,Materials,Metals & Mining
MTLHY,MITSUBISHI CHEMICAL GROUP,8978788440,Materials,Chemicals
MTLI,METALINE CONTACT MINES CO,1195440,Materials,Metals & Mining
MTRN,Materion Corp,2189172960,Materials,Metals & Mining
MTX,Minerals Technologies Inc,1869327360,Materials,Chemicals
MULG,Muliang Viagoo Technology Inc,134757000,Materials,Chemicals
MUNMF,MUNDORO CAPITAL INC,12249110,Materials,Metals & Mining
MURCF,LIGHTSPEED DISCOVERIES INC,1290690,Materials,Metals & Mining
MUX,McEwen Mining Inc,342524910,Materials,Metals & Mining
MWSNF,MAWSON GOLD LTD,58982200,Materials,Metals & Mining
MXROF,MAX RESOURCE CORP,21692460,Materials,Metals & Mining
MXSG,Mexus Gold US,887020,Materials,Metals & Mining
MXTLF,METALEX VENTURES LTD,4454510,Materials,Metals & Mining
MXTRF,MONTERO MINING & EXPLORATION,5410580,Materials,Metals & Mining
MYE,"Myers Industries, Inc.",676935900,Materials,Containers & Packaging
NAK,Northern Dynasty Minerals Ltd,144148300,Materials,Metals & Mining
NANX,Nanophase Technologies Corporation,50828720,Materials,Chemicals
NATUF,NORTH AMERN TUNGSTEN CP LTD,23810,Materials,Metals & Mining
NAUFF,NEVGOLD CORP,16072670,Materials,Metals & Mining
NB,NIOCORP DEVS LTD COM NEW,112161240,Materials,Metals & Mining
NBMFF,NEO BATTERY MATERIALS LTD,29339590,Materials,Metals & Mining
NBMLF,NOBLE METAL GROUP INC,10250,Materials,Metals & Mining
NBRFF,NUBIAN RESOURCES LTD,2564700,Materials,Metals & Mining
NBTRF,NOBEL RESOURCES CORP,3740900,Materials,Metals & Mining
NBYCF,NIOBAY METALS INC,4671710,Materials,Metals & Mining
NCAUF,NEWCORE GOLD LTD,12455370,Materials,Metals & Mining
NCFFF,NORTHCLIFF RESOURCES LTD,1051720,Materials,Metals & Mining
NCMBF,GOLDON RESOURCES LTD,1334980,Materials,Metals & Mining
NCMGF,NEWCREST MINING LTD,14559909650,Materials,Metals & Mining
NCMGY,NEWCREST MINING LTD,14631238050,Materials,Metals & Mining
NCPCF,NICKEL CREEK PLATINUM CORP,8809840,Materials,Metals & Mining
NDEKY,NITTO DENKO CORP,10181063840,Materials,Chemicals
NDENF,AFRICAN ENERGY METALS INC,505710,Materials,Metals & Mining
NEM,Newmont Corporation,30915074800,Materials,Metals & Mining
NEU,NewMarket Corporation,4385241480,Materials,Chemicals
NEVDF,NEVADA COPPER CORP,158908590,Materials,Metals & Mining
NEWDF,NEWFOUNDLAND DISCOVERY CORP,2371660,Materials,Metals & Mining
NEWP,NEW PACIFIC METALS CORP,387659100,Materials,Metals & Mining
NEXA,Nexa Resources SA,858204720,Materials,Metals & Mining
NEXNF,NEXE INNOVATIONS INC,24337840,Materials,Containers & Packaging
NFGC,NEW FOUND GOLD CORP,768266120,Materials,Metals & Mining
NFTI,No Fire Technologies Inc,571430,Materials,Chemicals
NG,NovaGold Resources Inc (USA),1337559450,Materials,Metals & Mining
NGD,New Gold Inc (USA),684500000,Materials,Metals & Mining
NGLOY,Anglo American plc (ADR),35164925620,Materials,Metals & Mining
NGPHF,NORTHERN GRAPHITE CORP,29124030,Materials,Metals & Mining
NGUGF,NEW GUINEA GOLD CORP,0,Materials,Metals & Mining
NGVT,Ingevity Corp,1917698560,Materials,Chemicals
NGXXF,NGEX MINERALS LTD,904484880,Materials,Metals & Mining
NHAWF,NORTH ARROW MINERALS INC,12271140,Materials,Metals & Mining
NHYDY,Norsk Hydro ASA (ADR),11771060000,Materials,Metals & Mining
NHYKF,NORSK HYDRO ASA,11762466860,Materials,Metals & Mining
NILA,Nilam Resources Inc,4721240,Materials,Metals & Mining
NILIF,SURGE BATTERY METALS INC,82606980,Materials,Metals & Mining
NINK,NAMI Corp.,8704250,Materials,Metals & Mining
NIOCF,NIO STRATEGIC METALS INC,6367880,Materials,Metals & Mining
NIOVF,PLATO GOLD CORP,3882220,Materials,Metals & Mining
NKGFF,NEVADA KING GOLD CORP,67143750,Materials,Metals & Mining
NKORF,PALLADIUM ONE MINING INC,20543860,Materials,Metals & Mining
NKOSF,LABRADOR GOLD CORP,22271310,Materials,Metals & Mining
NLGCF,NORTHERN LION GOLD CORP,2220280,Materials,Metals & Mining
NLIBF,NOA LITHIUM BRINES INC,--,Materials,Metals & Mining
NLPXF,NOBLE MINERAL EXPLORATION,5211780,Materials,Metals & Mining
NMG,NOUVEAU MONDE GRAPHITE INC,180275840,Materials,Metals & Mining
NMGX,Nano Magic Inc,7543800,Materials,Chemicals
NMNZF,NORTEC MINERALS CORP,509670,Materials,Metals & Mining
NMREF,NAMIBIA CRITICAL METALS INC,11314320,Materials,Metals & Mining
NMTLF,NEW AGE METALS INC,7952500,Materials,Metals & Mining
NNGVF,TESORO MINERALS CORP,1089200,Materials,Metals & Mining
NNOMF,NANO ONE MATERIALS CORP,193307330,Materials,Chemicals
NNUP,"Nocopi Technologies, Inc.",27845510,Materials,Chemicals
NNXPF,NANOXPLORE INC,374325380,Materials,Chemicals
NOCRF,NORDEN CROWN METALS CORP,583260,Materials,Metals & Mining
NOCSF,NORSEMAN SILVER INC,2502660,Materials,Metals & Mining
NOEC,New Oriental Energy & Chemical Corp.,0,Materials,Chemicals
NOMNF,CANEX METALS INC,2626630,Materials,Metals & Mining
NOPMF,NEO PERFORMANCE MATERLAS INC,311478740,Materials,Chemicals
NORNQ,Noranda Aluminum Holding Corp,0,Materials,Metals & Mining
NOVRF,NOVA ROYALTY CORP,101734680,Materials,Metals & Mining
NPKLY,Nampak Ltd (ADR),14499975000,Materials,Containers & Packaging
NPSCY,NIPPON STEEL CORP,22679886910,Materials,Metals & Mining
NRGOF,NEWRANGE GOLD CORP,619170,Materials,Metals & Mining
NRVTF,NORAM LITHIUM CORP,25641070,Materials,Metals & Mining
NSAUF,Megumagold Corp,22030,Materials,Metals & Mining
NSHRF,NORTHERN SHIELD RESOURCS INC,5306250,Materials,Metals & Mining
NSRCF,NEXTSOURCE MATERIALS INC,150325200,Materials,Metals & Mining
NSRPF,NOVO RESOURCES CORP,45666750,Materials,Metals & Mining
NSRS,Medcann Industries Inc,15900,Materials,Metals & Mining
NSUPF,NORTHERN SUPERIOR RESOURCES,42245000,Materials,Metals & Mining
NSVLF,AUQ GOLD MINING INC,1263640,Materials,Metals & Mining
NTCPF,NORTHISLE COPPER & GOLD INC,27935630,Materials,Metals & Mining
NTIC,Northern Technologies International Corp,124433600,Materials,Chemicals
NTR,NUTRIEN LTD,31791919320,Materials,Chemicals
NUE,Nucor Corporation,42501615360,Materials,Metals & Mining
NULGF,NULEGACY GOLD CORP,12513110,Materials,Metals & Mining
NUSMF,NAUTILUS MINERALS INC,0,Materials,Metals & Mining
NVDEF,NEVADA EXPLORATION INC,712350,Materials,Metals & Mining
NVSGF,NEVADA SUNRISE METALS CORP,6818660,Materials,Metals & Mining
NVZMY,NOVOZYMES A/S,9801182870,Materials,Chemicals
NWCCF,NORTHWEST COPPER CORP,21817110,Materials,Metals & Mining
NWIFF,NUINSCO RESOURCES LTD,1540310,Materials,Metals & Mining
NWTT,Nw Tech Capital Inc,951490,Materials,Metals & Mining
NWXPF,NEWPORT EXPLORATION LTD,20588100,Materials,Metals & Mining
OATN,OAT Inc,10890770,Materials,Metals & Mining
OBGRF,ORBIT GARANT DRILLING INC,17565310,Materials,Metals & Mining
OBNNF,OSISKO MINING INC,737819630,Materials,Metals & Mining
OCANF,OCEANAGOLD CORP,1462656020,Materials,Metals & Mining
OCGSF,OUTCROP SILVER & GOLD CORP,21363100,Materials,Metals & Mining
OCLDY,ORICA LTD,4500260960,Materials,Chemicals
OCTO,Eightco Holdings Inc,1826250,Materials,Containers & Packaging
ODV,OSISKO DEVELOPMENT CORP,269053250,Materials,Metals & Mining
OEC,Orion SA,1320972840,Materials,Chemicals
OGNRF,OROGEN ROYALTIES INC,89371990,Materials,Metals & Mining
OI,O-I Glass Inc,3036090310,Materials,Containers & Packaging
OIIIF,O3 MINING INC,78386700,Materials,Metals & Mining
OJIPY,OJI HOLDINGS CORP,4002050750,Materials,Paper & Forest Products
OLN,Olin Corp,6466827270,Materials,Chemicals
OLVRF,OLIVUT RESOURCES LTD,2671030,Materials,Metals & Mining
OMGGF,OMAI GOLD MINES CORP,13791380,Materials,Metals & Mining
OMHI,Om Holdings International Inc,23485230,Materials,Metals & Mining
OMMSF,OMINECA MINING AND METLS LTD,8082790,Materials,Metals & Mining
OMZNF,OSISKO METALS INC,43617750,Materials,Metals & Mining
ONBI,ONE Bio Corp,25410,Materials,Chemicals
OPGX,Optigenex Inc,408000,Materials,Chemicals
OPWEF,OPAWICA EXPLORATIONS INC,1311260,Materials,Metals & Mining
OPYGY,Polyus PAO - ADR,5687808000,Materials,Metals & Mining
OR,OSISKO GOLD ROYALTIES,2353838940,Materials,Metals & Mining
ORAAF,AURA MINERALS INC,479693200,Materials,Metals & Mining
ORAGF,MONARCA MINERALS INC,923850,Materials,Metals & Mining
OREAF,OREA MINING CORP,5134610,Materials,Metals & Mining
ORESF,ORESTONE MINING CORP,1416500,Materials,Metals & Mining
ORFDF,ORECAP INVEST CORP,6192850,Materials,Metals & Mining
ORGN,Origin Materials Inc,205514910,Materials,Chemicals
ORLA,ORLA MINING LTD,1416830160,Materials,Metals & Mining
ORMFF,ORFORD MINING CORP,16039840,Materials,Metals & Mining
ORMNF,OREX MINERALS INC,3560560,Materials,Metals & Mining
ORMTQ,Ormet Corp,1870,Materials,Metals & Mining
OROCF,ALLKEM LIMITED,5738922000,Materials,Metals & Mining
OROXF,OROSUR MINING INC,6599600,Materials,Metals & Mining
ORRCF,OROCO RESOURCE CORP,106420690,Materials,Metals & Mining
ORSUF,ORSU METALS CORP,661350,Materials,Metals & Mining
ORVMF,ORVANA MINERALS CORP,18649040,Materials,Metals & Mining
ORZCF,OREZONE GOLD CORP,251980990,Materials,Metals & Mining
OSCI,OSCEOLA GOLD INC,8522430,Materials,Metals & Mining
OSIIF,OSINO RESOURCES CORP,144653920,Materials,Metals & Mining
OTMN,O T MINING CORP,0,Materials,Metals & Mining
PAANF,Pan American Energy Corp,23337320,Materials,Metals & Mining
PAAS,Pan American Silver Corp,5643337920,Materials,Metals & Mining
PACK,Ranpak Holdings Corp,498239600,Materials,Containers & Packaging
PANXF,PLATINEX INC,7536370,Materials,Metals & Mining
PAUFF,SHINE MINERALS CORP,1374790,Materials,Metals & Mining
PBMFF,PACIFIC BAY MINERALS LTD,2627600,Materials,Metals & Mining
PBMLF,PACIFIC BOOKER MINERALS INC,7878760,Materials,Metals & Mining
PCHK,Pacific Conquest Holdings Inc,60030,Materials,Metals & Mining
PCIMF,PACIFIC IMPERIAL MINES INC,1997490,Materials,Metals & Mining
PCRAF,PUCARA GOLD LTD,2297760,Materials,Metals & Mining
PCRCF,BOLT METALS CORP,663900,Materials,Metals & Mining
PCT,Purecycle Technologies Inc,1482487680,Materials,Chemicals
PCTTU,PURECYCLE TECHNOLOGIES INC,84900000,Materials,Chemicals
PEMIF,PURE ENERGY MINERALS LTD,24247680,Materials,Metals & Mining
PEXZF,PACIFIC RIDGE EXPLORATION,22302680,Materials,Metals & Mining
PFFOF,PORTOFINO RESOURCES INC,8919590,Materials,Metals & Mining
PGEZF,STILLWATER CRITICAL MNRLS CP,25199860,Materials,Metals & Mining
PGLDF,P2 GOLD INC,12910140,Materials,Metals & Mining
PGOL,Patriot Gold Corp.,7051200,Materials,Metals & Mining
PGPGF,POWER GROUP PROJECTS CORP,526070,Materials,Metals & Mining
PGPXF,FIRST LITHIUM MINERALS CORP,4440270,Materials,Metals & Mining
PGVI,Promithian Global Ventures Inc,888290,Materials,Metals & Mining
PGXFF,PROSPER GOLD CORP,2849060,Materials,Metals & Mining
PGXPF,PELANGIO EXPLORATION INC,1468730,Materials,Metals & Mining
PGZFF,PAN GLOBAL RESOURCES INC,39246830,Materials,Metals & Mining
PHOS,Phosphate Holdings Inc,0,Materials,Chemicals
PILBF,PILBARA MINERALS LTD,9051422170,Materials,Metals & Mining
PIPI,PREMIER INVESTMENT PPTYS INC,0,Materials,Metals & Mining
PJXRF,PJX RESOURCES INC,8572450,Materials,Metals & Mining
PKG,Packaging Corp Of America,13118418670,Materials,Containers & Packaging
PKX,Posco Holdings Inc (ADR),34077541400,Materials,Metals & Mining
PLG,Platinum Group Metals Limited (USA),123309960,Materials,Metals & Mining
PLL,Piedmont Lithium Inc,885607460,Materials,Metals & Mining
PLLMF,PLATA LATINA MINERALS CORP,79030,Materials,Metals & Mining
PLLVF,PALLADON VENTURES LTD,0,Materials,Metals & Mining
PLM,Polymet Mining Corp (USA),406421400,Materials,Metals & Mining
PLMNF,PALAMINA CORP,6672280,Materials,Metals & Mining
PLTYF,Plastec Technologies Ltd,194070,Materials,Chemicals
PLYFF,PLAYFAIR MINING LTD,3926910,Materials,Metals & Mining
PMCCF,PELOTON MINERALS CORP,8678480,Materials,Metals & Mining
PMCOF,PROSPECTOR METALS CORP,4493920,Materials,Metals & Mining
PMETF,PATRIOT BATTERY METALS INC,833784020,Materials,Metals & Mining
PMMCF,PAMPA METALS CORP,1070060,Materials,Metals & Mining
PMMEF,PREMIUM EXPLORATION INC,0,Materials,Metals & Mining
PMNXF,PERSEUS MINING LTD,1578747600,Materials,Metals & Mining
PNCKF,Galleon Gold Corp,6116490,Materials,Metals & Mining
PNPNF,POWER NICKEL INC,22719990,Materials,Metals & Mining
PNRLF,PREMIUM NICKEL RESOURCES LTD,116728660,Materials,Metals & Mining
PNTRF,PANTERA SILVER CORP,--,Materials,Metals & Mining
PNTZF,TRIGON METALS INC,27021850,Materials,Metals & Mining
PNXLF,ARGENTINA LITHIUM & ENERGY,18072530,Materials,Metals & Mining
PORMF,NOVX21 INC,0,Materials,Metals & Mining
POROF,PANORO MINERALS LTD,22736250,Materials,Metals & Mining
POTRF,SOPERIOR FERTILIZER CORP,2631080,Materials,Chemicals
POYYF,POLYMETAL INTL PLC,1463504340,Materials,Metals & Mining
PPG,"PPG Industries, Inc.",32277056650,Materials,Chemicals
PPTA,PERPETUA RESOURCES CORP COM,202128000,Materials,Metals & Mining
PPZRF,WESTERN ATLAS RESOURCES INC,3444300,Materials,Metals & Mining
PREIF,PRECIPITATE GOLD CORP,5214680,Materials,Metals & Mining
PRM,Perimeter Solutions SA,882314910,Materials,Chemicals
PRMNF,PRIME MINING CORP,147457890,Materials,Metals & Mining
PROBF,PROBE GOLD INC,180148640,Materials,Metals & Mining
PRZFF,BOUNDARY GOLD & COPPR MINING,31560,Materials,Metals & Mining
PSGTY,PT SEMEN INDONESIA (PERSERO),3017938380,Materials,Construction Materials
PSXRF,PASINEX RESOURCES LTD,115640,Materials,Metals & Mining
PTAM,Potash America Inc,522750,Materials,Chemicals
PTEEF,Plaintree Systems Inc. (USA),1012030,Materials,Metals & Mining
PTVE,Pactiv Evergreen Inc,1480603800,Materials,Containers & Packaging
PUBC,PureBase Corp,28165290,Materials,Metals & Mining
PUCCF,CAROLINA RUSH CORP,2468340,Materials,Metals & Mining
PUDA,"Puda Coal, Inc",3000,Materials,Metals & Mining
PUMXF,PUMA EXPLORATION INC,14474140,Materials,Metals & Mining
PVMCF,Pine Valley Mining Corporation,575570,Materials,Metals & Mining
PWCRF,PACIFIC WILDCAT RESOURCES CP,29510,Materials,Metals & Mining
PWRMF,POWER METALS CORP,36279910,Materials,Metals & Mining
PYNKF,PERIMETER MEDICAL IMAGING AI,78904720,Materials,Metals & Mining
PZG,Paramount Gold Nevada Corp,15800310,Materials,Metals & Mining
QCCUF,QC COPPER AND GOLD INC,18585470,Materials,Metals & Mining
QDROF,QUADRO RESOURCES LTD,762950,Materials,Metals & Mining
QGLDF,Q-GOLD RESOURCES LTD,1175980,Materials,Metals & Mining
QGRSF,Q2 GOLD RESOURCES INC,--,Materials,Metals & Mining
QMCQF,QMC QUANTUM MINERALS CORP,8292510,Materials,Metals & Mining
QUEXF,Q2 METALS CORP,50783920,Materials,Metals & Mining
QZMRF,QUARTZ MOUNTAIN RESOURCES,7895520,Materials,Metals & Mining
RAREF,CANADA RARE EARTH CORP,4617980,Materials,Metals & Mining
RATHF,RATHDOWNEY RESOURCES LTD,5069390,Materials,Metals & Mining
RBMNF,RUGBY RESOURCES LTD,9151020,Materials,Metals & Mining
RBTK,Zhen Ding Resources Inc,229654880,Materials,Metals & Mining
RBYC,Ruby Creek Resources Inc,0,Materials,Metals & Mining
RCCMF,G E T T GOLD INC,321070,Materials,Metals & Mining
RCGCF,ROSCAN GOLD CORP,42074550,Materials,Metals & Mining
RCKTF,ROCK TECH LINTHIUM INC,131615360,Materials,Metals & Mining
RCTFF,Rochester Resources Ltd,872160,Materials,Metals & Mining
RCZRF,ARMOR MINERALS INC,22987500,Materials,Metals & Mining
RDEMF,RED EAGLE MINING CORP,44440,Materials,Metals & Mining
RDEXF,RED PINE EXPLORATION INC,16423440,Materials,Metals & Mining
RDGMF,RIDGELINE MINERALS CORP,14387350,Materials,Metals & Mining
RDTMF,RED TIGER MINING INC,0,Materials,Metals & Mining
RDUFF,RADIUS GOLD INC,10848090,Materials,Metals & Mining
RDUS,Schnitzer Steel Industries Inc,852290780,Materials,Metals & Mining
REEMF,Rare Element Resources Ltd,128496170,Materials,Metals & Mining
REMRF,ATLAS SALT INC,79521960,Materials,Metals & Mining
RETO,ReTo Eco-Solutions Inc,6832950,Materials,Construction Materials
REZZF,GLOBAL BATTERY METALS LTD,8327310,Materials,Metals & Mining
RGDFF,REUNION GOLD CORP,445904000,Materials,Metals & Mining
RGLD,Royal Gold Inc (USA),7117403150,Materials,Metals & Mining
RGLSF,REGULUS RESOURCES INC,76274210,Materials,Metals & Mining
RGVNF,REGENT VENTURES LTD,0,Materials,Metals & Mining
RGXTF,REGENX TECH CORP,26194660,Materials,Metals & Mining
RHRYF,RHYOLITE RESOURCES LTD,14909430,Materials,Metals & Mining
RIINF,CANADIAN CRITICAL MINERA INC,5915280,Materials,Metals & Mining
RIO,Rio Tinto plc (ADR),79532299860,Materials,Metals & Mining
RIOFF,RIO2 LTD,43988010,Materials,Metals & Mining
RITE,MineralRite Corp,1307200,Materials,Metals & Mining
RJKAF,RJK EXPLORATIONS LTD,2287430,Materials,Metals & Mining
RKCLF,ROCKCLIFF METALS CORP,10092760,Materials,Metals & Mining
RKHNF,ROCKHAVEN RESOURCES LTD,11045440,Materials,Metals & Mining
RKMSF,ROKMASTER RESOURCES CORP,9108790,Materials,Metals & Mining
RKTE,High Velocity Alternative Energy Corp,0,Materials,Chemicals
RMDFF,RICHMOND MINERALS INC,864970,Materials,Metals & Mining
RMESF,RED METAL RESOURCES LTD,823000,Materials,Metals & Mining
RMETF,RACKLA METALS INC COM NEW,12222210,Materials,Metals & Mining
RMIOF,ROMIOS GOLD RESOURCES INC,5079330,Materials,Metals & Mining
RMLFF,RUSORO MINING LTD,166809670,Materials,Metals & Mining
RMNXF,RAINY MOUNTAIN ROYALTY CORP,260,Materials,Metals & Mining
RMRDF,RADISSON MINING RESOURCS INC,34578790,Materials,Metals & Mining
RNBI,Bear Oil Co,8150,Materials,Metals & Mining
RNGG,RENO GOLD CORP,28050,Materials,Metals & Mining
RNWB,Renewable Corp,23660,Materials,Chemicals
ROCAF,Aardvark Ventures Inc,247730,Materials,Metals & Mining
RPKIF,RICHARDS PACKAGING INCOME FD,256588010,Materials,Containers & Packaging
RPM,RPM International Inc,12546319380,Materials,Chemicals
RRDMF,ROYAL RD MINERALS,21494810,Materials,Metals & Mining
RRIF,Rainforest Resources Inc,14290,Materials,Paper & Forest Products
RRMLF,ROSS RIVER MINERALS INC,0,Materials,Metals & Mining
RS,Reliance Steel & Aluminum Co,15853136610,Materials,Metals & Mining
RSGOF,RESOURO GOLD INC,--,Materials,Metals & Mining
RSNVF,REYNA SILVER CORP,14586590,Materials,Metals & Mining
RSRBF,ROBEX RESOURCES INC,185860690,Materials,Metals & Mining
RTLGF,ST AUGUSTINE GOLD & COPPER,15171070,Materials,Metals & Mining
RTNTF,RIO TINTO GROUP,26556792640,Materials,Metals & Mining
RTPPF,RIO TINTO GROUP,75996696910,Materials,Metals & Mining
RUPRF,RUPERT RESOURCES LTD,529564720,Materials,Metals & Mining
RVLGF,REVIVAL GOLD INC,41045960,Materials,Metals & Mining
RVNG,Raven Gold Corp,0,Materials,Metals & Mining
RVSDF,RIVERSIDE RESOURCES INC,7133600,Materials,Metals & Mining
RYAM,Rayonier Advanced Materials Inc,210404460,Materials,Chemicals
RYES,Rise Gold Corp,10127080,Materials,Metals & Mining
RYI,Ryerson Holding Corp,1067778450,Materials,Metals & Mining
RYMM,Royal Mines And Minerals Corp,24520,Materials,Metals & Mining
RYOOF,RIO SILVER INC,2969160,Materials,Metals & Mining
RYSMF,Royal Standard Minerals Inc (USA),330,Materials,Metals & Mining
RYTTF,HORIZON COPPER CORP,50810840,Materials,Metals & Mining
SA,Seabridge Gold Inc (USA),931103050,Materials,Metals & Mining
SADMF,SANATANA RESOURCES INC,1664320,Materials,Metals & Mining
SAGGF,STERLING METALS CORP,7980230,Materials,Metals & Mining
SAMMF,SAMA RESOURCES INC,30284030,Materials,Metals & Mining
SAND,SANDSTORM GOLD LTD,1539748280,Materials,Metals & Mining
SANP,Santo Mining Corp,1176240,Materials,Metals & Mining
SARMF,SOUTHERN ARC MINERALS INC,--,Materials,Metals & Mining
SBLRF,SABLE RESOURCES LTD,12600060,Materials,Metals & Mining
SBMIF,STRATABOUND MINERALS CORP,5616760,Materials,Metals & Mining
SBSW,Sibanye Stillwater Ltd (ADR),3987562670,Materials,Metals & Mining
SBWFF,CORNISH METALS INC,86606850,Materials,Metals & Mining
SCCFF,STRATEGIC RES INC COM NEW,63510480,Materials,Metals & Mining
SCCO,Southern Copper Corp,61442758300,Materials,Metals & Mining
SCL,Stepan Co,1833899550,Materials,Chemicals
SCTSF,SCOTTIE RESOURCES CORP,43264880,Materials,Metals & Mining
SCYYF,SCANDIUM INTL MINING CORP,9110040,Materials,Metals & Mining
SDURF,STROUD RESOURCES LTD,1326710,Materials,Metals & Mining
SEE,Sealed Air Corp,5244249150,Materials,Containers & Packaging
SEKZF,ESGOLD CORP,3466760,Materials,Metals & Mining
SELSF,ST ELIAS MINES LTD,11730,Materials,Metals & Mining
SEOAY,Stora Enso OYJ (ADR),7691568160,Materials,Paper & Forest Products
SEVT,Summit Environmental Corporation Inc,0,Materials,Chemicals
SFRFF,SILVER FIELDS RESOURCES INC,0,Materials,Metals & Mining
SGDH,SGD HOLDINGS LTD,502030,Materials,Paper & Forest Products
SGGDF,SAGE GOLD INC,1100,Materials,Metals & Mining
SGGTF,SIGNATURE RESOURCES LTD,1009060,Materials,Metals & Mining
SGLDF,SABRE GOLD MINES CORP,6437340,Materials,Metals & Mining
SGMD,Sugarmade Inc,1319480,Materials,Paper & Forest Products
SGML,SIGMA LITHIUM CORP,3807318950,Materials,Metals & Mining
SGNLF,SIGNAL GOLD INC,38223100,Materials,Metals & Mining
SGRCF,SAN GOLD CORP,0,Materials,Metals & Mining
SHCMF,SEARCH MINERALS INC,8345740,Materials,Metals & Mining
SHECY,SHIN-ETSU CHEMICAL CO LTD,65235867680,Materials,Chemicals
SHERF,SHERRITT INTERNATIONAL CORP,133981740,Materials,Metals & Mining
SHGDF,STAR DIAMOND CORP,32109430,Materials,Metals & Mining
SHW,Sherwin-Williams Co,69374942970,Materials,Chemicals
SHWDY,RESONAC HOLDINGS CORPORATION,2878251040,Materials,Chemicals
SICNF,SOKOMAN MINERALS CORP,19622000,Materials,Metals & Mining
SID,Companhia Siderurgica Nacional SA (ADR),3282082650,Materials,Metals & Mining
SIDGQ,Stamford Industrial Group Inc,0,Materials,Metals & Mining
SIERF,SIERRA GRANDE MINERALS INC,2157290,Materials,Metals & Mining
SILV,SILVERCREST METALS INC,702291870,Materials,Metals & Mining
SIM,Grupo Simec SAB de CV (ADR),5507433360,Materials,Metals & Mining
SINC,Sincerity Applied Materials Hldngs Corp,362040,Materials,Chemicals
SIPN,SIPP International Industries Inc,14745570,Materials,Chemicals
SIREF,SIRIOS RESOURCES INC,7540100,Materials,Metals & Mining
SIXWF,SIXTH WAVE INNOVATIONS INC,1148230,Materials,Metals & Mining
SIZYF,MAJOR PRECIOUS METALS,5953000,Materials,Metals & Mining
SKE,SKEENA RESOURCES LTD,416138800,Materials,Metals & Mining
SKGO,SKYBRIDGE TECHNOLOGY GRP INC,0,Materials,Chemicals
SKHRF,STAKEHOLDER GOLD CORP,60978120,Materials,Metals & Mining
SKKRF,SKRR EXPLORATION INC,2178640,Materials,Metals & Mining
SLCO,Sovereign Lithium Inc,4700,Materials,Metals & Mining
SLGGF,SOLGOLD PLC,570210330,Materials,Metals & Mining
SLGN,Silgan Holdings Inc,4804640200,Materials,Containers & Packaging
SLI,STANDARD LITHIUM LTD,577855440,Materials,Metals & Mining
SLMFF,SOLIS MINERALS LTD,19587780,Materials,Metals & Mining
SLMLF,APEX RESOURCES INC,1591130,Materials,Metals & Mining
SLMXF,SLAM EXPLORATION LTD,2032920,Materials,Metals & Mining
SLMZF,DAMARA GOLD CORP,1102720,Materials,Metals & Mining
SLRRF,SILVER RANGE RESOURCES LTD,6258070,Materials,Metals & Mining
SLSDF,SELECT SANDS CORP,1578940,Materials,Metals & Mining
SLSSF,SOLARIS RESOURCES INC,619258640,Materials,Metals & Mining
SLTFF,PEGASUS RESOURCES INC,1408080,Materials,Metals & Mining
SLVM,Sylvamo Corp,1716046350,Materials,Paper & Forest Products
SLVRF,SILVER ONE RESOURCES INC,53067650,Materials,Metals & Mining
SLVTF,SILVER TIGER METALS INC,49612530,Materials,Metals & Mining
SLVYY,SOLVAY SA,12026792330,Materials,Chemicals
SMAGF,SOMA GOLD CORP,42951830,Materials,Metals & Mining
SMDRF,SIERRA MADRE GOLD & SLVR LTD,45663360,Materials,Metals & Mining
SMDZF,STRATEGIC METALS LTD,20660010,Materials,Metals & Mining
SMFKY,SMURFIT KAPPA GROUP PLC,10615379950,Materials,Containers & Packaging
SMG,Scotts Miracle-Gro Co,3066117600,Materials,Chemicals
SMID,Smith-Midland Corp,100494720,Materials,Construction Materials
SMMYY,SUMITOMO METAL MINING CO LTD,8605592820,Materials,Metals & Mining
SMREF,SUN SUMMIT MINERALS CORP,3744750,Materials,Metals & Mining
SMRVF,SMOOTH ROCK VENTURES CORP,1523190,Materials,Metals & Mining
SMSMY,Sims Ltd (ADR),1908878400,Materials,Metals & Mining
SMTSF,SIERRA METALS INC,46329730,Materials,Metals & Mining
SNNAF,SIENNA RESOURCES INC,6264940,Materials,Metals & Mining
SNNGF,PPX MINING CORP,10395180,Materials,Metals & Mining
SNRG,Susglobal Energy Corp,20856450,Materials,Chemicals
SNWGF,SNOWLINE GOLD CORP,521389560,Materials,Metals & Mining
SOMMY,SUMITOMO CHEMICAL CO LTD,4593775680,Materials,Chemicals
SON,Sonoco Products Co,5469863040,Materials,Containers & Packaging
SOUHY,SOUTH32 LTD,9992814780,Materials,Metals & Mining
SPAZF,SPANISH MOUNTAIN GOLD LTD,48490000,Materials,Metals & Mining
SPHUF,SPHERE RESOURCES INC,0,Materials,Metals & Mining
SPOFF,EARTHLABS INC,21171640,Materials,Metals & Mining
SPPJY,Sappi Ltd (ADR),1188812400,Materials,Paper & Forest Products
SRAFF,SANDFIRE RES AMERICA INC,78030670,Materials,Metals & Mining
SRBIF,SERABI GOLD PLC,25075860,Materials,Metals & Mining
SRCGF,SPRUCE RIDGE RESOURCES LTD,7208280,Materials,Metals & Mining
SRCH,Searchlight Minerals Corp,799910,Materials,Metals & Mining
SRCRF,SCORPIO GOLD CORP,8437480,Materials,Metals & Mining
SREMF,SUNRISE ENERGY METALS LTD,53233930,Materials,Metals & Mining
SRGMF,SRG MINING INC,68304600,Materials,Metals & Mining
SRGXF,SURGE COPPER CORP,14338950,Materials,Metals & Mining
SRGZ,Star Gold Corp,2033380,Materials,Metals & Mining
SRL,Scully Royalty Ltd,91525850,Materials,Metals & Mining
SRLTF,SEAFIELD RESOURCES LTD,19080,Materials,Metals & Mining
SRLZF,SALAZAR RESOURCES LTD,7438120,Materials,Metals & Mining
SRMMF,SARAMA RESOURCES LTD,5103110,Materials,Metals & Mining
SROYF,SAILFISH ROYALTY CORP,69905060,Materials,Metals & Mining
SSEBF,SILVER SPRUCE RESOURCES INC,1626160,Materials,Metals & Mining
SSL,Sasol Ltd (ADR),8328831680,Materials,Chemicals
SSRM,SSR Mining Inc,2952052080,Materials,Metals & Mining
SSTT,SStartrade Tech Inc,956270,Materials,Metals & Mining
SSTY,SURE TRACE SECURITY CORP,0,Materials,Chemicals
SSVFF,SOUTHERN SILVER EXPLORATION,33790300,Materials,Metals & Mining
SSVRF,SUMMA SILVER CORP,30137250,Materials,Metals & Mining
STAL,Star Alliance International Corp,676070,Materials,Metals & Mining
STBMY,ST BARBARA LTD,86704820,Materials,Metals & Mining
STGDF,COPPER ROAD RESOURCES INC,3586100,Materials,Metals & Mining
STKXF,STRIKEPOINT GOLD INC,7824170,Materials,Metals & Mining
STLD,Steel Dynamics Inc,17535073840,Materials,Metals & Mining
STLJF,STELLA-JONES INC,2790239490,Materials,Paper & Forest Products
STLNF,STALLION DISCOVERIES CORP,11487600,Materials,Metals & Mining
STLXF,STELLAR AFRICAGOLD INC,1648010,Materials,Metals & Mining
STPGF,STEPPE GOLD LTD,52665900,Materials,Metals & Mining
STRFF,STAR ROYALTIES LTD,18193280,Materials,Metals & Mining
STRPF,STARR PEAK MINING LTD,21151500,Materials,Metals & Mining
STSBF,SOUTH STAR BATTERY MTLS CORP,12780620,Materials,Metals & Mining
STZHF,STELCO HOLDINGS INC,1577240690,Materials,Metals & Mining
SUIFF,SUPERIOR MINING INTL CORP,22508800,Materials,Metals & Mining
SULMF,SULLIDEN MINING CAPITAL INC,2565520,Materials,Metals & Mining
SUM,Summit Materials Inc,4339755700,Materials,Construction Materials
SUMXF,SUPREMEX INC,82122340,Materials,Paper & Forest Products
SUNPF,SUN PEAK METALS CORP,12577100,Materials,Metals & Mining
SUZ,SUZANO SA,13459659470,Materials,Paper & Forest Products
SVBL,SILVER BULL RESOURCES INC,2354950,Materials,Metals & Mining
SVBRF,SILVER BEAR RESOURCES INC,203500,Materials,Metals & Mining
SVFD,Save Foods Inc,5716510,Materials,Chemicals
SVGAF,SILVER GRAIL RESOURCES LTD,1931710,Materials,Metals & Mining
SVJTY,SEVERSTAL PJSC,18059156100,Materials,Metals & Mining
SVM,Silvercorp Metals Inc,434967360,Materials,Metals & Mining
SVMFF,SILVER VALLEY METALS CORP,3936740,Materials,Metals & Mining
SVROF,SILVER PREDATOR CORP,1312460,Materials,Metals & Mining
SWNLF,EDM RESOURCES INC,10224760,Materials,Metals & Mining
SWYDF,STORNOWAY DIAMOND CORP,1389870,Materials,Metals & Mining
SXC,SunCoke Energy Inc,777255680,Materials,Metals & Mining
SXT,Sensient Technologies Corp,2737377500,Materials,Chemicals
SXYAY,SIKA AG,35552882640,Materials,Chemicals
SYGCF,SYLLA GOLD CORP,1619560,Materials,Metals & Mining
SYIEY,SYMRISE AG,14245562240,Materials,Chemicals
SZSMF,SANTACRUZ SILVER MINING LTD,52683750,Materials,Metals & Mining
TAHEF,TAHERA DIAMOND CORP,2100,Materials,Metals & Mining
TAJIF,TAJIRI RESOURCES CORP,3332440,Materials,Metals & Mining
TANH,Tantech Holdings Ltd,7607600,Materials,Chemicals
TARSD,SILVER NORTH RESOURCES LTD,4580870,Materials,Metals & Mining
TATLY,TATA STEEL LTD,113049217250,Materials,Metals & Mining
TBGPF,TEMBO GOLD CORP,16650040,Materials,Metals & Mining
TBMIF,BIG TREE CARBON INC,5065400,Materials,Metals & Mining
TBXXF,TURMALINA METALS CORP,10141430,Materials,Metals & Mining
TCKRF,TECK RESOURCES LTD,328734780,Materials,Metals & Mining
TCLAF,TRANSCONTINENTAL INC -CL A,723093060,Materials,Containers & Packaging
TCLCF,TRANSCONTINENTAL INC -CL A,138082380,Materials,Containers & Packaging
TDRRF,TUDOR GOLD CORP,145845760,Materials,Metals & Mining
TDYT,Thermodynetics Inc,0,Materials,Metals & Mining
TECK,Teck Resources Ltd (USA),21478297600,Materials,Metals & Mining
TETOF,TECTONIC METALS INC,20853690,Materials,Metals & Mining
TEUTF,TEUTON RESOURCES CORP,42981580,Materials,Metals & Mining
TFPM,TRIPLE FLAG PRECIOUS METALS,2625756420,Materials,Metals & Mining
TG,Tredegar Corp,199776850,Materials,Metals & Mining
TGB,Taseko Mines Ltd (USA),398381160,Materials,Metals & Mining
TGLDF,RENEGADE GOLD INC,5079820,Materials,Metals & Mining
THM,International Tower Hill Mines Ltd,71655100,Materials,Metals & Mining
THMG,Thunder Mountain Gold Inc,4253830,Materials,Metals & Mining
THURF,THUNDERSTRUCK RESOURCES  LTD,1841670,Materials,Metals & Mining
THXPF,THOR EXPLORATIONS LTD,154867200,Materials,Metals & Mining
TIGCF,TRIUMPH GOLD CORP,5689100,Materials,Metals & Mining
TILCF,TILL CAPITAL CORP,10370750,Materials,Metals & Mining
TIMCF,TITAN MINING CORP,42478320,Materials,Metals & Mining
TIMNF,TIMMINCO LTD,0,Materials,Metals & Mining
TINFF,TINCORP METALS INC,20878930,Materials,Metals & Mining
TINO,Tamino Minerals Inc,49710,Materials,Metals & Mining
TITUF,CVW CLEANTECH INC,70658540,Materials,Metals & Mining
TKAMY,THYSSENKRUPP AG,4774820440,Materials,Metals & Mining
TKRFF,TINKA RESOURCES LTD,34513010,Materials,Metals & Mining
TLOFF,TALON METALS CORP,160865650,Materials,Metals & Mining
TLRS,Timberline Resources Corp,7025740,Materials,Metals & Mining
TMC,TMC the metals company Inc,372977100,Materials,Metals & Mining
TMLVF,TAMERLANE VENTURES INC,0,Materials,Metals & Mining
TMQ,TRILOGY METALS INC,74652760,Materials,Metals & Mining
TMRC,Texas Mineral Resources Corp,57139200,Materials,Metals & Mining
TMST,Timkensteel Corp,925374230,Materials,Metals & Mining
TNGL,Tonogold Resources Inc,1208300,Materials,Metals & Mining
TNGMF,TRUE NORTH GEMS INC,947310,Materials,Metals & Mining
TNREF,TARANIS RESOURCES INC,12890550,Materials,Metals & Mining
TOGOF,TOMAGOLD CORP,4883850,Materials,Metals & Mining
TORM,TOR Minerals International Inc,8040340,Materials,Chemicals
TORVF,VOLT CARBON TECHNOLOGIES INC,9599360,Materials,Metals & Mining
TORXF,TOREX GOLD RESOURCES INC,927558000,Materials,Metals & Mining
TPRFF,ARIS MINING CORP,298407830,Materials,Metals & Mining
TRARF,TERAS RESOURCES INC,1029490,Materials,Metals & Mining
TRBMF,TORQ RESOURCES INC,29126120,Materials,Metals & Mining
TREVQ,TREVALI MINING CORP,990,Materials,Metals & Mining
TRII,TRIO RESOURCES INC,253810,Materials,Metals & Mining
TRNFQ,Taronis Fuels Inc,56060,Materials,Chemicals
TROIF,NEWORIGIN GOLD CORP,1012680,Materials,Metals & Mining
TROX,Tronox Holdings PLC,2140142550,Materials,Chemicals
TRRCF,TRIBECA RESOURCES CORP,--,Materials,Metals & Mining
TRRE,Terra Energy Resources Ltd,8338430,Materials,Chemicals
TRRGF,TRANSATLANTIC MINING CORP,6064800,Materials,Metals & Mining
TRRI,Trinity Resources Inc,674240,Materials,Metals & Mining
TRRXF,TNR GOLD CORP,8384070,Materials,Metals & Mining
TRS,TriMas Corp,1046424900,Materials,Containers & Packaging
TRSFF,TRES-OR RESOURCES LTD,1261700,Materials,Metals & Mining
TRUIF,TRU PRECIOUS METALS CORP,1814010,Materials,Metals & Mining
TRX,TRX Gold Corp,106487810,Materials,Metals & Mining
TRYIY,TORAY INDUSTRIES INC,8740972130,Materials,Chemicals
TRYRF,Troy Resources Ltd,426580,Materials,Metals & Mining
TRYXF,BESSOR MINERALS INC,591440,Materials,Metals & Mining
TSDRF,TSODILO RESOURCES LTD,6018870,Materials,Metals & Mining
TSE,Trinseo PLC,299810280,Materials,Chemicals
TSGZF,TRISTAR GOLD INC,21532890,Materials,Metals & Mining
TSKFF,TALISKER RESOURCES LTD,19190650,Materials,Metals & Mining
TSLVF,TIER ONE SILVER INC,18761870,Materials,Metals & Mining
TSORF,TESORO GOLD LTD,24233100,Materials,Metals & Mining
TSRMF,TREASURY METALS INC,24954810,Materials,Metals & Mining
TTEXF,BULLION GOLD RESOURCES CORP,989900,Materials,Metals & Mining
TTLHF,TOTAL HELIUM LTD,22057290,Materials,Chemicals
TTXP,Trilliant Exploration Corp,0,Materials,Metals & Mining
TVCCF,THREE VALLEY COPPER CORP,1282090,Materials,Metals & Mining
TVIPF,TVI PACIFIC INC,12149770,Materials,Metals & Mining
TWIRF,TREE ISLAND STEEL LTD,62522610,Materials,Metals & Mining
TWRFF,TOWER RESOURCES LTD,10643000,Materials,Metals & Mining
TX,Ternium SA (ADR),8321496120,Materials,Metals & Mining
TYHJF,TYHEE GOLD CORP,0,Materials,Metals & Mining
TYPFF,GOLDFLARE EXPLORATION INC,3029670,Materials,Metals & Mining
UAMY,United States Antimony Corporation,44533560,Materials,Metals & Mining
UAN,CVR Partners LP,813890000,Materials,Chemicals
UCLQF,ULTRA TECH CEMENT LTD,29691810000,Materials,Construction Materials
UGDIF,UNIGOLD INC,10504670,Materials,Metals & Mining
ULTXF,ULTRA LITHIUM INC,7474830,Materials,Metals & Mining
UMICY,UMICORE SA,6106153650,Materials,Chemicals
UPCO,UNIVERSAL POTASH CORP,16260,Materials,Chemicals
UPMMY,UPM-KYMMENE CORP,17834301230,Materials,Paper & Forest Products
URANF,INTERNATIONAL PRSPCT VEN LTD,950570,Materials,Metals & Mining
URCFF,VANADIAN ENERGY CORP,12680,Materials,Metals & Mining
URGYF,BEDFORD METALS CORP,1052980,Materials,Metals & Mining
URHG,UNITED RESOURCES HOLDINGS GR,2859740,Materials,Metals & Mining
URPLF,NEW KLONDIKE EXPLORATION LTD,0,Materials,Metals & Mining
USAP,Universal Stainless & Alloy Products Inc,116586210,Materials,Metals & Mining
USAS,AMERICAS GOLD & SILVER CORP,84296920,Materials,Metals & Mining
USAU,US Gold Corp,35410140,Materials,Metals & Mining
USCS,USCorp,13860970,Materials,Metals & Mining
USGO,US Goldmining Inc,122142870,Materials,Metals & Mining
USLM,United States Lime & Minerals Inc,1196423280,Materials,Construction Materials
USNZY,USINAS SIDERURGICAS DE MINAS,718273120,Materials,Metals & Mining
VALE,Vale SA (ADR),60264577880,Materials,Metals & Mining
VANTF,VANTEX RESOURCES LTD,59150,Materials,Metals & Mining
VCIGF,VITREOUS GLASS INC,27133000,Materials,Construction Materials
VCUFF,VIZSLA COPPER CORP,11123530,Materials,Metals & Mining
VDOMF,VAL-D'OR MINING CORP,5199700,Materials,Metals & Mining
VDTAF,VENDETTA MINING CORP,7433350,Materials,Metals & Mining
VGGOF,GREENHAWK RESOURCES INC,905090,Materials,Metals & Mining
VGMIF,VISIBLE GOLD MINES INC,2455390,Materials,Metals & Mining
VGZ,Vista Gold Corp.,57286420,Materials,Metals & Mining
VHI,"Valhi, Inc.",370007040,Materials,Chemicals
VIORF,VIOR INC,10246950,Materials,Metals & Mining
VIPV,VIPR Corp,20230,Materials,Metals & Mining
VITFF,VICTORIA GOLD CORP,314246740,Materials,Metals & Mining
VIZNF,VISIONARY METALS CORP,12782000,Materials,Metals & Mining
VKSC,"Viskase Companies, Inc.",208445820,Materials,Containers & Packaging
VLCJF,VELOCITY MINERALS LTD,19975670,Materials,Metals & Mining
VLMGF,VISCOUNT MINING CORP,11698190,Materials,Metals & Mining
VLMZF,VOLCANIC GOLD MINES INC,4696310,Materials,Metals & Mining
VLPNY,VOESTALPINE AG,5032879300,Materials,Metals & Mining
VLTLF,VOLT LITHIUM CORP,22783380,Materials,Metals & Mining
VMC,Vulcan Materials Company,28801362820,Materials,Construction Materials
VMNGF,VANSTAR MINING RESOURCES INC,15444440,Materials,Metals & Mining
VNPKF,VERDE AGRITECH LTD,118576890,Materials,Chemicals
VNTRQ,Venator Materials PLC,2763320,Materials,Chemicals
VOHO,Volcan Holdings Inc,159500,Materials,Metals & Mining
VOXR,VOX ROYALTY CORP,98670180,Materials,Metals & Mining
VPOR,Vapor Group Inc,0,Materials,Containers & Packaging
VRBFF,VANADIUMCORP RESOURCES INC,4367620,Materials,Metals & Mining
VRCFF,VICTORY BATTERY METALS CORP,2297850,Materials,Metals & Mining
VRCV,Varca Ventures Inc,1410,Materials,Metals & Mining
VRRCF,VR RESOURCES LTD,11396600,Materials,Metals & Mining
VULMF,VULCAN MINERALS INC,15590050,Materials,Metals & Mining
VVCVF,VVC EXPLORATION CORP,34360920,Materials,Metals & Mining
VVIVF,EARTHRENEW INC,6108110,Materials,Chemicals
VYST,Vystar Corp,10350,Materials,Chemicals
VZLA,VIZSLA SILVER CORP,212153880,Materials,Metals & Mining
WAMFF,WESTERN ALASKA MINERALS CORP,24540560,Materials,Metals & Mining
WARGF,KIRKLAND LAKE DISCOVERI CORP,7298380,Materials,Metals & Mining
WBNEF,WESTBOND ENTERPRISES CORP,4724010,Materials,Paper & Forest Products
WCUFF,WORLD COPPER LTD,12375690,Materials,Metals & Mining
WDOFF,WESDOME GOLD MINES LTD,898433340,Materials,Metals & Mining
WEBC,"Webco Industries, Inc.",127673000,Materials,Metals & Mining
WEGOF,WESCAN GOLDFIELDS INC,1287160,Materials,Metals & Mining
WEXPF,WESTERN EXPLORATION INC,22918920,Materials,Metals & Mining
WFG,WEST FRSER TMBR CO LTD,6158077200,Materials,Paper & Forest Products
WFSTF,WESTERN FOREST PRODUCTS INC,223432630,Materials,Paper & Forest Products
WHGOF,WHITE GOLD CORP,34957120,Materials,Metals & Mining
WHTGF,MANGAZEYA MINING LTD,0,Materials,Metals & Mining
WHYRF,WEST HIGH YIELD WHY RES LTD,17475940,Materials,Metals & Mining
WIPKF,WINPAK LTD,1922050000,Materials,Containers & Packaging
WKGFF,WESTKAM GOLD CORP,1473230,Materials,Metals & Mining
WLBMF,WALLBRIDGE MINING CO LTD,90962950,Materials,Metals & Mining
WLFFF,WOLFDEN RESOURCES CORP,14833620,Materials,Metals & Mining
WLK,Westlake Corp,16392457060,Materials,Chemicals
WLKP,Westlake Chemical Partners LP,788268360,Materials,Chemicals
WLRMF,ALORO MINING CORP,243300,Materials,Metals & Mining
WMLLF,WEALTH MINERALS LTD,77390800,Materials,Metals & Mining
WMTN,WestMountain Gold Inc,15820,Materials,Metals & Mining
WOLV,Wolverine Resources Corp,2338410,Materials,Metals & Mining
WOR,"Worthington Industries, Inc.",3731334570,Materials,Metals & Mining
WPM,Wheaton Precious Metals Corp,18997565160,Materials,Metals & Mining
WRK,Westrock Co,8258590780,Materials,Containers & Packaging
WRLGF,WEST RED LAKE GOLD MIN LTD,20902320,Materials,Metals & Mining
WRN,WESTERN COPPER AND GOLD CORP,237261490,Materials,Metals & Mining
WRRZF,WALKER RIVER RESOURCES CORP,3691110,Materials,Metals & Mining
WSRUF,WASECO RESOURCES INC,170890,Materials,Metals & Mining
WTCRF,LI3 LITHIUM CORP,2973160,Materials,Metals & Mining
WTCZF,COPPER LAKE RESOURCES LTD,5205990,Materials,Metals & Mining
WTHVF,WESTHAVEN GOLD CORP,23196690,Materials,Metals & Mining
WTRNF,WESTERN RESOURCES CORP,61302000,Materials,Chemicals
WVMDF,WEST VAULT MINING INC,42750200,Materials,Metals & Mining
X,United States Steel Corporation,6956476800,Materials,Metals & Mining
XFLS,Xfuels Inc,0,Materials,Chemicals
XMTTF,XMET INC,0,Materials,Metals & Mining
XPL,Solitario Resources Corp (USA),41641280,Materials,Metals & Mining
XRESF,ROYALTIES INC,7128760,Materials,Metals & Mining
XTGRF,XTRA-GOLD RESOURCES CORP,26177020,Materials,Metals & Mining
XTRRF,COMET LITHIUM CORP,7490000,Materials,Metals & Mining
XXMMF,XIMEN MINING CORP,6499420,Materials,Metals & Mining
YARIY,Yara International ASA (ADR),9745797630,Materials,Chemicals
YGTFF,GOLD TERRA RESOURCE CORP,14369420,Materials,Metals & Mining
YORKF,YORK HARBOUR METALS INC,6852900,Materials,Metals & Mining
YRBAF,YORBEAU RESOURCES INC  -CL A,9229190,Materials,Metals & Mining
YWRLF,DIXIE GOLD INC,1569960,Materials,Metals & Mining
ZCRMF,ZINCORE METALS INC,477320,Materials,Metals & Mining
ZCTSF,ZACATECAS SILVER CORP,16273980,Materials,Metals & Mining
ZEUS,Olympic Steel Inc,578971670,Materials,Metals & Mining
ZGSI,Zero Gravity Solutions Inc,0,Materials,Chemicals
ZIJMF,ZIJIN MINING GROUP CO LTD,9351212200,Materials,Metals & Mining
ZIJMY,ZIJIN MINING GROUP CO LTD,9510412290,Materials,Metals & Mining
ZKIN,ZK International Group Co Ltd,15684310,Materials,Metals & Mining
ZNCXF,ZINCX RESOURCES CORP,13254000,Materials,Metals & Mining
ZNXT,ZNEXT MINING CORP INC,0,Materials,Metals & Mining
ZPHYF,ZEPHYR MINERALS LTD,4684430,Materials,Metals & Mining
ZZZOF,ZINC ONE RESOURCES INC,267720,Materials,Metals & Mining
